InvoiceNo,StockCode,Description,Quantity,InvoiceDate,UnitPrice,CustomerID,Country
536532,10009,PARTY BUNTING,1,11/24/2019 18:00,2.36,,Portugal
537816,10016,VINTAGE SNAKES AND LADDERS,2,11/05/2019 01:00,11.33,16962.0,France
537592,10003,GLASS JAR CANDLE,1742,01/15/2020 07:00,1.42,15088.0,United Kingdom
537187,10002,RED WOOLLY HOTTIE MUG,2,01/21/2020 23:00,0.65,14753.0,United Kingdom
537176,10016,VINTAGE SNAKES AND LADDERS,3,02/01/2020 17:00,3.16,18073.0,United Kingdom
537974,10017,WOODEN FRAME ANTIQUE WHITE,6,02/23/2020 02:00,7.22,16646.0,EIRE
536526,10008,JUMBO BAG RED RETROSPOT,3,12/30/2019 16:00,3.53,,United Kingdom
537672,10000,WHITE HANGING HEART T-LIGHT HOLDER,5,02/08/2020 12:00,2.23,12891.0,United Kingdom
536742,10010,LUNCH BAG WOODLAND,20,01/25/2020 23:00,0.58,15497.0,United Kingdom
536541,10005,SET OF 3 CAKE TINS,3,12/04/2019 06:00,2.32,16653.0,United Kingdom
537352,10011,RECIPE BOX PANTRY DESIGN,13,02/10/2020 10:00,8.44,12558.0,United Kingdom
538194,10002,RED WOOLLY HOTTIE MUG,7,11/07/2019 09:00,0.72,,United Kingdom
537744,10016,VINTAGE SNAKES AND LADDERS,1,01/11/2020 21:00,1.93,12676.0,Germany
537792,10013,SPACEBOY LUNCH BOX,1,02/21/2020 21:00,1.67,17695.0,United Kingdom
537710,10012,ROUND SNACK BOXES SET OF 4,2,01/19/2020 02:00,1.22,16391.0,United Kingdom
537838,10010,LUNCH BAG WOODLAND,2,02/21/2020 11:00,3.15,13465.0,United Kingdom
537327,10004,VINTAGE UNION JACK BUNTING,4,11/07/2019 17:00,3.83,15443.0,United Kingdom
536605,10018,ALARM CLOCK BAKELIKE RED,7,01/03/2020 21:00,3.79,12995.0,United Kingdom
537939,10005,SET OF 3 CAKE TINS,14,02/02/2020 16:00,0.93,,Spain
537209,10007,REGENCY CAKESTAND 3 TIER,6,01/17/2020 02:00,0.47,13511.0,Belgium
537303,10018,,3,02/14/2020 16:00,3.2,15953.0,United Kingdom
537060,10000,WHITE HANGING HEART T-LIGHT HOLDER,1,12/26/2019 12:00,1.48,12812.0,Australia
536707,10002,RED WOOLLY HOTTIE MUG,4,01/21/2020 22:00,15.46,,United Kingdom
538102,10015,TRAVEL SEWING KIT,4,12/21/2019 09:00,16.19,18169.0,United Kingdom
537830,10007,REGENCY CAKESTAND 3 TIER,5,02/13/2020 16:00,18.01,14638.0,United Kingdom
537572,10011,RECIPE BOX PANTRY DESIGN,33,11/15/2019 08:00,0.96,13075.0,Belgium
537119,10011,RECIPE BOX PANTRY DESIGN,14,12/01/2019 12:00,4.35,16504.0,United Kingdom
537907,10016,VINTAGE SNAKES AND LADDERS,9,11/12/2019 14:00,5.88,,Germany
537387,10012,ROUND SNACK BOXES SET OF 4,2,01/24/2020 06:00,5.25,15847.0,United Kingdom
537196,10008,JUMBO BAG RED RETROSPOT,2,11/28/2019 22:00,1.73,,United Kingdom
537209,10010,LUNCH BAG WOODLAND,4,12/09/2019 01:00,8.84,,Belgium
536791,10014,STRAWBERRY CERAMIC TRINKET BOX,2,02/09/2020 10:00,2.46,13811.0,Switzerland
536537,10007,REGENCY CAKESTAND 3 TIER,7,12/14/2019 05:00,2.8,13753.0,United Kingdom
537404,10003,GLASS JAR CANDLE,6,11/18/2019 12:00,0.53,,Germany
538029,10009,PARTY BUNTING,1,11/03/2019 12:00,4.69,16100.0,United Kingdom
536484,10019,HAND WARMER OWL DESIGN,13,11/28/2019 05:00,1.9,16340.0,United Kingdom
537974,10002,RED WOOLLY HOTTIE MUG,4,02/18/2020 19:00,3.91,15441.0,United Kingdom
537916,10003,GLASS JAR CANDLE,1,01/05/2020 20:00,3.11,14715.0,United Kingdom
536883,10019,HAND WARMER OWL DESIGN,4,02/28/2020 10:00,2.95,12714.0,Australia
537549,10016,VINTAGE SNAKES AND LADDERS,5,11/26/2019 19:00,2.35,17309.0,United Kingdom
536674,10002,RED WOOLLY HOTTIE MUG,11,12/13/2019 04:00,5.4,,United Kingdom
537786,10004,VINTAGE UNION JACK BUNTING,3,11/20/2019 14:00,2.02,16137.0,Netherlands
537678,10013,SPACEBOY LUNCH BOX,9,12/18/2019 19:00,0.57,,United Kingdom
537029,10015,TRAVEL SEWING KIT,5,01/07/2020 14:00,4.34,14058.0,United Kingdom
536492,10014,STRAWBERRY CERAMIC TRINKET BOX,1,02/06/2020 00:00,1.1,14150.0,EIRE
538185,10017,WOODEN FRAME ANTIQUE WHITE,1,12/15/2019 04:00,0.65,15898.0,United Kingdom
537200,10010,LUNCH BAG WOODLAND,12,02/01/2020 14:00,0.88,17023.0,Germany
538039,10017,WOODEN FRAME ANTIQUE WHITE,13,01/15/2020 03:00,3.27,17493.0,United Kingdom
537636,10011,RECIPE BOX PANTRY DESIGN,6,12/06/2019 00:00,2.23,15447.0,United Kingdom
537824,10009,PARTY BUNTING,18,02/18/2020 12:00,0.29,14511.0,United Kingdom
537789,10012,ROUND SNACK BOXES SET OF 4,12,12/23/2019 03:00,1.68,14770.0,United Kingdom
536729,10008,JUMBO BAG RED RETROSPOT,8,11/19/2019 03:00,7.92,16721.0,United Kingdom
537047,10012,ROUND SNACK BOXES SET OF 4,1462,02/24/2020 13:00,1.57,,United Kingdom
537240,10016,VINTAGE SNAKES AND LADDERS,23,02/18/2020 15:00,2.08,14816.0,Belgium
537298,10019,HAND WARMER OWL DESIGN,7,11/06/2019 22:00,6.98,17017.0,EIRE
536447,10011,RECIPE BOX PANTRY DESIGN,3,02/17/2020 08:00,5.45,15572.0,United Kingdom
537389,10000,WHITE HANGING HEART T-LIGHT HOLDER,2,02/22/2020 17:00,6.83,,Belgium
536654,10012,ROUND SNACK BOXES SET OF 4,5,02/08/2020 12:00,0.25,16704.0,Spain
537758,10005,SET OF 3 CAKE TINS,1,12/01/2019 14:00,13.92,14060.0,United Kingdom
537645,10004,VINTAGE UNION JACK BUNTING,8,01/15/2020 18:00,4.65,12705.0,United Kingdom
538094,10017,WOODEN FRAME ANTIQUE WHITE,2,01/04/2020 14:00,28.83,,United Kingdom
537761,10008,JUMBO BAG RED RETROSPOT,6,01/14/2020 10:00,1.12,15048.0,United Kingdom
537052,10015,TRAVEL SEWING KIT,2,01/13/2020 23:00,0.42,,United Kingdom
538179,10007,REGENCY CAKESTAND 3 TIER,3,01/16/2020 17:00,2.48,12911.0,United Kingdom
537135,10012,ROUND SNACK BOXES SET OF 4,2,01/01/2020 16:00,1.87,17849.0,EIRE
536975,10013,SPACEBOY LUNCH BOX,3,01/22/2020 21:00,4.73,16653.0,United Kingdom
538062,10017,WOODEN FRAME ANTIQUE WHITE,27,01/03/2020 05:00,7.21,13974.0,United Kingdom
537059,10003,GLASS JAR CANDLE,16,11/02/2019 23:00,2.25,,Spain
536508,10011,RECIPE BOX PANTRY DESIGN,6,11/05/2019 05:00,1.93,15104.0,United Kingdom
537245,10008,JUMBO BAG RED RETROSPOT,4,02/24/2020 00:00,4.15,14288.0,France
537856,10009,PARTY BUNTING,9,02/18/2020 03:00,1.9,14197.0,France
536720,10016,VINTAGE SNAKES AND LADDERS,13,01/10/2020 07:00,1.75,12799.0,United Kingdom
537233,10002,RED WOOLLY HOTTIE MUG,2,11/21/2019 22:00,6.94,18137.0,Belgium
536608,10010,LUNCH BAG WOODLAND,4,02/02/2020 19:00,8.67,17846.0,Netherlands
537652,10007,REGENCY CAKESTAND 3 TIER,1,11/18/2019 04:00,7.27,17517.0,United Kingdom
537256,10017,WOODEN FRAME ANTIQUE WHITE,12,12/16/2019 06:00,2.08,14217.0,France
536984,10004,VINTAGE UNION JACK BUNTING,32,12/10/2019 14:00,0.29,18268.0,United Kingdom
536790,10004,VINTAGE UNION JACK BUNTING,4,11/02/2019 11:00,2.12,13982.0,United Kingdom
537423,10001,WOODEN PICTURE FRAME,1,02/05/2020 20:00,1.15,17244.0,United Kingdom
537620,10008,JUMBO BAG RED RETROSPOT,7,01/01/2020 04:00,2.16,,United Kingdom
538128,10000,WHITE HANGING HEART T-LIGHT HOLDER,2,12/08/2019 23:00,1.26,,United Kingdom
537184,10010,LUNCH BAG WOODLAND,2,12/31/2019 21:00,2.41,15776.0,France
536666,10004,VINTAGE UNION JACK BUNTING,8,11/01/2019 00:00,0.87,18095.0,United Kingdom
537926,10008,JUMBO BAG RED RETROSPOT,5,12/23/2019 10:00,0.68,13924.0,France
537545,10012,ROUND SNACK BOXES SET OF 4,2,01/02/2020 08:00,8.35,14914.0,Netherlands
537677,10013,SPACEBOY LUNCH BOX,2,12/11/2019 18:00,0.93,17353.0,United Kingdom
536547,10001,WOODEN PICTURE FRAME,5,02/08/2020 16:00,2.46,15151.0,United Kingdom
536950,10002,RED WOOLLY HOTTIE MUG,3,11/30/2019 23:00,6.39,16402.0,United Kingdom
537804,10006,PACK OF 72 RETRO SPOT CAKE CASES,1,11/17/2019 13:00,6.14,14831.0,United Kingdom
537925,10010,LUNCH BAG WOODLAND,3,01/03/2020 07:00,5.45,12369.0,United Kingdom
537181,10017,WOODEN FRAME ANTIQUE WHITE,6,02/15/2020 12:00,3.33,14027.0,United Kingdom
537873,10002,RED WOOLLY HOTTIE MUG,3,12/16/2019 01:00,5.07,15706.0,United Kingdom
537943,10001,WOODEN PICTURE FRAME,1,11/06/2019 14:00,9.71,12461.0,United Kingdom
537091,10012,ROUND SNACK BOXES SET OF 4,11,02/25/2020 10:00,3.76,13723.0,United Kingdom
538048,10019,HAND WARMER OWL DESIGN,1,12/24/2019 08:00,0.39,18008.0,United Kingdom
536905,10016,VINTAGE SNAKES AND LADDERS,3,11/21/2019 18:00,1.45,12437.0,United Kingdom
536814,10011,RECIPE BOX PANTRY DESIGN,2,01/13/2020 21:00,4.94,,Belgium
537644,10000,WHITE HANGING HEART T-LIGHT HOLDER,5,12/09/2019 08:00,1.31,16025.0,United Kingdom
537558,10011,RECIPE BOX PANTRY DESIGN,7,02/21/2020 13:00,12.43,15691.0,Belgium
536627,10009,PARTY BUNTING,13,12/06/2019 06:00,2.31,13563.0,United Kingdom
537926,10008,JUMBO BAG RED RETROSPOT,2,01/06/2020 00:00,2.68,12700.0,Portugal
536739,10009,PARTY BUNTING,7,01/05/2020 05:00,7.57,17690.0,United Kingdom
537874,10011,RECIPE BOX PANTRY DESIGN,5,11/30/2019 02:00,2.05,15618.0,Germany
536378,10014,STRAWBERRY CERAMIC TRINKET BOX,1,12/30/2019 22:00,2.93,,United Kingdom
537859,10003,GLASS JAR CANDLE,27,11/14/2019 02:00,6.04,,United Kingdom
537840,10001,WOODEN PICTURE FRAME,1,01/17/2020 06:00,0.56,13588.0,United Kingdom
537828,10001,WOODEN PICTURE FRAME,6,01/31/2020 00:00,1.85,,Netherlands
537611,10008,JUMBO BAG RED RETROSPOT,6,02/23/2020 00:00,5.64,18162.0,France
537249,10010,LUNCH BAG WOODLAND,5,12/10/2019 02:00,2.63,16919.0,Spain
537687,10015,TRAVEL SEWING KIT,2,12/05/2019 05:00,10.67,15592.0,Netherlands
536884,10008,JUMBO BAG RED RETROSPOT,9,01/05/2020 21:00,0.51,,Germany
537828,10010,LUNCH BAG WOODLAND,1,01/23/2020 03:00,0.45,13329.0,United Kingdom
537406,10019,HAND WARMER OWL DESIGN,4,02/28/2020 03:00,5.31,,United Kingdom
537225,10014,STRAWBERRY CERAMIC TRINKET BOX,2,11/04/2019 00:00,5.85,15418.0,EIRE
537313,10013,SPACEBOY LUNCH BOX,2,11/29/2019 14:00,2.03,,United Kingdom
537431,10007,REGENCY CAKESTAND 3 TIER,6,12/02/2019 11:00,3.67,,Netherlands
536434,10003,GLASS JAR CANDLE,12,12/01/2019 15:00,5.18,12915.0,France
536627,10018,ALARM CLOCK BAKELIKE RED,3,12/26/2019 15:00,1.09,14866.0,United Kingdom
536825,10011,RECIPE BOX PANTRY DESIGN,9,02/13/2020 18:00,1.21,,United Kingdom
536579,10001,WOODEN PICTURE FRAME,4,11/04/2019 17:00,2.97,,Portugal
537189,10009,PARTY BUNTING,2,02/06/2020 22:00,6.07,13933.0,United Kingdom
537618,10001,WOODEN PICTURE FRAME,3,01/14/2020 03:00,0.77,,United Kingdom
537592,10019,HAND WARMER OWL DESIGN,3,01/13/2020 20:00,2.02,16516.0,United Kingdom
537248,10010,LUNCH BAG WOODLAND,2,01/21/2020 10:00,1.93,14010.0,United Kingdom
537968,10015,TRAVEL SEWING KIT,6,11/14/2019 20:00,3.74,12650.0,United Kingdom
537424,10009,PARTY BUNTING,5,01/29/2020 15:00,2.44,13307.0,EIRE
536513,10000,WHITE HANGING HEART T-LIGHT HOLDER,1,11/30/2019 18:00,1.42,,Spain
537799,10012,ROUND SNACK BOXES SET OF 4,1,01/02/2020 00:00,8.57,,United Kingdom
537442,10013,SPACEBOY LUNCH BOX,6,01/21/2020 06:00,1.43,,United Kingdom
537555,10004,VINTAGE UNION JACK BUNTING,2,01/12/2020 11:00,1.84,17658.0,United Kingdom
537425,10014,STRAWBERRY CERAMIC TRINKET BOX,5,12/09/2019 18:00,0.5,13303.0,Netherlands
537402,10004,VINTAGE UNION JACK BUNTING,9,12/18/2019 13:00,1.2,16716.0,United Kingdom
536534,10013,SPACEBOY LUNCH BOX,1,12/28/2019 04:00,4.12,12882.0,United Kingdom
537413,10014,STRAWBERRY CERAMIC TRINKET BOX,1,11/05/2019 22:00,3.39,,United Kingdom
537855,10002,RED WOOLLY HOTTIE MUG,22,01/27/2020 03:00,4.48,17058.0,Spain
536934,10005,SET OF 3 CAKE TINS,6,11/12/2019 23:00,4.27,14727.0,United Kingdom
537495,10003,GLASS JAR CANDLE,3,12/26/2019 01:00,19.84,18273.0,Belgium
536422,10014,STRAWBERRY CERAMIC TRINKET BOX,2,01/18/2020 15:00,1.16,12377.0,United Kingdom
537016,10004,VINTAGE UNION JACK BUNTING,2,11/10/2019 15:00,0.49,,United Kingdom
537183,10012,ROUND SNACK BOXES SET OF 4,1,02/28/2020 12:00,0.86,14175.0,Portugal
538207,10008,JUMBO BAG RED RETROSPOT,10,12/16/2019 06:00,1.22,18200.0,United Kingdom
536767,10001,WOODEN PICTURE FRAME,2,11/02/2019 21:00,0.93,16322.0,United Kingdom
536883,10017,WOODEN FRAME ANTIQUE WHITE,12,01/19/2020 01:00,2.7,,Germany
537130,10014,STRAWBERRY CERAMIC TRINKET BOX,3,01/06/2020 22:00,8.61,14070.0,France
538226,10005,SET OF 3 CAKE TINS,1,01/16/2020 20:00,11.47,,Netherlands
537965,10017,WOODEN FRAME ANTIQUE WHITE,3,01/30/2020 03:00,4.07,17339.0,United Kingdom
536430,10014,STRAWBERRY CERAMIC TRINKET BOX,1,12/28/2019 02:00,20.93,17003.0,France
536803,10016,VINTAGE SNAKES AND LADDERS,4,02/08/2020 05:00,1.72,,United Kingdom
537905,10003,GLASS JAR CANDLE,3,12/15/2019 10:00,0.48,17823.0,United Kingdom
536474,10000,WHITE HANGING HEART T-LIGHT HOLDER,9,01/05/2020 10:00,7.05,16321.0,Netherlands
537969,10001,WOODEN PICTURE FRAME,1,11/20/2019 00:00,0.39,12736.0,Netherlands
536892,10010,LUNCH BAG WOODLAND,13,01/14/2020 09:00,1.16,,United Kingdom
538085,10015,TRAVEL SEWING KIT,9,12/02/2019 09:00,4.14,12470.0,United Kingdom
536915,10018,ALARM CLOCK BAKELIKE RED,14,01/23/2020 15:00,2.22,16402.0,United Kingdom
537179,10019,HAND WARMER OWL DESIGN,4,02/05/2020 03:00,2.03,13830.0,United Kingdom
537606,10011,RECIPE BOX PANTRY DESIGN,11,02/12/2020 02:00,0.76,,EIRE
536601,10012,ROUND SNACK BOXES SET OF 4,1,02/20/2020 12:00,2.43,16681.0,United Kingdom
537409,10005,SET OF 3 CAKE TINS,8,11/15/2019 16:00,6.71,17146.0,United Kingdom
537311,10000,WHITE HANGING HEART T-LIGHT HOLDER,2,11/17/2019 13:00,2.51,16503.0,United Kingdom
537834,10003,GLASS JAR CANDLE,1,02/20/2020 04:00,1.07,15714.0,United Kingdom
538232,10001,WOODEN PICTURE FRAME,1,12/16/2019 17:00,0.71,17477.0,United Kingdom
537610,10013,SPACEBOY LUNCH BOX,4,11/04/2019 02:00,1.09,14111.0,Switzerland
537132,10010,LUNCH BAG WOODLAND,2,12/05/2019 10:00,3.64,15485.0,United Kingdom
537126,10015,TRAVEL SEWING KIT,6,02/09/2020 09:00,3.47,14117.0,United Kingdom
537148,10002,RED WOOLLY HOTTIE MUG,1,12/13/2019 14:00,1.1,13021.0,United Kingdom
537891,10018,ALARM CLOCK BAKELIKE RED,1,11/10/2019 05:00,0.27,17546.0,United Kingdom
536967,10014,STRAWBERRY CERAMIC TRINKET BOX,16,01/26/2020 16:00,3.74,15298.0,United Kingdom
536678,10018,ALARM CLOCK BAKELIKE RED,10,11/24/2019 08:00,1.0,12666.0,United Kingdom
536991,10012,ROUND SNACK BOXES SET OF 4,1,12/13/2019 08:00,4.9,,United Kingdom
536407,10006,PACK OF 72 RETRO SPOT CAKE CASES,4,11/01/2019 11:00,1.15,17939.0,United Kingdom
536564,10012,ROUND SNACK BOXES SET OF 4,11,01/12/2020 06:00,0.92,16277.0,United Kingdom
536533,10012,ROUND SNACK BOXES SET OF 4,6,12/24/2019 10:00,2.87,,United Kingdom
537811,10003,GLASS JAR CANDLE,5,02/13/2020 01:00,25.99,17451.0,United Kingdom
537719,10002,RED WOOLLY HOTTIE MUG,12,12/11/2019 03:00,5.2,16735.0,United Kingdom
537671,10013,SPACEBOY LUNCH BOX,2,11/25/2019 13:00,2.82,14038.0,Netherlands
537231,10001,WOODEN PICTURE FRAME,4,11/20/2019 22:00,3.52,14306.0,United Kingdom
537709,10002,RED WOOLLY HOTTIE MUG,4,11/25/2019 00:00,0.43,18214.0,United Kingdom
536667,10001,WOODEN PICTURE FRAME,3,12/25/2019 03:00,0.8,18009.0,Spain
538053,10012,ROUND SNACK BOXES SET OF 4,3,11/11/2019 11:00,0.25,16364.0,United Kingdom
537304,10018,ALARM CLOCK BAKELIKE RED,4,12/19/2019 07:00,13.87,12562.0,France
538123,10009,PARTY BUNTING,4,02/11/2020 14:00,11.33,13710.0,United Kingdom
536650,10003,GLASS JAR CANDLE,1,02/01/2020 03:00,3.64,14445.0,United Kingdom
537297,10010,LUNCH BAG WOODLAND,9,01/16/2020 11:00,2.82,15529.0,EIRE
537670,10009,PARTY BUNTING,2,02/16/2020 05:00,0.52,17499.0,United Kingdom
537294,10011,RECIPE BOX PANTRY DESIGN,3,02/02/2020 15:00,1.98,,United Kingdom
537201,10008,JUMBO BAG RED RETROSPOT,3,01/18/2020 08:00,14.77,,United Kingdom
536676,10010,LUNCH BAG WOODLAND,6,02/12/2020 14:00,2.81,,United Kingdom
537079,10006,PACK OF 72 RETRO SPOT CAKE CASES,1,11/15/2019 22:00,1.4,13983.0,Germany
536812,10018,ALARM CLOCK BAKELIKE RED,10,02/07/2020 05:00,0.42,,EIRE
536930,10010,LUNCH BAG WOODLAND,2,12/06/2019 11:00,9.78,17685.0,United Kingdom
537646,10006,PACK OF 72 RETRO SPOT CAKE CASES,14,01/27/2020 23:00,2.29,,United Kingdom
537546,10000,WHITE HANGING HEART T-LIGHT HOLDER,3,02/18/2020 15:00,0.42,17280.0,EIRE
537503,10013,SPACEBOY LUNCH BOX,4,12/30/2019 13:00,0.98,16248.0,United Kingdom
537043,10007,REGENCY CAKESTAND 3 TIER,27,11/11/2019 15:00,0.69,,United Kingdom
538164,10004,VINTAGE UNION JACK BUNTING,3,12/15/2019 10:00,2.16,16416.0,Germany
536529,10009,PARTY BUNTING,14,12/19/2019 20:00,3.03,15792.0,Belgium
537007,10009,PARTY BUNTING,4,02/21/2020 10:00,1.49,12368.0,United Kingdom
536586,10016,VINTAGE SNAKES AND LADDERS,6,02/22/2020 03:00,5.35,13673.0,Switzerland
537000,10010,LUNCH BAG WOODLAND,4,01/08/2020 05:00,2.66,14413.0,Germany
538168,10014,STRAWBERRY CERAMIC TRINKET BOX,9,02/23/2020 02:00,7.12,13624.0,United Kingdom
537051,10012,ROUND SNACK BOXES SET OF 4,2,12/23/2019 08:00,1.72,15784.0,Spain
538068,10016,VINTAGE SNAKES AND LADDERS,2,12/20/2019 08:00,51.69,16002.0,United Kingdom
537293,10000,WHITE HANGING HEART T-LIGHT HOLDER,2,02/09/2020 09:00,1.4,13354.0,United Kingdom
537676,10007,REGENCY CAKESTAND 3 TIER,4,01/20/2020 02:00,1.0,13081.0,United Kingdom
537222,10014,STRAWBERRY CERAMIC TRINKET BOX,3,01/02/2020 16:00,0.88,16239.0,United Kingdom
536863,10002,RED WOOLLY HOTTIE MUG,8,12/25/2019 19:00,1.99,15136.0,United Kingdom
537797,10008,JUMBO BAG RED RETROSPOT,15,01/24/2020 16:00,0.44,,United Kingdom
538182,10008,JUMBO BAG RED RETROSPOT,2,01/30/2020 10:00,3.3,,EIRE
536859,10016,VINTAGE SNAKES AND LADDERS,2,12/29/2019 21:00,0.37,,United Kingdom
537825,10019,HAND WARMER OWL DESIGN,1,11/04/2019 18:00,2.89,17419.0,United Kingdom
536854,10002,RED WOOLLY HOTTIE MUG,31,11/13/2019 05:00,0.64,17346.0,United Kingdom
537709,10004,VINTAGE UNION JACK BUNTING,5,11/18/2019 07:00,1.68,15640.0,United Kingdom
537844,10015,TRAVEL SEWING KIT,7,12/26/2019 11:00,4.5,14421.0,United Kingdom
537207,10003,GLASS JAR CANDLE,1,01/13/2020 17:00,24.63,13623.0,Belgium
537746,10009,PARTY BUNTING,4,02/05/2020 11:00,0.84,14172.0,United Kingdom
536875,10018,ALARM CLOCK BAKELIKE RED,7,11/28/2019 21:00,2.12,,Australia
536513,10019,HAND WARMER OWL DESIGN,3,02/03/2020 10:00,1.19,12873.0,United Kingdom
536545,10018,ALARM CLOCK BAKELIKE RED,12,01/19/2020 22:00,1.03,,United Kingdom
537203,10002,RED WOOLLY HOTTIE MUG,41,11/07/2019 04:00,1.2,14155.0,United Kingdom
538057,10002,RED WOOLLY HOTTIE MUG,2,12/13/2019 03:00,5.61,13922.0,Portugal
536604,10003,GLASS JAR CANDLE,1,12/07/2019 07:00,1.51,17156.0,United Kingdom
537219,10015,TRAVEL SEWING KIT,2,02/15/2020 10:00,23.32,,United Kingdom
537685,10003,GLASS JAR CANDLE,20,02/19/2020 13:00,3.73,18236.0,United Kingdom
536744,10008,JUMBO BAG RED RETROSPOT,12,02/07/2020 08:00,0.9,13936.0,United Kingdom
537718,10016,VINTAGE SNAKES AND LADDERS,4,01/03/2020 09:00,1.7,15857.0,United Kingdom
536938,10009,PARTY BUNTING,4,12/30/2019 03:00,1.1,,United Kingdom
537881,10018,ALARM CLOCK BAKELIKE RED,2,12/08/2019 09:00,5.47,13495.0,United Kingdom
537451,10009,PARTY BUNTING,10,02/01/2020 18:00,0.48,14639.0,United Kingdom
537390,10007,REGENCY CAKESTAND 3 TIER,3,11/11/2019 08:00,0.64,12716.0,United Kingdom
536696,10019,HAND WARMER OWL DESIGN,3,12/03/2019 13:00,1.36,13325.0,United Kingdom
537233,10010,LUNCH BAG WOODLAND,7,11/17/2019 05:00,4.87,,United Kingdom
537971,10003,GLASS JAR CANDLE,3,12/30/2019 07:00,8.44,16427.0,United Kingdom
536401,10012,ROUND SNACK BOXES SET OF 4,3,12/06/2019 23:00,9.78,13952.0,United Kingdom
537787,10015,TRAVEL SEWING KIT,4,11/24/2019 16:00,4.18,15657.0,United Kingdom
537288,10016,VINTAGE SNAKES AND LADDERS,9,12/16/2019 04:00,2.26,16887.0,United Kingdom
537713,10000,WHITE HANGING HEART T-LIGHT HOLDER,21,02/12/2020 08:00,5.44,17660.0,Netherlands
537608,10002,RED WOOLLY HOTTIE MUG,7,01/06/2020 23:00,0.78,,United Kingdom
537175,10012,ROUND SNACK BOXES SET OF 4,9,02/07/2020 19:00,0.39,13777.0,United Kingdom
536943,10014,STRAWBERRY CERAMIC TRINKET BOX,3,02/18/2020 16:00,3.81,16579.0,United Kingdom
537541,10013,SPACEBOY LUNCH BOX,2,02/17/2020 07:00,0.9,,Germany
536627,10007,REGENCY CAKESTAND 3 TIER,8,12/13/2019 03:00,2.3,13172.0,Belgium
537460,10015,TRAVEL SEWING KIT,5,02/14/2020 08:00,2.77,14476.0,United Kingdom
536542,10011,RECIPE BOX PANTRY DESIGN,1,02/18/2020 03:00,3.15,14299.0,United Kingdom
537583,10018,ALARM CLOCK BAKELIKE RED,3,02/24/2020 04:00,6.28,13214.0,United Kingdom
537543,10007,REGENCY CAKESTAND 3 TIER,4,12/13/2019 03:00,5.65,12657.0,Belgium
536523,10015,TRAVEL SEWING KIT,2,11/28/2019 09:00,2.99,17967.0,United Kingdom
537785,10002,RED WOOLLY HOTTIE MUG,18,01/10/2020 03:00,1.58,,United Kingdom
537144,10014,STRAWBERRY CERAMIC TRINKET BOX,7,02/20/2020 20:00,2.74,16608.0,United Kingdom
537840,10014,STRAWBERRY CERAMIC TRINKET BOX,16,02/17/2020 02:00,1.35,12739.0,United Kingdom
536443,10005,SET OF 3 CAKE TINS,5,01/08/2020 13:00,2.02,17076.0,United Kingdom
536701,10001,WOODEN PICTURE FRAME,4,11/18/2019 21:00,33.72,14511.0,United Kingdom
537291,10019,HAND WARMER OWL DESIGN,2,12/21/2019 17:00,2.95,16790.0,Belgium
536717,10001,WOODEN PICTURE FRAME,4,01/25/2020 17:00,7963.05,15259.0,United Kingdom
536983,10009,PARTY BUNTING,4,01/07/2020 06:00,1.21,13788.0,United Kingdom
537603,10000,WHITE HANGING HEART T-LIGHT HOLDER,1,12/12/2019 11:00,6.82,13903.0,Belgium
536635,10008,JUMBO BAG RED RETROSPOT,2,12/12/2019 03:00,5.26,,United Kingdom
537635,10016,VINTAGE SNAKES AND LADDERS,3,11/08/2019 04:00,5.3,17275.0,United Kingdom
536558,10010,LUNCH BAG WOODLAND,6,12/05/2019 15:00,3.05,14897.0,EIRE
536693,10004,VINTAGE UNION JACK BUNTING,6,01/20/2020 08:00,6.92,16980.0,United Kingdom
537466,10007,REGENCY CAKESTAND 3 TIER,2,11/29/2019 23:00,8.77,17271.0,Netherlands
537852,10001,WOODEN PICTURE FRAME,6,02/28/2020 05:00,3.26,13338.0,United Kingdom
536684,10011,RECIPE BOX PANTRY DESIGN,3,11/10/2019 21:00,2.19,14309.0,United Kingdom
536927,10000,WHITE HANGING HEART T-LIGHT HOLDER,1,01/10/2020 16:00,6.02,13083.0,United Kingdom
538099,10006,PACK OF 72 RETRO SPOT CAKE CASES,2,12/30/2019 14:00,1.0,,Belgium
538220,10001,WOODEN PICTURE FRAME,12,02/09/2020 00:00,1.2,18206.0,United Kingdom
537454,10004,VINTAGE UNION JACK BUNTING,1,02/15/2020 13:00,2.33,,United Kingdom
537203,10001,WOODEN PICTURE FRAME,5,01/05/2020 05:00,0.43,15029.0,EIRE
537015,10018,ALARM CLOCK BAKELIKE RED,20,01/15/2020 15:00,5.63,13534.0,United Kingdom
537513,10015,TRAVEL SEWING KIT,2,01/23/2020 21:00,0.94,15856.0,United Kingdom
537472,10018,ALARM CLOCK BAKELIKE RED,4,01/02/2020 12:00,1.53,15570.0,France
536917,10013,SPACEBOY LUNCH BOX,1,11/23/2019 04:00,1.99,13670.0,United Kingdom
536407,10009,PARTY BUNTING,21,12/22/2019 10:00,2.56,12434.0,United Kingdom
536649,10003,GLASS JAR CANDLE,4,11/29/2019 23:00,1.74,,EIRE
538162,10019,HAND WARMER OWL DESIGN,4,12/26/2019 17:00,2.3,,France
537149,10018,ALARM CLOCK BAKELIKE RED,16,01/13/2020 20:00,2.32,,United Kingdom
537269,10008,JUMBO BAG RED RETROSPOT,8,11/26/2019 02:00,1.57,14684.0,United Kingdom
537240,10004,VINTAGE UNION JACK BUNTING,2,11/30/2019 22:00,1.14,12922.0,Belgium
537832,10007,REGENCY CAKESTAND 3 TIER,2,02/07/2020 18:00,7.25,17576.0,France
536486,10007,REGENCY CAKESTAND 3 TIER,7,12/16/2019 08:00,0.3,14803.0,United Kingdom
536520,10018,ALARM CLOCK BAKELIKE RED,2,11/24/2019 19:00,2.0,16634.0,EIRE
536882,10001,WOODEN PICTURE FRAME,1,01/25/2020 14:00,1.54,12602.0,United Kingdom
537277,10012,ROUND SNACK BOXES SET OF 4,4,01/26/2020 00:00,3.74,12560.0,United Kingdom
537623,10015,TRAVEL SEWING KIT,1,02/08/2020 04:00,0.57,,United Kingdom
537285,10015,TRAVEL SEWING KIT,20,01/31/2020 05:00,1.49,17036.0,United Kingdom
537192,10003,GLASS JAR CANDLE,5,02/28/2020 01:00,2.22,13776.0,Germany
538123,10008,JUMBO BAG RED RETROSPOT,2,01/09/2020 00:00,7.17,17046.0,United Kingdom
536666,10006,PACK OF 72 RETRO SPOT CAKE CASES,2,12/05/2019 10:00,3.43,17959.0,EIRE
537436,10008,JUMBO BAG RED RETROSPOT,1,02/12/2020 14:00,0.75,16287.0,Spain
537381,10001,WOODEN PICTURE FRAME,1,12/02/2019 18:00,1.51,18202.0,United Kingdom
537252,10001,WOODEN PICTURE FRAME,11,12/05/2019 22:00,5.97,17866.0,United Kingdom
537879,10000,WHITE HANGING HEART T-LIGHT HOLDER,38,02/08/2020 10:00,0.74,16639.0,United Kingdom
536865,10019,HAND WARMER OWL DESIGN,8,02/14/2020 19:00,2.27,17118.0,Netherlands
538153,10008,JUMBO BAG RED RETROSPOT,4,12/11/2019 17:00,2.44,15931.0,United Kingdom
536986,10004,VINTAGE UNION JACK BUNTING,3,01/27/2020 13:00,1.67,13646.0,United Kingdom
537386,10015,TRAVEL SEWING KIT,2,02/19/2020 17:00,36.44,,United Kingdom
537341,10009,PARTY BUNTING,32,02/04/2020 21:00,1.63,14612.0,United Kingdom
537958,10007,REGENCY CAKESTAND 3 TIER,3,11/01/2019 14:00,3.86,15168.0,Netherlands
537187,10002,RED WOOLLY HOTTIE MUG,34,01/19/2020 18:00,1.14,,Spain
536898,10007,REGENCY CAKESTAND 3 TIER,16,11/21/2019 09:00,4.17,12952.0,United Kingdom
536405,10012,ROUND SNACK BOXES SET OF 4,1,02/10/2020 14:00,5.88,15345.0,France
537046,10012,ROUND SNACK BOXES SET OF 4,2,11/09/2019 01:00,1.37,15308.0,United Kingdom
537914,10007,REGENCY CAKESTAND 3 TIER,2,02/28/2020 05:00,2.33,18012.0,United Kingdom
536383,10012,ROUND SNACK BOXES SET OF 4,4,11/22/2019 06:00,1.0,18015.0,United Kingdom
538045,10015,TRAVEL SEWING KIT,4,12/21/2019 10:00,0.78,16003.0,United Kingdom
537382,10018,ALARM CLOCK BAKELIKE RED,81,11/29/2019 02:00,6.94,17398.0,United Kingdom
536627,10010,LUNCH BAG WOODLAND,1,02/06/2020 16:00,1.41,14205.0,Spain
536931,10004,VINTAGE UNION JACK BUNTING,5,12/18/2019 05:00,0.25,18104.0,United Kingdom
537403,10002,RED WOOLLY HOTTIE MUG,8,01/29/2020 09:00,14.37,17939.0,France
536956,10003,GLASS JAR CANDLE,4,11/09/2019 01:00,1.1,13090.0,United Kingdom
536568,10000,WHITE HANGING HEART T-LIGHT HOLDER,5,12/25/2019 08:00,1.92,16506.0,United Kingdom
537613,10011,RECIPE BOX PANTRY DESIGN,1,02/18/2020 08:00,12.69,15065.0,United Kingdom
537625,10004,VINTAGE UNION JACK BUNTING,5,02/20/2020 06:00,2.13,13926.0,United Kingdom
536587,10004,VINTAGE UNION JACK BUNTING,7,11/26/2019 01:00,2.09,14793.0,France
536892,10014,STRAWBERRY CERAMIC TRINKET BOX,6,12/18/2019 08:00,0.72,,United Kingdom
536822,10006,PACK OF 72 RETRO SPOT CAKE CASES,7,12/20/2019 02:00,0.48,17837.0,United Kingdom
537601,10016,VINTAGE SNAKES AND LADDERS,17,01/07/2020 21:00,2.08,14390.0,United Kingdom
537734,10002,RED WOOLLY HOTTIE MUG,10,01/04/2020 12:00,3.54,,Spain
537728,10006,PACK OF 72 RETRO SPOT CAKE CASES,4,11/13/2019 17:00,3.34,15412.0,United Kingdom
538125,10001,WOODEN PICTURE FRAME,1,01/31/2020 13:00,1.52,16703.0,United Kingdom
537806,10010,LUNCH BAG WOODLAND,2,11/28/2019 02:00,2.51,15193.0,United Kingdom
536966,10002,RED WOOLLY HOTTIE MUG,3,12/08/2019 19:00,0.39,14698.0,United Kingdom
536567,10004,VINTAGE UNION JACK BUNTING,5,02/09/2020 22:00,3.9,17833.0,EIRE
537517,10014,STRAWBERRY CERAMIC TRINKET BOX,3,01/22/2020 18:00,2.89,14560.0,United Kingdom
538082,10017,WOODEN FRAME ANTIQUE WHITE,2,12/18/2019 14:00,17.7,13924.0,United Kingdom
538193,10010,LUNCH BAG WOODLAND,1,02/18/2020 12:00,2.48,14288.0,United Kingdom
536796,10019,HAND WARMER OWL DESIGN,1,12/18/2019 07:00,0.96,14326.0,France
536808,10015,TRAVEL SEWING KIT,3,01/07/2020 21:00,2.34,,United Kingdom
536435,10015,TRAVEL SEWING KIT,1,11/30/2019 12:00,1.77,16268.0,United Kingdom
536629,10019,HAND WARMER OWL DESIGN,1,11/22/2019 23:00,3.8,13144.0,France
537405,10001,WOODEN PICTURE FRAME,3,12/30/2019 00:00,2.53,17613.0,United Kingdom
537390,10004,VINTAGE UNION JACK BUNTING,1,01/07/2020 14:00,0.7,13851.0,United Kingdom
537060,10008,JUMBO BAG RED RETROSPOT,6,02/05/2020 17:00,0.48,13028.0,United Kingdom
536946,10012,ROUND SNACK BOXES SET OF 4,9,12/17/2019 22:00,3.2,16316.0,United Kingdom
537920,10019,HAND WARMER OWL DESIGN,2,02/16/2020 10:00,9.81,13592.0,United Kingdom
537227,10001,WOODEN PICTURE FRAME,3,01/12/2020 21:00,7644.49,16802.0,United Kingdom
537880,10004,VINTAGE UNION JACK BUNTING,7,11/09/2019 09:00,5.55,17978.0,United Kingdom
538171,10005,,2,01/28/2020 17:00,6.77,,EIRE
536959,10013,SPACEBOY LUNCH BOX,2,01/09/2020 00:00,3.21,16963.0,Netherlands
536745,10019,HAND WARMER OWL DESIGN,13,12/17/2019 17:00,1.09,15285.0,United Kingdom
538151,10018,ALARM CLOCK BAKELIKE RED,10,12/27/2019 02:00,2.99,,France
537555,10014,STRAWBERRY CERAMIC TRINKET BOX,7,12/07/2019 05:00,8.22,,United Kingdom
536910,10015,TRAVEL SEWING KIT,10,01/13/2020 17:00,4.18,14470.0,France
537530,10008,JUMBO BAG RED RETROSPOT,1,01/08/2020 01:00,5.2,17551.0,United Kingdom
537330,10012,ROUND SNACK BOXES SET OF 4,16,12/24/2019 16:00,1.55,15135.0,Spain
538062,10003,GLASS JAR CANDLE,6,12/05/2019 05:00,2.01,15310.0,United Kingdom
536844,10010,LUNCH BAG WOODLAND,11,12/18/2019 20:00,2.18,16349.0,France
538223,10005,SET OF 3 CAKE TINS,6,12/30/2019 18:00,2.34,13470.0,United Kingdom
538120,10018,ALARM CLOCK BAKELIKE RED,4,12/27/2019 15:00,7.91,15679.0,United Kingdom
536703,10007,REGENCY CAKESTAND 3 TIER,3,12/08/2019 03:00,0.25,,United Kingdom
536673,10007,REGENCY CAKESTAND 3 TIER,6,01/09/2020 20:00,2.54,16956.0,Germany
537364,10008,JUMBO BAG RED RETROSPOT,3,11/28/2019 04:00,2.27,13682.0,United Kingdom
536449,10018,ALARM CLOCK BAKELIKE RED,10,12/31/2019 03:00,0.62,,United Kingdom
536925,10018,ALARM CLOCK BAKELIKE RED,1,11/15/2019 14:00,4.82,,United Kingdom
537180,10008,JUMBO BAG RED RETROSPOT,2,12/27/2019 16:00,1.19,17211.0,United Kingdom
538182,10019,HAND WARMER OWL DESIGN,31,02/03/2020 02:00,1.72,13922.0,Germany
538225,10015,TRAVEL SEWING KIT,2,02/07/2020 04:00,15.62,12690.0,Germany
536649,10016,VINTAGE SNAKES AND LADDERS,3,01/23/2020 09:00,6.75,15894.0,United Kingdom
538036,10018,ALARM CLOCK BAKELIKE RED,2,01/29/2020 12:00,4.37,17579.0,Germany
536535,10006,PACK OF 72 RETRO SPOT CAKE CASES,6,11/08/2019 22:00,3.6,13679.0,United Kingdom
537768,10011,RECIPE BOX PANTRY DESIGN,2,12/11/2019 23:00,2.09,12602.0,United Kingdom
537950,10005,SET OF 3 CAKE TINS,3,01/18/2020 12:00,18.16,13178.0,Belgium
538035,10006,PACK OF 72 RETRO SPOT CAKE CASES,9,02/05/2020 02:00,5.49,13105.0,Switzerland
536783,10009,PARTY BUNTING,2,01/09/2020 23:00,1.16,13561.0,EIRE
538040,10001,WOODEN PICTURE FRAME,9,02/11/2020 11:00,0.61,13416.0,United Kingdom
536582,10004,VINTAGE UNION JACK BUNTING,9,12/03/2019 18:00,4.34,16130.0,United Kingdom
537337,10016,VINTAGE SNAKES AND LADDERS,12,11/19/2019 10:00,2.33,13671.0,Germany
537245,10003,GLASS JAR CANDLE,5,11/11/2019 08:00,0.59,15603.0,United Kingdom
536957,10012,ROUND SNACK BOXES SET OF 4,104,01/09/2020 22:00,3.78,14732.0,Switzerland
536406,10015,TRAVEL SEWING KIT,12,01/19/2020 20:00,1.88,16233.0,France
537812,10005,SET OF 3 CAKE TINS,6,12/05/2019 05:00,4.18,16240.0,United Kingdom
536994,10009,PARTY BUNTING,2,02/03/2020 01:00,3.83,15868.0,United Kingdom
537605,10017,WOODEN FRAME ANTIQUE WHITE,4,01/28/2020 17:00,1.34,17648.0,Netherlands
537134,10016,VINTAGE SNAKES AND LADDERS,17,12/14/2019 05:00,4.63,13511.0,EIRE
537065,10018,ALARM CLOCK BAKELIKE RED,22,11/29/2019 15:00,1.49,15462.0,EIRE
538026,10012,ROUND SNACK BOXES SET OF 4,18,01/29/2020 02:00,1.6,14688.0,Portugal
536542,10017,WOODEN FRAME ANTIQUE WHITE,9,01/20/2020 14:00,1.44,15509.0,Germany
537746,10007,REGENCY CAKESTAND 3 TIER,1,11/21/2019 12:00,7.62,,Belgium
537765,10012,ROUND SNACK BOXES SET OF 4,7,12/01/2019 15:00,1.86,14242.0,Switzerland
537077,10013,SPACEBOY LUNCH BOX,1,12/29/2019 08:00,9.7,,United Kingdom
536857,10019,HAND WARMER OWL DESIGN,1,01/01/2020 08:00,14.64,17102.0,United Kingdom
536374,10007,REGENCY CAKESTAND 3 TIER,5,11/20/2019 22:00,1.18,14877.0,United Kingdom
538121,10017,WOODEN FRAME ANTIQUE WHITE,7,02/22/2020 21:00,0.25,13002.0,United Kingdom
538141,10010,LUNCH BAG WOODLAND,10,12/17/2019 15:00,6.99,16198.0,United Kingdom
536816,10002,RED WOOLLY HOTTIE MUG,7,12/16/2019 18:00,1.75,14134.0,United Kingdom
536424,10013,SPACEBOY LUNCH BOX,7,11/08/2019 06:00,1.03,14303.0,EIRE
536595,10019,HAND WARMER OWL DESIGN,2,02/14/2020 03:00,1.37,12922.0,United Kingdom
536491,10009,PARTY BUNTING,4,11/29/2019 05:00,1.62,14063.0,United Kingdom
537923,10010,LUNCH BAG WOODLAND,1,02/27/2020 11:00,9.0,13618.0,United Kingdom
538037,10018,ALARM CLOCK BAKELIKE RED,1,12/30/2019 13:00,2.89,12547.0,Germany
536652,10018,ALARM CLOCK BAKELIKE RED,9,02/14/2020 00:00,8.88,,United Kingdom
537765,10008,JUMBO BAG RED RETROSPOT,2,11/22/2019 12:00,4.03,18105.0,Spain
536701,10015,TRAVEL SEWING KIT,10,11/20/2019 21:00,1.81,13094.0,United Kingdom
537053,10012,ROUND SNACK BOXES SET OF 4,12,02/05/2020 04:00,1.66,12657.0,United Kingdom
537488,10012,ROUND SNACK BOXES SET OF 4,2,02/07/2020 09:00,4.31,12943.0,France
537714,10014,STRAWBERRY CERAMIC TRINKET BOX,7,01/05/2020 04:00,5.59,15589.0,United Kingdom
538004,10006,PACK OF 72 RETRO SPOT CAKE CASES,2,11/04/2019 20:00,6.66,,Belgium
536448,10006,PACK OF 72 RETRO SPOT CAKE CASES,1,02/22/2020 06:00,1.89,14185.0,United Kingdom
536733,10000,WHITE HANGING HEART T-LIGHT HOLDER,5,12/18/2019 05:00,2.93,,Portugal
536890,10017,WOODEN FRAME ANTIQUE WHITE,3,02/21/2020 08:00,4.41,12915.0,United Kingdom
536946,10005,SET OF 3 CAKE TINS,3,02/13/2020 12:00,1.68,15958.0,United Kingdom
538236,10013,SPACEBOY LUNCH BOX,29,02/11/2020 05:00,0.79,14465.0,United Kingdom
537822,10013,SPACEBOY LUNCH BOX,1,01/22/2020 16:00,1.1,14437.0,United Kingdom
536965,10014,STRAWBERRY CERAMIC TRINKET BOX,6,01/20/2020 19:00,1.93,13763.0,Belgium
538187,10017,WOODEN FRAME ANTIQUE WHITE,1,01/03/2020 22:00,4.77,17671.0,United Kingdom
537301,10017,WOODEN FRAME ANTIQUE WHITE,10,11/03/2019 23:00,8.66,14573.0,United Kingdom
537303,10000,WHITE HANGING HEART T-LIGHT HOLDER,5,12/17/2019 13:00,0.63,16549.0,United Kingdom
537178,10016,VINTAGE SNAKES AND LADDERS,6,01/27/2020 16:00,1.35,,United Kingdom
536634,10004,VINTAGE UNION JACK BUNTING,2,02/06/2020 12:00,1.72,12699.0,United Kingdom
538116,10012,ROUND SNACK BOXES SET OF 4,2,01/07/2020 04:00,5.45,,United Kingdom
536391,10013,SPACEBOY LUNCH BOX,10,01/25/2020 04:00,1.45,17665.0,United Kingdom
536691,10001,WOODEN PICTURE FRAME,24,11/03/2019 14:00,1.6,17590.0,United Kingdom
536795,10005,SET OF 3 CAKE TINS,7,12/27/2019 05:00,0.6,,Belgium
536888,10018,ALARM CLOCK BAKELIKE RED,2,12/31/2019 22:00,3.99,13274.0,EIRE
536612,10002,RED WOOLLY HOTTIE MUG,6,02/16/2020 03:00,2.09,14117.0,United Kingdom
536398,10004,VINTAGE UNION JACK BUNTING,46,12/08/2019 08:00,1.28,17985.0,United Kingdom
537635,10001,WOODEN PICTURE FRAME,4,11/28/2019 14:00,1.9,16342.0,EIRE
538182,10003,GLASS JAR CANDLE,17,12/13/2019 07:00,7.59,,EIRE
536593,10012,ROUND SNACK BOXES SET OF 4,2,11/21/2019 10:00,0.9,16611.0,Netherlands
536921,10016,VINTAGE SNAKES AND LADDERS,4,01/07/2020 00:00,1.06,,United Kingdom
537314,10011,RECIPE BOX PANTRY DESIGN,8,01/17/2020 03:00,8.6,14147.0,Germany
538104,10005,SET OF 3 CAKE TINS,6,02/05/2020 04:00,2.65,15207.0,Germany
537666,10017,WOODEN FRAME ANTIQUE WHITE,2,02/25/2020 16:00,4.81,14435.0,United Kingdom
537801,10007,REGENCY CAKESTAND 3 TIER,2,11/09/2019 20:00,3.68,,United Kingdom
537454,10006,PACK OF 72 RETRO SPOT CAKE CASES,11,11/30/2019 16:00,2.37,13274.0,United Kingdom
537146,10010,LUNCH BAG WOODLAND,13,12/07/2019 02:00,1.74,,Germany
536739,10002,RED WOOLLY HOTTIE MUG,18,11/30/2019 23:00,5.65,15871.0,Portugal
537985,10007,REGENCY CAKESTAND 3 TIER,25,02/08/2020 07:00,7.86,14161.0,United Kingdom
537872,10015,TRAVEL SEWING KIT,5,11/17/2019 17:00,7.27,18030.0,United Kingdom
536412,10012,ROUND SNACK BOXES SET OF 4,3,11/04/2019 13:00,0.75,15188.0,United Kingdom
537706,10019,HAND WARMER OWL DESIGN,16,02/12/2020 07:00,9.07,14821.0,United Kingdom
536523,10015,TRAVEL SEWING KIT,8,02/24/2020 10:00,1.72,12471.0,United Kingdom
537750,10007,REGENCY CAKESTAND 3 TIER,2,11/28/2019 04:00,1.16,18264.0,Portugal
537913,10015,TRAVEL SEWING KIT,1,12/10/2019 22:00,2.08,17374.0,United Kingdom
536610,10017,WOODEN FRAME ANTIQUE WHITE,7,12/31/2019 09:00,5.65,,France
537178,10012,ROUND SNACK BOXES SET OF 4,3,01/03/2020 03:00,4.22,,United Kingdom
536597,10015,TRAVEL SEWING KIT,4,02/27/2020 22:00,1.91,17075.0,Germany
537428,10010,LUNCH BAG WOODLAND,12,12/19/2019 12:00,5.68,,United Kingdom
538104,10018,ALARM CLOCK BAKELIKE RED,9,11/02/2019 10:00,2.83,17859.0,United Kingdom
536516,10004,VINTAGE UNION JACK BUNTING,15,12/21/2019 17:00,1.39,,United Kingdom
537110,10008,JUMBO BAG RED RETROSPOT,1,01/06/2020 19:00,1.21,,United Kingdom
538189,10005,SET OF 3 CAKE TINS,5,01/02/2020 01:00,3.71,,United Kingdom
536929,10002,RED WOOLLY HOTTIE MUG,8,01/01/2020 11:00,2.26,12995.0,EIRE
536612,10012,ROUND SNACK BOXES SET OF 4,1,02/19/2020 18:00,0.62,15481.0,United Kingdom
537281,10002,RED WOOLLY HOTTIE MUG,2,02/05/2020 22:00,5.74,,United Kingdom
537318,10004,VINTAGE UNION JACK BUNTING,2,12/01/2019 05:00,1.52,18178.0,United Kingdom
537607,10015,TRAVEL SEWING KIT,4,12/13/2019 15:00,12.09,12854.0,United Kingdom
536953,10004,VINTAGE UNION JACK BUNTING,21,01/20/2020 03:00,0.6,16877.0,EIRE
538156,10017,WOODEN FRAME ANTIQUE WHITE,31,12/20/2019 06:00,2.05,15920.0,United Kingdom
537341,10000,WHITE HANGING HEART T-LIGHT HOLDER,2,12/22/2019 10:00,1.22,17567.0,EIRE
536902,10009,PARTY BUNTING,7,11/21/2019 03:00,0.93,18276.0,United Kingdom
538165,10001,WOODEN PICTURE FRAME,7,12/01/2019 12:00,1.51,17518.0,Spain
538099,10001,WOODEN PICTURE FRAME,6,01/28/2020 22:00,14.45,14572.0,United Kingdom
537300,10015,TRAVEL SEWING KIT,6,02/10/2020 04:00,2.84,16478.0,Netherlands
536411,10001,WOODEN PICTURE FRAME,5,02/03/2020 04:00,1.11,,Spain
537484,10017,WOODEN FRAME ANTIQUE WHITE,22,12/07/2019 22:00,0.4,15233.0,United Kingdom
537405,10011,RECIPE BOX PANTRY DESIGN,12,11/17/2019 09:00,0.44,13941.0,United Kingdom
536642,10009,PARTY BUNTING,1,11/20/2019 04:00,1.44,13832.0,United Kingdom
537553,10018,ALARM CLOCK BAKELIKE RED,9,12/18/2019 05:00,1.31,15737.0,United Kingdom
537941,10007,REGENCY CAKESTAND 3 TIER,10,01/02/2020 03:00,1.97,,United Kingdom
536563,10007,REGENCY CAKESTAND 3 TIER,6,02/16/2020 04:00,0.25,,Switzerland
537721,10008,JUMBO BAG RED RETROSPOT,13,02/16/2020 21:00,2.24,,United Kingdom
536628,10013,SPACEBOY LUNCH BOX,5,11/01/2019 07:00,6.87,,Switzerland
537769,10016,VINTAGE SNAKES AND LADDERS,5,01/24/2020 22:00,12.46,,Germany
537150,10010,LUNCH BAG WOODLAND,5,12/06/2019 20:00,0.37,,United Kingdom
536377,10005,SET OF 3 CAKE TINS,1,11/24/2019 17:00,1.1,,Germany
538176,10017,WOODEN FRAME ANTIQUE WHITE,4,01/06/2020 15:00,1.05,12868.0,Belgium
536676,10011,RECIPE BOX PANTRY DESIGN,2,11/05/2019 01:00,2.85,15685.0,EIRE
537482,10016,VINTAGE SNAKES AND LADDERS,1,12/11/2019 02:00,0.73,16047.0,United Kingdom
536705,10008,JUMBO BAG RED RETROSPOT,17,01/06/2020 06:00,13.23,16406.0,United Kingdom
538114,10003,GLASS JAR CANDLE,7,12/03/2019 15:00,2.57,14875.0,United Kingdom
537749,10018,ALARM CLOCK BAKELIKE RED,4,01/11/2020 05:00,2.17,12909.0,Spain
537873,10013,SPACEBOY LUNCH BOX,2,12/26/2019 05:00,12.09,13101.0,United Kingdom
537175,10006,PACK OF 72 RETRO SPOT CAKE CASES,5,02/04/2020 23:00,2.42,,France
537241,10016,VINTAGE SNAKES AND LADDERS,11,11/22/2019 18:00,3.67,16114.0,United Kingdom
537554,10000,WHITE HANGING HEART T-LIGHT HOLDER,2,11/07/2019 20:00,1.16,16736.0,Belgium
537836,10018,ALARM CLOCK BAKELIKE RED,4,01/03/2020 13:00,0.62,16344.0,France
537953,10011,RECIPE BOX PANTRY DESIGN,10,12/01/2019 20:00,1.34,14200.0,United Kingdom
536398,10011,RECIPE BOX PANTRY DESIGN,1,01/24/2020 19:00,21.91,14960.0,EIRE
537609,10000,WHITE HANGING HEART T-LIGHT HOLDER,4,11/12/2019 04:00,4.63,,United Kingdom
536569,10003,,3,01/09/2020 01:00,3.24,17086.0,United Kingdom
536904,10014,STRAWBERRY CERAMIC TRINKET BOX,4,02/27/2020 19:00,0.93,14445.0,United Kingdom
537920,10011,RECIPE BOX PANTRY DESIGN,2,11/12/2019 04:00,6.12,15371.0,United Kingdom
536834,10002,RED WOOLLY HOTTIE MUG,5,12/07/2019 05:00,0.63,15017.0,United Kingdom
537859,10013,SPACEBOY LUNCH BOX,28,02/10/2020 08:00,0.51,14043.0,Australia
537233,10014,STRAWBERRY CERAMIC TRINKET BOX,3,01/04/2020 01:00,1.41,13345.0,United Kingdom
536801,10005,SET OF 3 CAKE TINS,5,11/22/2019 00:00,17.37,18011.0,United Kingdom
536991,10013,SPACEBOY LUNCH BOX,30,11/26/2019 14:00,16.41,13055.0,United Kingdom
537360,10019,HAND WARMER OWL DESIGN,2,01/31/2020 19:00,1.57,17954.0,United Kingdom
537799,10009,PARTY BUNTING,25,02/12/2020 08:00,1.25,,United Kingdom
537501,10004,VINTAGE UNION JACK BUNTING,4,12/14/2019 06:00,0.48,12914.0,United Kingdom
538114,10019,HAND WARMER OWL DESIGN,24,12/27/2019 21:00,2.66,,United Kingdom
537992,10018,ALARM CLOCK BAKELIKE RED,9,02/02/2020 23:00,2.89,17966.0,United Kingdom
537777,10009,PARTY BUNTING,6,11/22/2019 05:00,5.42,17664.0,Germany
537495,10008,JUMBO BAG RED RETROSPOT,4,11/25/2019 18:00,6.11,16953.0,United Kingdom
536908,10016,VINTAGE SNAKES AND LADDERS,2,02/01/2020 23:00,2.02,15272.0,France
537138,10000,WHITE HANGING HEART T-LIGHT HOLDER,4,11/23/2019 09:00,4.29,12979.0,United Kingdom
536587,10006,PACK OF 72 RETRO SPOT CAKE CASES,10,02/01/2020 12:00,1.22,15860.0,United Kingdom
537066,10010,LUNCH BAG WOODLAND,4,12/30/2019 15:00,4.21,15431.0,United Kingdom
538102,10013,SPACEBOY LUNCH BOX,3,02/27/2020 20:00,1.48,16716.0,United Kingdom
537163,10012,ROUND SNACK BOXES SET OF 4,3,11/04/2019 22:00,3.89,12553.0,United Kingdom
536578,10007,REGENCY CAKESTAND 3 TIER,11,02/22/2020 13:00,3.59,12805.0,Netherlands
537587,10017,WOODEN FRAME ANTIQUE WHITE,14,11/28/2019 01:00,2.63,15844.0,United Kingdom
538169,10012,ROUND SNACK BOXES SET OF 4,2,11/05/2019 05:00,5.44,17426.0,United Kingdom
537991,10010,LUNCH BAG WOODLAND,2,01/26/2020 21:00,0.51,17890.0,United Kingdom
536878,10018,ALARM CLOCK BAKELIKE RED,6,01/03/2020 22:00,0.85,15725.0,United Kingdom
537216,10001,WOODEN PICTURE FRAME,19,02/09/2020 12:00,1.88,14533.0,United Kingdom
537360,10014,STRAWBERRY CERAMIC TRINKET BOX,13,11/14/2019 00:00,0.58,,United Kingdom
536829,10018,ALARM CLOCK BAKELIKE RED,1,11/10/2019 16:00,1.64,15367.0,United Kingdom
536868,10013,SPACEBOY LUNCH BOX,3,01/08/2020 02:00,1.69,16024.0,United Kingdom
536808,10011,RECIPE BOX PANTRY DESIGN,2,02/14/2020 21:00,9.11,13697.0,Spain
538229,10007,REGENCY CAKESTAND 3 TIER,3,12/19/2019 17:00,2.84,14655.0,Germany
537763,10005,SET OF 3 CAKE TINS,20,02/04/2020 17:00,6.89,15559.0,France
537941,10010,LUNCH BAG WOODLAND,1,02/17/2020 18:00,3.33,17400.0,United Kingdom
537896,10017,WOODEN FRAME ANTIQUE WHITE,1,02/13/2020 09:00,1.44,17114.0,United Kingdom
538163,10009,PARTY BUNTING,2,01/01/2020 01:00,7075.68,,EIRE
536562,10002,RED WOOLLY HOTTIE MUG,5,01/23/2020 20:00,5.1,13624.0,United Kingdom
538018,10009,PARTY BUNTING,8,01/03/2020 02:00,8.11,14761.0,United Kingdom
536489,10001,WOODEN PICTURE FRAME,6,01/20/2020 22:00,2.15,15634.0,United Kingdom
537256,10018,ALARM CLOCK BAKELIKE RED,13,01/08/2020 01:00,0.47,18095.0,United Kingdom
537479,10010,LUNCH BAG WOODLAND,1,01/03/2020 00:00,0.44,14452.0,United Kingdom
537035,10004,VINTAGE UNION JACK BUNTING,13,12/23/2019 10:00,1.77,17801.0,United Kingdom
536639,10012,ROUND SNACK BOXES SET OF 4,3,01/18/2020 08:00,0.25,16789.0,United Kingdom
536725,10010,LUNCH BAG WOODLAND,8,01/30/2020 03:00,14.81,16111.0,United Kingdom
537911,10010,LUNCH BAG WOODLAND,1,02/19/2020 07:00,4.47,16516.0,Australia
536962,10011,RECIPE BOX PANTRY DESIGN,4,01/13/2020 14:00,1.3,17057.0,Australia
536946,10018,ALARM CLOCK BAKELIKE RED,5,11/13/2019 01:00,0.81,16497.0,United Kingdom
538096,10017,WOODEN FRAME ANTIQUE WHITE,13,01/10/2020 12:00,6.88,,United Kingdom
536634,10005,SET OF 3 CAKE TINS,1,12/08/2019 21:00,0.81,,United Kingdom
538081,10004,VINTAGE UNION JACK BUNTING,4,11/04/2019 05:00,0.89,,EIRE
538091,10019,HAND WARMER OWL DESIGN,1,11/09/2019 16:00,1.14,15906.0,United Kingdom
537487,10012,ROUND SNACK BOXES SET OF 4,7,01/10/2020 23:00,2.76,17357.0,United Kingdom
536675,10000,WHITE HANGING HEART T-LIGHT HOLDER,9,02/22/2020 09:00,4.58,16214.0,United Kingdom
536657,10010,LUNCH BAG WOODLAND,15,12/31/2019 16:00,8.11,18214.0,Belgium
536898,10002,RED WOOLLY HOTTIE MUG,2,12/24/2019 10:00,6.99,16390.0,United Kingdom
537447,10000,WHITE HANGING HEART T-LIGHT HOLDER,10,11/11/2019 15:00,2.46,14767.0,United Kingdom
536653,10003,GLASS JAR CANDLE,16,01/21/2020 01:00,6.82,15763.0,United Kingdom
537219,10005,SET OF 3 CAKE TINS,1,11/07/2019 15:00,1.26,16049.0,United Kingdom
536581,10001,WOODEN PICTURE FRAME,7,02/09/2020 23:00,0.4,,United Kingdom
537378,10016,VINTAGE SNAKES AND LADDERS,11,02/07/2020 00:00,1.26,13866.0,United Kingdom
536404,10008,JUMBO BAG RED RETROSPOT,3,02/27/2020 23:00,1.1,13824.0,Germany
537694,10011,RECIPE BOX PANTRY DESIGN,1,12/05/2019 03:00,1.31,13545.0,United Kingdom
536468,10017,WOODEN FRAME ANTIQUE WHITE,10,11/20/2019 10:00,0.94,,United Kingdom
536730,10016,VINTAGE SNAKES AND LADDERS,1,12/06/2019 22:00,1.55,16356.0,United Kingdom
536692,10016,VINTAGE SNAKES AND LADDERS,3,02/04/2020 23:00,4.57,18064.0,United Kingdom
537923,10003,GLASS JAR CANDLE,4,11/27/2019 06:00,13.67,15992.0,United Kingdom
536465,10014,STRAWBERRY CERAMIC TRINKET BOX,8,02/15/2020 12:00,0.44,12706.0,Portugal
537169,10019,HAND WARMER OWL DESIGN,2,11/19/2019 12:00,0.68,,United Kingdom
537473,10000,WHITE HANGING HEART T-LIGHT HOLDER,2,11/06/2019 20:00,1.11,17710.0,EIRE
537332,10017,WOODEN FRAME ANTIQUE WHITE,4,11/27/2019 07:00,5.29,12653.0,United Kingdom
537641,10017,WOODEN FRAME ANTIQUE WHITE,11,01/30/2020 12:00,2.0,15983.0,United Kingdom
537870,10016,VINTAGE SNAKES AND LADDERS,40,01/12/2020 07:00,1.19,,United Kingdom
537103,10007,REGENCY CAKESTAND 3 TIER,1,12/13/2019 13:00,5.04,17804.0,Australia
537917,10003,GLASS JAR CANDLE,6,01/18/2020 18:00,6.4,15394.0,United Kingdom
536961,10014,STRAWBERRY CERAMIC TRINKET BOX,1,01/17/2020 20:00,2.41,,EIRE
538210,10012,ROUND SNACK BOXES SET OF 4,11,01/06/2020 14:00,1.09,16636.0,France
537310,10014,STRAWBERRY CERAMIC TRINKET BOX,2,01/01/2020 16:00,3.22,17223.0,United Kingdom
537745,10005,SET OF 3 CAKE TINS,2,11/13/2019 04:00,1.95,15408.0,Belgium
538005,10003,GLASS JAR CANDLE,2,12/02/2019 04:00,1.93,16631.0,United Kingdom
537851,10018,ALARM CLOCK BAKELIKE RED,4,01/03/2020 08:00,1.47,17130.0,United Kingdom
537960,10010,LUNCH BAG WOODLAND,6,11/17/2019 05:00,6.2,,United Kingdom
537370,10017,WOODEN FRAME ANTIQUE WHITE,7,12/28/2019 02:00,3.16,16600.0,United Kingdom
536446,10018,ALARM CLOCK BAKELIKE RED,4,11/15/2019 00:00,6.93,14504.0,United Kingdom
537289,10009,PARTY BUNTING,1,02/03/2020 12:00,9.36,14455.0,United Kingdom
536705,10005,SET OF 3 CAKE TINS,8,11/13/2019 09:00,3.89,12362.0,Belgium
538032,10017,WOODEN FRAME ANTIQUE WHITE,4,11/12/2019 02:00,1.48,16322.0,United Kingdom
536808,10014,STRAWBERRY CERAMIC TRINKET BOX,13,01/16/2020 13:00,6.96,13836.0,United Kingdom
536792,10013,SPACEBOY LUNCH BOX,2,11/27/2019 11:00,3.92,17181.0,EIRE
536832,10019,HAND WARMER OWL DESIGN,1,12/13/2019 04:00,33.23,18000.0,United Kingdom
537569,10004,VINTAGE UNION JACK BUNTING,4,12/08/2019 17:00,3.35,17549.0,United Kingdom
537436,10007,REGENCY CAKESTAND 3 TIER,15,11/27/2019 00:00,4.94,,United Kingdom
538144,10000,WHITE HANGING HEART T-LIGHT HOLDER,5,01/31/2020 10:00,3.29,16218.0,France
537145,10007,REGENCY CAKESTAND 3 TIER,3,01/23/2020 01:00,2.23,16812.0,France
536894,10008,JUMBO BAG RED RETROSPOT,2,11/29/2019 15:00,1.9,15352.0,France
536457,10009,PARTY BUNTING,24,01/22/2020 10:00,3.3,,United Kingdom
536378,10003,GLASS JAR CANDLE,1,01/25/2020 15:00,4.14,14947.0,United Kingdom
537065,10016,VINTAGE SNAKES AND LADDERS,2,01/04/2020 17:00,7.8,14178.0,United Kingdom
538100,10009,PARTY BUNTING,7,01/09/2020 10:00,3.35,15751.0,EIRE
537347,10008,JUMBO BAG RED RETROSPOT,1,02/21/2020 05:00,1.55,18234.0,United Kingdom
538040,10017,WOODEN FRAME ANTIQUE WHITE,15,12/25/2019 11:00,1.77,,United Kingdom
536555,10009,PARTY BUNTING,8,12/17/2019 06:00,0.66,12625.0,United Kingdom
536539,10017,WOODEN FRAME ANTIQUE WHITE,10,01/04/2020 16:00,12.95,,France
537927,10004,VINTAGE UNION JACK BUNTING,7,02/09/2020 08:00,1.43,15804.0,United Kingdom
536565,10017,WOODEN FRAME ANTIQUE WHITE,3,01/25/2020 04:00,6.47,13949.0,France
536462,10019,HAND WARMER OWL DESIGN,1,11/10/2019 00:00,3.24,15087.0,United Kingdom
537122,10015,TRAVEL SEWING KIT,4,12/26/2019 03:00,3.33,17993.0,United Kingdom
538099,10017,WOODEN FRAME ANTIQUE WHITE,2,01/28/2020 19:00,2.19,12800.0,United Kingdom
537657,10014,STRAWBERRY CERAMIC TRINKET BOX,7,11/27/2019 21:00,1.12,,Germany
536550,10012,ROUND SNACK BOXES SET OF 4,9,02/27/2020 15:00,0.93,13617.0,United Kingdom
537934,10015,TRAVEL SEWING KIT,18,02/06/2020 00:00,13.85,15061.0,United Kingdom
537946,10019,HAND WARMER OWL DESIGN,6,02/10/2020 15:00,2.76,16470.0,United Kingdom
537866,10012,ROUND SNACK BOXES SET OF 4,10,11/10/2019 19:00,7.58,13434.0,Germany
538057,10013,SPACEBOY LUNCH BOX,3,01/09/2020 14:00,9.82,12989.0,United Kingdom
536814,10001,WOODEN PICTURE FRAME,3,01/03/2020 08:00,1.63,12855.0,United Kingdom
538201,10019,HAND WARMER OWL DESIGN,7,01/15/2020 05:00,3.76,,United Kingdom
536966,10015,TRAVEL SEWING KIT,3,02/11/2020 01:00,2.57,12521.0,Netherlands
537868,10003,GLASS JAR CANDLE,5,12/13/2019 09:00,0.77,,United Kingdom
537451,10005,SET OF 3 CAKE TINS,1,01/04/2020 02:00,2.04,,United Kingdom
537826,10004,VINTAGE UNION JACK BUNTING,2,01/21/2020 13:00,4.43,,United Kingdom
537542,10006,PACK OF 72 RETRO SPOT CAKE CASES,8,01/30/2020 09:00,1.49,15628.0,Spain
537569,10017,WOODEN FRAME ANTIQUE WHITE,10,02/01/2020 11:00,1.78,,United Kingdom
537520,10009,PARTY BUNTING,2,12/11/2019 10:00,2.07,15405.0,Portugal
537825,10008,JUMBO BAG RED RETROSPOT,8,02/28/2020 19:00,20.32,13160.0,United Kingdom
537750,10015,TRAVEL SEWING KIT,2,11/02/2019 03:00,0.39,16313.0,Germany
536617,10007,REGENCY CAKESTAND 3 TIER,4,12/30/2019 02:00,4.06,17084.0,United Kingdom
537913,10017,WOODEN FRAME ANTIQUE WHITE,17,01/13/2020 01:00,1.91,12364.0,United Kingdom
537370,10015,TRAVEL SEWING KIT,9,11/08/2019 08:00,1.3,,United Kingdom
536970,10005,SET OF 3 CAKE TINS,9,12/25/2019 03:00,1.86,16192.0,United Kingdom
537329,10012,ROUND SNACK BOXES SET OF 4,27,01/11/2020 12:00,4.79,12362.0,United Kingdom
538178,10009,PARTY BUNTING,2,01/12/2020 22:00,5.08,,United Kingdom
537972,10006,PACK OF 72 RETRO SPOT CAKE CASES,2,11/15/2019 06:00,2.96,15571.0,United Kingdom
537928,10018,ALARM CLOCK BAKELIKE RED,2,12/04/2019 07:00,7.34,14165.0,United Kingdom
537232,10007,REGENCY CAKESTAND 3 TIER,3,11/30/2019 09:00,8.75,15214.0,Australia
537835,10002,RED WOOLLY HOTTIE MUG,1,01/16/2020 19:00,5.56,,France
537087,10008,JUMBO BAG RED RETROSPOT,3,12/10/2019 11:00,1.42,16166.0,United Kingdom
537651,10010,LUNCH BAG WOODLAND,2,01/08/2020 14:00,4.03,16960.0,France
537564,10002,RED WOOLLY HOTTIE MUG,9,01/27/2020 18:00,4.05,12553.0,United Kingdom
536833,10014,STRAWBERRY CERAMIC TRINKET BOX,6,02/04/2020 16:00,1.09,17023.0,United Kingdom
536864,10004,VINTAGE UNION JACK BUNTING,2,11/23/2019 01:00,0.51,12556.0,Netherlands
536479,10001,WOODEN PICTURE FRAME,7,02/17/2020 11:00,0.33,16207.0,United Kingdom
536627,10010,LUNCH BAG WOODLAND,8,11/20/2019 21:00,2.64,,United Kingdom
537178,10003,GLASS JAR CANDLE,2,11/03/2019 15:00,3.31,12724.0,United Kingdom
537261,10015,TRAVEL SEWING KIT,2,11/06/2019 09:00,0.75,16436.0,France
536674,10001,WOODEN PICTURE FRAME,1,11/25/2019 03:00,7.0,15628.0,Germany
537146,10008,JUMBO BAG RED RETROSPOT,1,02/13/2020 19:00,2.86,16306.0,United Kingdom
537497,10001,WOODEN PICTURE FRAME,2,11/25/2019 22:00,9.48,14579.0,United Kingdom
536801,10007,REGENCY CAKESTAND 3 TIER,4,01/23/2020 05:00,3.56,13999.0,United Kingdom
536999,10018,ALARM CLOCK BAKELIKE RED,2,12/21/2019 05:00,0.85,,United Kingdom
537054,10013,SPACEBOY LUNCH BOX,2,11/05/2019 19:00,3.89,13629.0,Belgium
537311,10010,LUNCH BAG WOODLAND,1,12/24/2019 07:00,4.81,17170.0,Netherlands
537051,10003,GLASS JAR CANDLE,5,11/04/2019 09:00,1.42,16404.0,United Kingdom
537746,10006,PACK OF 72 RETRO SPOT CAKE CASES,6,12/28/2019 03:00,0.58,,Australia
536979,10007,REGENCY CAKESTAND 3 TIER,6,01/07/2020 01:00,2.72,12507.0,Netherlands
537178,10011,RECIPE BOX PANTRY DESIGN,4,01/02/2020 14:00,0.9,15825.0,Netherlands
537076,10004,VINTAGE UNION JACK BUNTING,1,12/04/2019 21:00,7.55,15653.0,United Kingdom
536707,10019,HAND WARMER OWL DESIGN,2,02/01/2020 00:00,1.64,,United Kingdom
537650,10013,SPACEBOY LUNCH BOX,3,01/11/2020 15:00,13.8,14865.0,United Kingdom
536806,10006,PACK OF 72 RETRO SPOT CAKE CASES,3,12/01/2019 14:00,0.29,17909.0,Spain
536921,10002,RED WOOLLY HOTTIE MUG,4,12/23/2019 04:00,2.81,13766.0,United Kingdom
537851,10011,RECIPE BOX PANTRY DESIGN,17,11/14/2019 00:00,10.27,17420.0,Portugal
538144,10008,JUMBO BAG RED RETROSPOT,9,02/19/2020 20:00,1.01,15437.0,United Kingdom
537622,10013,SPACEBOY LUNCH BOX,2,01/30/2020 09:00,2.1,17953.0,EIRE
538083,10011,RECIPE BOX PANTRY DESIGN,8,12/05/2019 13:00,1.64,13636.0,United Kingdom
537966,10012,ROUND SNACK BOXES SET OF 4,8,01/21/2020 00:00,1.24,13891.0,EIRE
537266,10016,VINTAGE SNAKES AND LADDERS,2,01/21/2020 12:00,3.14,15698.0,Belgium
537809,10010,LUNCH BAG WOODLAND,9,01/13/2020 04:00,0.67,15624.0,Germany
536980,10014,STRAWBERRY CERAMIC TRINKET BOX,3,11/07/2019 11:00,2.2,13231.0,United Kingdom
537228,10007,REGENCY CAKESTAND 3 TIER,1,02/14/2020 11:00,4.12,16215.0,United Kingdom
537368,10018,ALARM CLOCK BAKELIKE RED,6,02/23/2020 17:00,1.98,14756.0,Spain
538165,10008,JUMBO BAG RED RETROSPOT,5,02/25/2020 22:00,0.9,13244.0,United Kingdom
537956,10013,SPACEBOY LUNCH BOX,3,02/26/2020 17:00,6.89,,United Kingdom
537282,10019,HAND WARMER OWL DESIGN,4,02/20/2020 11:00,5.11,16491.0,United Kingdom
537588,10006,PACK OF 72 RETRO SPOT CAKE CASES,2,01/28/2020 17:00,0.87,12534.0,United Kingdom
536744,10002,RED WOOLLY HOTTIE MUG,7,11/07/2019 19:00,0.67,17813.0,United Kingdom
537873,10004,VINTAGE UNION JACK BUNTING,5576,12/26/2019 20:00,0.95,,United Kingdom
537401,10004,VINTAGE UNION JACK BUNTING,5,11/30/2019 10:00,4.24,13893.0,United Kingdom
537363,10001,WOODEN PICTURE FRAME,6,11/27/2019 09:00,3.24,16803.0,United Kingdom
537801,10010,LUNCH BAG WOODLAND,1,02/08/2020 17:00,5.42,17357.0,United Kingdom
537551,10005,SET OF 3 CAKE TINS,2,02/06/2020 12:00,1.78,18026.0,United Kingdom
536500,10001,WOODEN PICTURE FRAME,1,01/02/2020 16:00,0.98,17041.0,United Kingdom
536905,10002,RED WOOLLY HOTTIE MUG,7,01/28/2020 09:00,6.16,13552.0,Belgium
536696,10005,SET OF 3 CAKE TINS,1,11/16/2019 12:00,1.41,13318.0,Netherlands
537742,10007,REGENCY CAKESTAND 3 TIER,5,11/27/2019 15:00,2.96,13585.0,Spain
536430,10019,HAND WARMER OWL DESIGN,6,02/12/2020 07:00,0.52,17547.0,United Kingdom
536744,10014,STRAWBERRY CERAMIC TRINKET BOX,7,12/25/2019 03:00,1.39,,United Kingdom
537485,10014,STRAWBERRY CERAMIC TRINKET BOX,1,01/05/2020 14:00,6.75,14308.0,France
537667,10013,SPACEBOY LUNCH BOX,4,12/26/2019 13:00,1.2,17638.0,United Kingdom
537308,10016,VINTAGE SNAKES AND LADDERS,22,11/25/2019 06:00,5.55,13559.0,United Kingdom
537978,10006,PACK OF 72 RETRO SPOT CAKE CASES,23,02/08/2020 04:00,0.25,14763.0,United Kingdom
538088,10001,WOODEN PICTURE FRAME,11,01/31/2020 00:00,1.41,14106.0,United Kingdom
536612,10010,LUNCH BAG WOODLAND,6,01/22/2020 02:00,2.07,14138.0,United Kingdom
538150,10000,WHITE HANGING HEART T-LIGHT HOLDER,1,12/13/2019 09:00,14.05,15884.0,United Kingdom
537516,10004,VINTAGE UNION JACK BUNTING,8,01/17/2020 04:00,0.76,16749.0,United Kingdom
537557,10015,TRAVEL SEWING KIT,3,02/23/2020 10:00,4.81,13921.0,United Kingdom
536543,10010,LUNCH BAG WOODLAND,7,01/18/2020 00:00,7.08,,United Kingdom
537531,10013,SPACEBOY LUNCH BOX,2,12/30/2019 07:00,1.2,16144.0,United Kingdom
537725,10010,LUNCH BAG WOODLAND,3,12/03/2019 11:00,1.69,15606.0,United Kingdom
537453,10010,LUNCH BAG WOODLAND,5,01/02/2020 18:00,2.83,16261.0,Portugal
536523,10006,PACK OF 72 RETRO SPOT CAKE CASES,5,12/15/2019 14:00,0.56,15020.0,United Kingdom
537346,10004,VINTAGE UNION JACK BUNTING,7,01/13/2020 09:00,1.56,16960.0,Portugal
538119,10005,SET OF 3 CAKE TINS,2,11/06/2019 11:00,8.81,16058.0,Portugal
537721,10015,TRAVEL SEWING KIT,1,11/23/2019 19:00,4.15,16846.0,Germany
536622,10019,HAND WARMER OWL DESIGN,21,02/03/2020 11:00,2.1,16689.0,Germany
538164,10001,WOODEN PICTURE FRAME,49,12/16/2019 16:00,2.75,15297.0,United Kingdom
538162,10010,LUNCH BAG WOODLAND,6,12/22/2019 23:00,4.4,14276.0,Belgium
536682,10009,PARTY BUNTING,1,01/05/2020 06:00,5.32,15804.0,United Kingdom
537866,10011,RECIPE BOX PANTRY DESIGN,2,12/23/2019 14:00,1.41,16126.0,United Kingdom
537127,10004,VINTAGE UNION JACK BUNTING,7,01/31/2020 01:00,11.41,,United Kingdom
537478,10000,WHITE HANGING HEART T-LIGHT HOLDER,16,11/30/2019 10:00,9.17,15461.0,United Kingdom
537199,10004,VINTAGE UNION JACK BUNTING,1,01/31/2020 01:00,4.84,14383.0,United Kingdom
537832,10003,GLASS JAR CANDLE,4,11/26/2019 03:00,1.06,,United Kingdom
538233,10001,WOODEN PICTURE FRAME,5,12/15/2019 11:00,0.89,14886.0,United Kingdom
537855,10007,REGENCY CAKESTAND 3 TIER,10,01/10/2020 13:00,1.77,,Netherlands
538111,10013,SPACEBOY LUNCH BOX,3,02/15/2020 08:00,2.61,16603.0,United Kingdom
538138,10019,HAND WARMER OWL DESIGN,1,11/28/2019 21:00,0.42,16829.0,United Kingdom
536533,10013,SPACEBOY LUNCH BOX,8,01/10/2020 12:00,4.03,16723.0,Germany
536840,10003,GLASS JAR CANDLE,12,11/08/2019 16:00,8.91,17821.0,United Kingdom
537718,10007,REGENCY CAKESTAND 3 TIER,4,11/10/2019 01:00,4.38,,United Kingdom
537471,10006,PACK OF 72 RETRO SPOT CAKE CASES,6,02/01/2020 03:00,1.25,,United Kingdom
536459,10004,VINTAGE UNION JACK BUNTING,3,01/26/2020 07:00,1.11,12759.0,United Kingdom
536543,10019,HAND WARMER OWL DESIGN,2,12/16/2019 04:00,3.32,,United Kingdom
537341,10013,SPACEBOY LUNCH BOX,11,01/14/2020 18:00,2.11,12520.0,EIRE
537520,10009,PARTY BUNTING,6,12/16/2019 15:00,3.83,14903.0,United Kingdom
536679,10008,JUMBO BAG RED RETROSPOT,7,12/04/2019 06:00,4.49,13182.0,France
536686,10006,PACK OF 72 RETRO SPOT CAKE CASES,18,12/22/2019 18:00,7.33,14644.0,United Kingdom
536607,10008,JUMBO BAG RED RETROSPOT,1,12/08/2019 10:00,0.79,13145.0,United Kingdom
537424,10012,ROUND SNACK BOXES SET OF 4,2,02/06/2020 20:00,3.07,12558.0,EIRE
536379,10018,ALARM CLOCK BAKELIKE RED,5,12/20/2019 10:00,1.71,,United Kingdom
537438,10009,PARTY BUNTING,2,12/09/2019 12:00,2.23,14785.0,Australia
537257,10003,GLASS JAR CANDLE,9,01/04/2020 08:00,5.84,14823.0,United Kingdom
537238,10019,HAND WARMER OWL DESIGN,3,01/30/2020 23:00,6.51,,United Kingdom
537638,10006,PACK OF 72 RETRO SPOT CAKE CASES,2,12/03/2019 20:00,9.96,14777.0,United Kingdom
537344,10001,WOODEN PICTURE FRAME,4,02/21/2020 18:00,3.76,12369.0,United Kingdom
537729,10010,LUNCH BAG WOODLAND,5,12/26/2019 15:00,2.2,15186.0,EIRE
537797,10015,TRAVEL SEWING KIT,10,01/19/2020 07:00,1.91,,France
538090,10005,SET OF 3 CAKE TINS,6,02/23/2020 21:00,0.43,13174.0,United Kingdom
537863,10005,SET OF 3 CAKE TINS,6,12/22/2019 19:00,9.39,,United Kingdom
537335,10005,SET OF 3 CAKE TINS,6,11/24/2019 23:00,1.78,16980.0,United Kingdom
537287,10016,VINTAGE SNAKES AND LADDERS,3,01/29/2020 18:00,4.08,15322.0,France
536806,10019,HAND WARMER OWL DESIGN,2,11/01/2019 19:00,4.85,13874.0,United Kingdom
537489,10016,VINTAGE SNAKES AND LADDERS,5,12/25/2019 23:00,0.71,17007.0,Germany
536625,10004,,3,02/26/2020 15:00,0.98,,United Kingdom
538111,10016,VINTAGE SNAKES AND LADDERS,22,12/20/2019 17:00,11.55,15937.0,United Kingdom
537949,10006,PACK OF 72 RETRO SPOT CAKE CASES,16,01/22/2020 02:00,3.29,,United Kingdom
536589,10017,WOODEN FRAME ANTIQUE WHITE,8,01/03/2020 01:00,1.38,13352.0,United Kingdom
537838,10019,HAND WARMER OWL DESIGN,6,11/26/2019 18:00,2.17,16831.0,Germany
536584,10014,STRAWBERRY CERAMIC TRINKET BOX,4,12/09/2019 03:00,7.29,16018.0,United Kingdom
537717,10019,HAND WARMER OWL DESIGN,1,01/02/2020 20:00,6.26,,United Kingdom
536529,10002,RED WOOLLY HOTTIE MUG,3,11/13/2019 12:00,0.57,16846.0,United Kingdom
537280,10013,SPACEBOY LUNCH BOX,4,12/20/2019 19:00,12.61,16032.0,United Kingdom
537598,10001,WOODEN PICTURE FRAME,5,12/20/2019 19:00,7729.68,17424.0,Belgium
537731,10013,SPACEBOY LUNCH BOX,6,02/09/2020 05:00,2.11,,Germany
537149,10006,PACK OF 72 RETRO SPOT CAKE CASES,10,11/15/2019 20:00,0.75,14239.0,United Kingdom
538093,10019,HAND WARMER OWL DESIGN,2,02/10/2020 03:00,7.06,,EIRE
537816,10009,PARTY BUNTING,2,12/20/2019 06:00,3.96,12547.0,United Kingdom
536755,10015,TRAVEL SEWING KIT,17,01/18/2020 04:00,0.57,14331.0,United Kingdom
537623,10006,PACK OF 72 RETRO SPOT CAKE CASES,9,01/06/2020 20:00,1.95,15957.0,United Kingdom
537734,10001,WOODEN PICTURE FRAME,3,12/06/2019 23:00,56.05,15522.0,Portugal
536990,10014,STRAWBERRY CERAMIC TRINKET BOX,4,02/20/2020 17:00,2.5,,France
537749,10004,VINTAGE UNION JACK BUNTING,4,11/27/2019 22:00,1.17,,United Kingdom
538049,10014,STRAWBERRY CERAMIC TRINKET BOX,4,11/05/2019 08:00,0.9,16985.0,United Kingdom
537897,10009,PARTY BUNTING,7,01/30/2020 01:00,14.47,17550.0,Netherlands
537794,10019,HAND WARMER OWL DESIGN,51,01/14/2020 14:00,5.74,16385.0,United Kingdom
537554,10007,REGENCY CAKESTAND 3 TIER,5,02/15/2020 21:00,10.05,15496.0,Belgium
536872,10008,JUMBO BAG RED RETROSPOT,8,12/25/2019 22:00,3.15,16939.0,United Kingdom
537856,10014,STRAWBERRY CERAMIC TRINKET BOX,1,11/03/2019 00:00,8.62,13772.0,France
537047,10015,TRAVEL SEWING KIT,2,11/03/2019 10:00,1.05,,United Kingdom
537362,10002,RED WOOLLY HOTTIE MUG,14,12/23/2019 00:00,2.89,13088.0,United Kingdom
536954,10014,STRAWBERRY CERAMIC TRINKET BOX,6,11/30/2019 22:00,3.28,,United Kingdom
536951,10009,PARTY BUNTING,1,02/19/2020 16:00,9.8,14372.0,United Kingdom
536660,10019,HAND WARMER OWL DESIGN,8,11/15/2019 05:00,3.38,17718.0,United Kingdom
538167,10012,ROUND SNACK BOXES SET OF 4,28,02/14/2020 17:00,1.32,13800.0,Portugal
536642,10015,TRAVEL SEWING KIT,1,11/27/2019 00:00,2.62,,United Kingdom
536526,10006,PACK OF 72 RETRO SPOT CAKE CASES,19,11/15/2019 07:00,0.46,13274.0,United Kingdom
538120,10005,SET OF 3 CAKE TINS,1,12/03/2019 23:00,0.25,13425.0,Belgium
537405,10015,TRAVEL SEWING KIT,10,11/18/2019 07:00,5.65,14819.0,Netherlands
537186,10000,WHITE HANGING HEART T-LIGHT HOLDER,4,12/19/2019 04:00,1.69,17094.0,EIRE
537747,10011,RECIPE BOX PANTRY DESIGN,1,12/10/2019 16:00,1.89,,Portugal
537083,10019,HAND WARMER OWL DESIGN,6,01/03/2020 12:00,5.65,16467.0,Australia
536604,10019,HAND WARMER OWL DESIGN,13,01/04/2020 11:00,9.94,15739.0,Netherlands
537733,10014,STRAWBERRY CERAMIC TRINKET BOX,6,11/01/2019 02:00,4.2,18155.0,Switzerland
536694,10009,PARTY BUNTING,7,11/15/2019 23:00,16.91,,Germany
537401,10016,VINTAGE SNAKES AND LADDERS,3,11/20/2019 10:00,4.07,13792.0,United Kingdom
538144,10000,WHITE HANGING HEART T-LIGHT HOLDER,1,11/24/2019 09:00,3.33,17708.0,United Kingdom
538120,10015,TRAVEL SEWING KIT,8,11/12/2019 05:00,3.13,14325.0,United Kingdom
537041,10003,GLASS JAR CANDLE,23,12/08/2019 18:00,0.68,13621.0,United Kingdom
537828,10014,STRAWBERRY CERAMIC TRINKET BOX,13,01/05/2020 23:00,6.4,,United Kingdom
537513,10006,PACK OF 72 RETRO SPOT CAKE CASES,1,12/08/2019 01:00,0.25,17174.0,United Kingdom
537263,10015,TRAVEL SEWING KIT,1,12/10/2019 12:00,1.37,,United Kingdom
536627,10012,ROUND SNACK BOXES SET OF 4,2,12/27/2019 08:00,2.52,17431.0,United Kingdom
537070,10018,ALARM CLOCK BAKELIKE RED,1,01/05/2020 19:00,1.12,16107.0,Australia
537587,10015,TRAVEL SEWING KIT,4,12/10/2019 17:00,1.57,14002.0,Spain
538214,10018,ALARM CLOCK BAKELIKE RED,6,11/27/2019 15:00,15.48,15527.0,United Kingdom
536374,10003,,1,12/20/2019 03:00,7.42,13763.0,United Kingdom
537710,10007,REGENCY CAKESTAND 3 TIER,9,11/03/2019 21:00,1.24,13348.0,United Kingdom
537951,10008,JUMBO BAG RED RETROSPOT,7,12/30/2019 03:00,1.54,13132.0,United Kingdom
538148,10000,WHITE HANGING HEART T-LIGHT HOLDER,2,02/22/2020 00:00,0.69,13326.0,United Kingdom
537159,10000,WHITE HANGING HEART T-LIGHT HOLDER,3,12/18/2019 18:00,4.98,15808.0,United Kingdom
536587,10000,WHITE HANGING HEART T-LIGHT HOLDER,1,11/14/2019 00:00,1.92,17159.0,Netherlands
536873,10015,TRAVEL SEWING KIT,3,01/24/2020 21:00,0.34,,Netherlands
537959,10008,JUMBO BAG RED RETROSPOT,4,11/16/2019 05:00,2.72,12437.0,United Kingdom
538011,10015,TRAVEL SEWING KIT,5,11/24/2019 05:00,3.82,14893.0,United Kingdom
537559,10016,VINTAGE SNAKES AND LADDERS,6,11/18/2019 14:00,6.44,16782.0,United Kingdom
536595,10000,WHITE HANGING HEART T-LIGHT HOLDER,5,02/15/2020 01:00,2.29,17308.0,Netherlands
536593,10016,VINTAGE SNAKES AND LADDERS,3,02/26/2020 19:00,1.69,,United Kingdom
537261,10004,VINTAGE UNION JACK BUNTING,5,01/08/2020 09:00,17.93,14540.0,Spain
537467,10008,JUMBO BAG RED RETROSPOT,11,01/14/2020 03:00,2.48,,United Kingdom
536425,10019,HAND WARMER OWL DESIGN,4,01/17/2020 11:00,5.05,12752.0,United Kingdom
537651,10006,PACK OF 72 RETRO SPOT CAKE CASES,6,01/13/2020 06:00,1.43,14778.0,Germany
537385,10018,ALARM CLOCK BAKELIKE RED,3,01/05/2020 07:00,4.9,15535.0,United Kingdom
536388,10010,LUNCH BAG WOODLAND,2,02/27/2020 10:00,0.57,12514.0,United Kingdom
536544,10000,WHITE HANGING HEART T-LIGHT HOLDER,7,01/28/2020 00:00,1.55,12431.0,Switzerland
537216,10016,VINTAGE SNAKES AND LADDERS,2,11/11/2019 14:00,0.73,17109.0,France
537719,10000,WHITE HANGING HEART T-LIGHT HOLDER,6,12/18/2019 01:00,1.34,13654.0,United Kingdom
537912,10012,ROUND SNACK BOXES SET OF 4,4,02/25/2020 23:00,8.59,13092.0,United Kingdom
537173,10009,PARTY BUNTING,3,12/19/2019 10:00,1.33,15863.0,EIRE
536918,10002,RED WOOLLY HOTTIE MUG,3,11/25/2019 11:00,5.04,14014.0,United Kingdom
538180,10010,LUNCH BAG WOODLAND,2,02/13/2020 06:00,11.22,18164.0,United Kingdom
537224,10007,REGENCY CAKESTAND 3 TIER,1,01/14/2020 19:00,2.39,,Switzerland
536956,10001,WOODEN PICTURE FRAME,6,01/07/2020 12:00,6.64,,United Kingdom
537194,10011,RECIPE BOX PANTRY DESIGN,5,12/21/2019 10:00,4.18,,United Kingdom
536387,10000,WHITE HANGING HEART T-LIGHT HOLDER,9,11/15/2019 22:00,2.76,17546.0,United Kingdom
536931,10010,LUNCH BAG WOODLAND,2,12/17/2019 02:00,5.21,13861.0,United Kingdom
537331,10004,VINTAGE UNION JACK BUNTING,27,12/23/2019 12:00,15.49,13769.0,Spain
538087,10016,VINTAGE SNAKES AND LADDERS,3,02/20/2020 18:00,1.3,18128.0,United Kingdom
537749,10019,HAND WARMER OWL DESIGN,2,12/07/2019 21:00,0.94,16351.0,Spain
537829,10018,ALARM CLOCK BAKELIKE RED,2,11/18/2019 21:00,0.89,,Belgium
537386,10018,ALARM CLOCK BAKELIKE RED,1,12/22/2019 07:00,6.65,17613.0,Spain
536572,10002,RED WOOLLY HOTTIE MUG,19,02/28/2020 16:00,7.61,13300.0,United Kingdom
537097,10010,LUNCH BAG WOODLAND,16,12/28/2019 21:00,1.44,16393.0,United Kingdom
538234,10004,VINTAGE UNION JACK BUNTING,7,12/16/2019 12:00,0.29,14950.0,United Kingdom
536447,10001,WOODEN PICTURE FRAME,2,01/20/2020 01:00,1.25,12449.0,United Kingdom
538013,10007,REGENCY CAKESTAND 3 TIER,25,01/17/2020 21:00,4.25,17025.0,Spain
537648,10008,JUMBO BAG RED RETROSPOT,3,12/06/2019 22:00,2.3,16425.0,United Kingdom
536897,10005,SET OF 3 CAKE TINS,3,02/25/2020 04:00,2.95,17599.0,United Kingdom
537823,10002,RED WOOLLY HOTTIE MUG,17,01/11/2020 04:00,1.46,15980.0,United Kingdom
537934,10008,JUMBO BAG RED RETROSPOT,8,11/07/2019 21:00,6.78,16835.0,United Kingdom
536446,10003,GLASS JAR CANDLE,37,12/19/2019 22:00,3.47,17728.0,France
536564,10000,WHITE HANGING HEART T-LIGHT HOLDER,5,02/19/2020 18:00,4.42,,United Kingdom
537613,10009,PARTY BUNTING,3,12/18/2019 05:00,2.88,15676.0,United Kingdom
538238,10001,WOODEN PICTURE FRAME,2,01/08/2020 03:00,4.16,12446.0,United Kingdom
536409,10019,HAND WARMER OWL DESIGN,1,01/13/2020 12:00,3.89,14400.0,France
537613,10016,VINTAGE SNAKES AND LADDERS,3,01/24/2020 13:00,0.97,16026.0,Belgium
536620,10018,ALARM CLOCK BAKELIKE RED,13,02/13/2020 17:00,3.57,12997.0,United Kingdom
537583,10002,RED WOOLLY HOTTIE MUG,7,11/18/2019 21:00,5.43,13037.0,United Kingdom
537533,10009,PARTY BUNTING,4,01/02/2020 00:00,7.81,14691.0,United Kingdom
536534,10016,VINTAGE SNAKES AND LADDERS,1,01/04/2020 00:00,3.73,17754.0,Belgium
537641,10011,RECIPE BOX PANTRY DESIGN,5,11/19/2019 07:00,0.94,,Spain
538046,10006,PACK OF 72 RETRO SPOT CAKE CASES,11,01/20/2020 20:00,1.09,17902.0,Portugal
537983,10016,VINTAGE SNAKES AND LADDERS,6,11/15/2019 04:00,1.59,17116.0,Spain
536419,10006,PACK OF 72 RETRO SPOT CAKE CASES,5,12/25/2019 18:00,2.97,14146.0,United Kingdom
536826,10019,HAND WARMER OWL DESIGN,2,12/10/2019 15:00,2.18,13718.0,Switzerland
536816,10002,RED WOOLLY HOTTIE MUG,10,11/19/2019 14:00,0.8,17263.0,United Kingdom
537214,10014,STRAWBERRY CERAMIC TRINKET BOX,1,02/07/2020 17:00,0.79,16837.0,United Kingdom
536633,10000,WHITE HANGING HEART T-LIGHT HOLDER,6,11/30/2019 07:00,0.3,,United Kingdom
537966,10018,ALARM CLOCK BAKELIKE RED,53,12/01/2019 15:00,0.25,18156.0,United Kingdom
537821,10007,REGENCY CAKESTAND 3 TIER,1,02/11/2020 13:00,2.16,12943.0,EIRE
537880,10000,WHITE HANGING HEART T-LIGHT HOLDER,3,02/14/2020 07:00,25.03,14637.0,United Kingdom
536736,10016,VINTAGE SNAKES AND LADDERS,4,11/05/2019 03:00,14.83,,United Kingdom
536392,10019,HAND WARMER OWL DESIGN,3,12/04/2019 08:00,0.92,,EIRE
538072,10018,ALARM CLOCK BAKELIKE RED,11,01/25/2020 02:00,2.86,18144.0,United Kingdom
536906,10009,PARTY BUNTING,7,02/02/2020 09:00,0.57,15743.0,United Kingdom
537595,10001,WOODEN PICTURE FRAME,5,02/28/2020 23:00,0.66,14176.0,Belgium
538070,10004,VINTAGE UNION JACK BUNTING,9,01/06/2020 13:00,0.74,13766.0,United Kingdom
536432,10000,WHITE HANGING HEART T-LIGHT HOLDER,4,11/01/2019 21:00,1.96,12352.0,United Kingdom
536375,10000,WHITE HANGING HEART T-LIGHT HOLDER,98,02/13/2020 20:00,2.05,15866.0,United Kingdom
536375,10003,GLASS JAR CANDLE,5,11/20/2019 07:00,3.17,18149.0,Spain
536658,10011,RECIPE BOX PANTRY DESIGN,5,11/15/2019 12:00,4.77,12561.0,United Kingdom
536461,10015,TRAVEL SEWING KIT,1,01/20/2020 22:00,1.76,14805.0,United Kingdom
537902,10011,RECIPE BOX PANTRY DESIGN,2,01/12/2020 11:00,2.55,,United Kingdom
537501,10004,VINTAGE UNION JACK BUNTING,13,11/08/2019 04:00,0.82,14906.0,United Kingdom
538202,10012,ROUND SNACK BOXES SET OF 4,1,11/21/2019 07:00,0.64,16213.0,United Kingdom
537867,10004,VINTAGE UNION JACK BUNTING,1,01/10/2020 19:00,0.55,16579.0,United Kingdom
538170,10009,PARTY BUNTING,4,12/01/2019 15:00,4.71,18082.0,France
536812,10017,WOODEN FRAME ANTIQUE WHITE,16,01/22/2020 02:00,1.75,15936.0,France
536904,10002,RED WOOLLY HOTTIE MUG,4,12/20/2019 10:00,0.38,16563.0,United Kingdom
537957,10017,WOODEN FRAME ANTIQUE WHITE,3,01/10/2020 14:00,2.31,14140.0,United Kingdom
536824,10005,SET OF 3 CAKE TINS,1,12/28/2019 00:00,0.71,,United Kingdom
536472,10013,SPACEBOY LUNCH BOX,6,12/14/2019 20:00,12.94,12939.0,United Kingdom
537619,10005,SET OF 3 CAKE TINS,8,12/12/2019 02:00,1.38,12995.0,Portugal
537866,10003,GLASS JAR CANDLE,1,01/23/2020 16:00,4.86,,France
538180,10009,PARTY BUNTING,13,01/01/2020 17:00,7.31,12587.0,Netherlands
538104,10007,REGENCY CAKESTAND 3 TIER,9,01/11/2020 08:00,0.95,15217.0,Australia
536590,10010,LUNCH BAG WOODLAND,13,01/09/2020 07:00,2.65,15990.0,United Kingdom
537812,10004,VINTAGE UNION JACK BUNTING,7,11/25/2019 22:00,4.28,,United Kingdom
537951,10019,HAND WARMER OWL DESIGN,8,02/18/2020 15:00,2.76,12738.0,United Kingdom
537673,10013,SPACEBOY LUNCH BOX,7,01/07/2020 14:00,3.53,17458.0,United Kingdom
537902,10016,VINTAGE SNAKES AND LADDERS,10,01/26/2020 04:00,0.65,14944.0,Spain
537936,10015,TRAVEL SEWING KIT,1,02/14/2020 20:00,4.28,,United Kingdom
537202,10014,STRAWBERRY CERAMIC TRINKET BOX,1,02/20/2020 00:00,1.51,13134.0,United Kingdom
536440,10002,RED WOOLLY HOTTIE MUG,2,01/20/2020 01:00,3.49,,United Kingdom
537220,10011,RECIPE BOX PANTRY DESIGN,4,02/03/2020 11:00,6.17,17949.0,United Kingdom
536743,10017,WOODEN FRAME ANTIQUE WHITE,6,12/27/2019 15:00,4.8,16812.0,United Kingdom
536578,10001,WOODEN PICTURE FRAME,6,01/28/2020 13:00,3.49,14326.0,United Kingdom
536599,10009,PARTY BUNTING,12,12/09/2019 14:00,4.67,17971.0,United Kingdom
537672,10003,GLASS JAR CANDLE,13,01/25/2020 10:00,4.9,13984.0,Netherlands
537310,10015,TRAVEL SEWING KIT,2,11/11/2019 07:00,10.97,13733.0,United Kingdom
537377,10018,ALARM CLOCK BAKELIKE RED,5,02/18/2020 18:00,2.38,,United Kingdom
537762,10001,WOODEN PICTURE FRAME,2,11/30/2019 08:00,2.9,14261.0,United Kingdom
537393,10016,VINTAGE SNAKES AND LADDERS,3,01/18/2020 19:00,6.25,15435.0,France
537546,10007,REGENCY CAKESTAND 3 TIER,6,11/02/2019 08:00,1.51,16275.0,United Kingdom
536526,10019,HAND WARMER OWL DESIGN,1,11/19/2019 16:00,0.65,13332.0,United Kingdom
537960,10000,WHITE HANGING HEART T-LIGHT HOLDER,45,02/27/2020 10:00,4.03,17846.0,Portugal
537206,10003,GLASS JAR CANDLE,7,02/09/2020 00:00,2.0,13334.0,United Kingdom
536656,10014,STRAWBERRY CERAMIC TRINKET BOX,2,11/27/2019 16:00,0.74,18243.0,United Kingdom
537889,10015,TRAVEL SEWING KIT,28,11/16/2019 16:00,4.06,13993.0,United Kingdom
537742,10001,WOODEN PICTURE FRAME,3,02/06/2020 19:00,10.29,14821.0,France
536464,10003,GLASS JAR CANDLE,5,02/27/2020 20:00,0.48,,EIRE
536726,10006,PACK OF 72 RETRO SPOT CAKE CASES,2,11/21/2019 05:00,6.84,15549.0,United Kingdom
536394,10000,WHITE HANGING HEART T-LIGHT HOLDER,21,01/19/2020 16:00,0.25,12350.0,United Kingdom
536872,10015,TRAVEL SEWING KIT,4,12/05/2019 01:00,1.65,13359.0,EIRE
536552,10013,SPACEBOY LUNCH BOX,5,01/29/2020 08:00,15.49,15431.0,EIRE
537696,10014,STRAWBERRY CERAMIC TRINKET BOX,14,12/21/2019 05:00,1.77,16468.0,EIRE
537344,10009,PARTY BUNTING,7,11/16/2019 01:00,2.69,,United Kingdom
538202,10012,ROUND SNACK BOXES SET OF 4,4,12/09/2019 22:00,5.27,17320.0,United Kingdom
537770,10011,RECIPE BOX PANTRY DESIGN,12,01/04/2020 15:00,0.44,,United Kingdom
537511,10013,SPACEBOY LUNCH BOX,51,02/04/2020 20:00,2.64,17090.0,United Kingdom
537319,10009,PARTY BUNTING,6,11/03/2019 12:00,2.62,16959.0,United Kingdom
536467,10013,SPACEBOY LUNCH BOX,5,02/23/2020 23:00,15.84,14400.0,United Kingdom
536496,10012,ROUND SNACK BOXES SET OF 4,5,01/17/2020 23:00,0.71,17722.0,United Kingdom
537520,10012,ROUND SNACK BOXES SET OF 4,15,02/14/2020 01:00,1.68,18068.0,United Kingdom
536373,10017,WOODEN FRAME ANTIQUE WHITE,2,02/20/2020 15:00,0.97,15397.0,United Kingdom
536444,10006,PACK OF 72 RETRO SPOT CAKE CASES,3,11/19/2019 10:00,0.87,13060.0,France
536775,10017,WOODEN FRAME ANTIQUE WHITE,1,11/12/2019 06:00,7.59,,United Kingdom
538022,10000,WHITE HANGING HEART T-LIGHT HOLDER,1,02/02/2020 05:00,2.53,15280.0,United Kingdom
537225,10009,PARTY BUNTING,2,11/23/2019 13:00,1.41,16117.0,United Kingdom
537695,10008,JUMBO BAG RED RETROSPOT,4,11/18/2019 18:00,1.47,15640.0,United Kingdom
537136,10017,WOODEN FRAME ANTIQUE WHITE,24,12/27/2019 05:00,1.4,17670.0,United Kingdom
536689,10000,WHITE HANGING HEART T-LIGHT HOLDER,7,02/18/2020 15:00,1.53,15533.0,Australia
537060,10004,VINTAGE UNION JACK BUNTING,2,02/04/2020 12:00,0.69,16273.0,United Kingdom
536536,10009,PARTY BUNTING,2,01/02/2020 04:00,1.9,,United Kingdom
537809,10016,VINTAGE SNAKES AND LADDERS,16,11/24/2019 13:00,1.72,17662.0,Portugal
536709,10009,PARTY BUNTING,13,12/11/2019 09:00,1.15,15967.0,United Kingdom
537070,10012,ROUND SNACK BOXES SET OF 4,4,01/22/2020 15:00,1887.99,15658.0,Netherlands
538202,10003,GLASS JAR CANDLE,3,11/19/2019 20:00,3.13,12804.0,United Kingdom
537474,10018,ALARM CLOCK BAKELIKE RED,12,01/02/2020 22:00,1.41,,United Kingdom
537224,10015,TRAVEL SEWING KIT,2,11/02/2019 10:00,2.13,13414.0,Australia
537383,10000,WHITE HANGING HEART T-LIGHT HOLDER,6,12/10/2019 00:00,21.3,14536.0,United Kingdom
537835,10014,STRAWBERRY CERAMIC TRINKET BOX,39,11/30/2019 18:00,20.5,15508.0,United Kingdom
536842,10002,RED WOOLLY HOTTIE MUG,5,01/21/2020 18:00,0.86,12836.0,United Kingdom
537558,10011,RECIPE BOX PANTRY DESIGN,2,02/18/2020 17:00,0.99,16472.0,United Kingdom
538001,10014,STRAWBERRY CERAMIC TRINKET BOX,6,11/18/2019 14:00,0.85,14012.0,United Kingdom
537438,10018,ALARM CLOCK BAKELIKE RED,3,02/04/2020 16:00,7.08,15400.0,United Kingdom
537202,10001,WOODEN PICTURE FRAME,1,01/18/2020 17:00,1.65,14426.0,Switzerland
536637,10005,SET OF 3 CAKE TINS,8,02/25/2020 09:00,3.13,,Germany
536830,10013,SPACEBOY LUNCH BOX,12,02/18/2020 10:00,18.12,14685.0,Switzerland
538138,10005,SET OF 3 CAKE TINS,3,11/13/2019 02:00,2.43,12649.0,United Kingdom
537379,10014,STRAWBERRY CERAMIC TRINKET BOX,3,01/29/2020 05:00,4.98,13506.0,United Kingdom
536930,10003,GLASS JAR CANDLE,2,01/11/2020 02:00,4.14,17014.0,Portugal
537149,10003,GLASS JAR CANDLE,3,11/14/2019 13:00,1.37,13070.0,United Kingdom
537448,10010,LUNCH BAG WOODLAND,2,12/01/2019 20:00,7.09,15299.0,United Kingdom
537372,10013,SPACEBOY LUNCH BOX,1,02/20/2020 06:00,1.05,13177.0,United Kingdom
537677,10004,VINTAGE UNION JACK BUNTING,27,01/05/2020 04:00,9.39,15546.0,United Kingdom
536847,10017,WOODEN FRAME ANTIQUE WHITE,6,12/11/2019 15:00,1.37,16170.0,EIRE
537582,10017,WOODEN FRAME ANTIQUE WHITE,7,12/09/2019 11:00,1.53,15132.0,United Kingdom
537195,10001,WOODEN PICTURE FRAME,10,02/09/2020 13:00,0.83,16929.0,United Kingdom
538128,10006,PACK OF 72 RETRO SPOT CAKE CASES,9,12/05/2019 00:00,0.98,,United Kingdom
536661,10011,RECIPE BOX PANTRY DESIGN,3,11/20/2019 01:00,1.61,15660.0,United Kingdom
536643,10009,PARTY BUNTING,5,01/08/2020 21:00,0.25,13987.0,Netherlands
537230,10005,SET OF 3 CAKE TINS,3,02/28/2020 03:00,1.95,15369.0,United Kingdom
537318,10010,LUNCH BAG WOODLAND,6,11/23/2019 00:00,1.48,12723.0,United Kingdom
537660,10019,HAND WARMER OWL DESIGN,6,12/01/2019 15:00,5.42,13944.0,United Kingdom
537122,10006,PACK OF 72 RETRO SPOT CAKE CASES,3,12/27/2019 07:00,3.75,16549.0,United Kingdom
538078,10004,VINTAGE UNION JACK BUNTING,1,11/24/2019 23:00,1.21,16968.0,United Kingdom
537254,10014,STRAWBERRY CERAMIC TRINKET BOX,5,01/18/2020 02:00,1.55,13961.0,United Kingdom
536607,10011,RECIPE BOX PANTRY DESIGN,3,12/01/2019 10:00,1.95,,United Kingdom
536588,10013,SPACEBOY LUNCH BOX,1,11/16/2019 09:00,10.87,14119.0,United Kingdom
538190,10012,ROUND SNACK BOXES SET OF 4,7,12/02/2019 08:00,1.08,14004.0,United Kingdom
536616,10015,TRAVEL SEWING KIT,11,02/20/2020 17:00,1.2,,Netherlands
538142,10014,STRAWBERRY CERAMIC TRINKET BOX,51,02/21/2020 05:00,0.8,16214.0,United Kingdom
536886,10012,ROUND SNACK BOXES SET OF 4,3,12/31/2019 16:00,0.56,14638.0,United Kingdom
536540,10009,PARTY BUNTING,2,12/19/2019 01:00,3.34,15090.0,Germany
536936,10009,PARTY BUNTING,1,02/07/2020 09:00,3.01,15380.0,Netherlands
537517,10005,SET OF 3 CAKE TINS,5,11/24/2019 07:00,8.87,,Switzerland
537167,10008,JUMBO BAG RED RETROSPOT,5,01/18/2020 11:00,6.97,14642.0,United Kingdom
537837,10012,ROUND SNACK BOXES SET OF 4,2,01/21/2020 15:00,27.03,18135.0,United Kingdom
537510,10014,STRAWBERRY CERAMIC TRINKET BOX,3,01/25/2020 05:00,2.28,14070.0,Portugal
537116,10015,TRAVEL SEWING KIT,1,11/27/2019 03:00,1.9,,United Kingdom
537554,10007,REGENCY CAKESTAND 3 TIER,10,01/25/2020 23:00,0.67,12380.0,EIRE
538186,10014,STRAWBERRY CERAMIC TRINKET BOX,2,01/13/2020 11:00,4.94,15266.0,United Kingdom
537137,10008,JUMBO BAG RED RETROSPOT,4,02/14/2020 01:00,2.77,,United Kingdom
536652,10007,REGENCY CAKESTAND 3 TIER,1,11/21/2019 22:00,4.72,18270.0,United Kingdom
537131,10003,GLASS JAR CANDLE,2,01/13/2020 15:00,0.79,,United Kingdom
537940,10005,SET OF 3 CAKE TINS,3,02/08/2020 14:00,3.5,13174.0,Netherlands
536773,10013,SPACEBOY LUNCH BOX,4,12/04/2019 09:00,3.02,16622.0,France
538144,10004,VINTAGE UNION JACK BUNTING,7,01/29/2020 06:00,2.83,16151.0,United Kingdom
537468,10001,WOODEN PICTURE FRAME,17,11/12/2019 22:00,1.24,18041.0,United Kingdom
537492,10005,SET OF 3 CAKE TINS,8,01/26/2020 04:00,8.08,15347.0,United Kingdom
536959,10019,HAND WARMER OWL DESIGN,11,01/12/2020 18:00,19.11,12362.0,United Kingdom
538090,10002,RED WOOLLY HOTTIE MUG,17,11/24/2019 02:00,0.81,17697.0,Germany
536432,10002,RED WOOLLY HOTTIE MUG,7,11/08/2019 23:00,5.06,16356.0,France
536925,10008,JUMBO BAG RED RETROSPOT,4,01/29/2020 11:00,0.25,17099.0,United Kingdom
537149,10007,REGENCY CAKESTAND 3 TIER,11,11/29/2019 23:00,4.8,13050.0,Netherlands
537259,10018,ALARM CLOCK BAKELIKE RED,12,12/30/2019 17:00,0.38,15062.0,Belgium
537253,10004,VINTAGE UNION JACK BUNTING,8,11/08/2019 06:00,1.46,15066.0,France
536642,10008,JUMBO BAG RED RETROSPOT,1,02/24/2020 15:00,0.66,13935.0,United Kingdom
536787,10005,SET OF 3 CAKE TINS,2,01/05/2020 21:00,1.98,17376.0,Spain
536543,10004,VINTAGE UNION JACK BUNTING,3,02/20/2020 19:00,5.69,13463.0,Netherlands
537438,10006,PACK OF 72 RETRO SPOT CAKE CASES,9,11/20/2019 05:00,0.38,12770.0,United Kingdom
537022,10005,SET OF 3 CAKE TINS,4,11/25/2019 16:00,1.72,13738.0,United Kingdom
537425,10014,STRAWBERRY CERAMIC TRINKET BOX,13,01/13/2020 06:00,1.47,18225.0,France
537470,10015,TRAVEL SEWING KIT,15,01/12/2020 13:00,11.95,13019.0,United Kingdom
537681,10003,GLASS JAR CANDLE,13,02/03/2020 22:00,3.79,,United Kingdom
537390,10009,PARTY BUNTING,14,02/20/2020 09:00,0.76,,United Kingdom
537579,10005,SET OF 3 CAKE TINS,1,02/07/2020 15:00,1.54,,France
537465,10017,WOODEN FRAME ANTIQUE WHITE,7,11/17/2019 19:00,11.66,15624.0,United Kingdom
537588,10002,RED WOOLLY HOTTIE MUG,2,12/08/2019 03:00,5.02,12461.0,United Kingdom
537521,10008,JUMBO BAG RED RETROSPOT,1,02/18/2020 16:00,0.98,13778.0,United Kingdom
536957,10006,PACK OF 72 RETRO SPOT CAKE CASES,3,01/05/2020 21:00,1.88,15832.0,United Kingdom
536826,10007,REGENCY CAKESTAND 3 TIER,15,02/13/2020 01:00,1.94,12432.0,United Kingdom
537841,10018,ALARM CLOCK BAKELIKE RED,6,01/07/2020 14:00,1.44,15286.0,Australia
537007,10010,LUNCH BAG WOODLAND,31,11/06/2019 23:00,0.44,15931.0,United Kingdom
537394,10007,REGENCY CAKESTAND 3 TIER,5,12/27/2019 18:00,1.25,13625.0,United Kingdom
536734,10016,VINTAGE SNAKES AND LADDERS,47,02/07/2020 23:00,9.87,13309.0,United Kingdom
537173,10015,TRAVEL SEWING KIT,5,01/18/2020 15:00,1.68,,United Kingdom
537358,10002,RED WOOLLY HOTTIE MUG,4,11/16/2019 22:00,2.22,16615.0,United Kingdom
537538,10009,PARTY BUNTING,1,11/26/2019 05:00,2.83,12421.0,United Kingdom
537351,10008,JUMBO BAG RED RETROSPOT,12,02/11/2020 13:00,22.6,14352.0,Germany
537041,10008,JUMBO BAG RED RETROSPOT,2,02/26/2020 13:00,2.48,18283.0,United Kingdom
538168,10006,PACK OF 72 RETRO SPOT CAKE CASES,2,01/30/2020 09:00,7.34,14340.0,United Kingdom
537326,10016,VINTAGE SNAKES AND LADDERS,15,11/12/2019 18:00,1.35,14319.0,United Kingdom
537880,10019,HAND WARMER OWL DESIGN,13,01/14/2020 07:00,1.9,,United Kingdom
537746,10000,WHITE HANGING HEART T-LIGHT HOLDER,13,02/08/2020 12:00,2.49,15198.0,Portugal
537411,10017,WOODEN FRAME ANTIQUE WHITE,3,01/16/2020 20:00,1.13,14670.0,United Kingdom
538027,10017,WOODEN FRAME ANTIQUE WHITE,4,01/11/2020 07:00,2.01,,United Kingdom
536605,10007,REGENCY CAKESTAND 3 TIER,4,12/27/2019 02:00,5.98,12528.0,United Kingdom
538091,10009,PARTY BUNTING,9,11/30/2019 09:00,1.1,16580.0,United Kingdom
537959,10002,RED WOOLLY HOTTIE MUG,19,12/04/2019 16:00,2.46,14607.0,United Kingdom
537309,10007,REGENCY CAKESTAND 3 TIER,6,01/29/2020 12:00,5.0,17624.0,United Kingdom
537740,10004,VINTAGE UNION JACK BUNTING,29,11/09/2019 09:00,1.08,16652.0,United Kingdom
537340,10018,ALARM CLOCK BAKELIKE RED,10,11/11/2019 03:00,7.36,17938.0,Spain
536868,10002,RED WOOLLY HOTTIE MUG,3,12/18/2019 14:00,2.65,,France
537864,10006,PACK OF 72 RETRO SPOT CAKE CASES,9,02/01/2020 23:00,2.09,13469.0,Germany
536826,10009,PARTY BUNTING,22,01/18/2020 20:00,0.33,17711.0,United Kingdom
536954,10019,HAND WARMER OWL DESIGN,30,01/10/2020 19:00,1.69,14665.0,United Kingdom
537338,10016,VINTAGE SNAKES AND LADDERS,13,01/04/2020 02:00,3.57,17191.0,United Kingdom
537935,10018,ALARM CLOCK BAKELIKE RED,4,11/14/2019 07:00,14.09,,United Kingdom
537084,10006,PACK OF 72 RETRO SPOT CAKE CASES,3,12/10/2019 19:00,4.34,15314.0,Germany
537291,10005,SET OF 3 CAKE TINS,7,11/10/2019 13:00,7.59,12613.0,Germany
536443,10011,RECIPE BOX PANTRY DESIGN,22,01/31/2020 00:00,0.73,12784.0,United Kingdom
536582,10006,PACK OF 72 RETRO SPOT CAKE CASES,6,01/30/2020 03:00,2.17,16605.0,United Kingdom
536469,10000,WHITE HANGING HEART T-LIGHT HOLDER,6,12/01/2019 23:00,8.34,12924.0,United Kingdom
536500,10016,VINTAGE SNAKES AND LADDERS,4,12/06/2019 03:00,1.01,12375.0,United Kingdom
537993,10001,WOODEN PICTURE FRAME,3,12/09/2019 02:00,6.46,13650.0,United Kingdom
537943,10003,GLASS JAR CANDLE,3,02/15/2020 18:00,5.12,17776.0,United Kingdom
537906,10018,ALARM CLOCK BAKELIKE RED,5,12/29/2019 15:00,3.24,,United Kingdom
536469,10014,STRAWBERRY CERAMIC TRINKET BOX,23,01/31/2020 11:00,1.77,16612.0,United Kingdom
536510,10012,ROUND SNACK BOXES SET OF 4,3,12/24/2019 21:00,0.92,16220.0,United Kingdom
536891,10002,RED WOOLLY HOTTIE MUG,4,01/23/2020 19:00,14.52,15705.0,Australia
537424,10005,SET OF 3 CAKE TINS,2,01/03/2020 10:00,4.63,13869.0,Switzerland
536991,10004,VINTAGE UNION JACK BUNTING,8,12/04/2019 10:00,3.46,14894.0,Belgium
537279,10012,ROUND SNACK BOXES SET OF 4,16,02/14/2020 04:00,1.63,15582.0,United Kingdom
536689,10010,LUNCH BAG WOODLAND,21,01/25/2020 02:00,2.55,18215.0,Germany
537735,10007,REGENCY CAKESTAND 3 TIER,5,02/01/2020 08:00,2.9,17688.0,United Kingdom
536953,10014,STRAWBERRY CERAMIC TRINKET BOX,7,02/22/2020 19:00,3.67,16721.0,United Kingdom
536489,10015,TRAVEL SEWING KIT,3,11/30/2019 20:00,5.13,17177.0,Germany
537757,10014,STRAWBERRY CERAMIC TRINKET BOX,7,11/11/2019 23:00,1.12,17142.0,Portugal
538057,10002,RED WOOLLY HOTTIE MUG,6,01/09/2020 21:00,0.57,,Netherlands
536392,10012,ROUND SNACK BOXES SET OF 4,4,12/10/2019 03:00,2.68,17249.0,United Kingdom
537183,10004,VINTAGE UNION JACK BUNTING,5,12/23/2019 07:00,0.43,12781.0,United Kingdom
537915,10005,SET OF 3 CAKE TINS,6,11/29/2019 04:00,1.78,12475.0,Switzerland
537689,10019,HAND WARMER OWL DESIGN,3,12/18/2019 19:00,1.48,14985.0,United Kingdom
537971,10008,JUMBO BAG RED RETROSPOT,3,12/18/2019 04:00,4.02,,United Kingdom
537143,10015,TRAVEL SEWING KIT,22,12/13/2019 01:00,17.86,14362.0,France
537062,10004,VINTAGE UNION JACK BUNTING,61,01/29/2020 02:00,0.35,13524.0,United Kingdom
537694,10019,HAND WARMER OWL DESIGN,1,01/11/2020 03:00,23.91,18035.0,United Kingdom
536653,10005,SET OF 3 CAKE TINS,1,12/27/2019 22:00,1.95,16238.0,United Kingdom
536813,10003,GLASS JAR CANDLE,2,11/14/2019 12:00,3.48,12595.0,Switzerland
537491,10006,PACK OF 72 RETRO SPOT CAKE CASES,4,01/08/2020 12:00,0.6,16052.0,Netherlands
537618,10003,GLASS JAR CANDLE,10,11/22/2019 00:00,6.67,16697.0,United Kingdom
536589,10011,RECIPE BOX PANTRY DESIGN,7,12/08/2019 17:00,2.56,14277.0,United Kingdom
537318,10002,RED WOOLLY HOTTIE MUG,5,12/20/2019 19:00,2.31,17590.0,France
537049,10004,VINTAGE UNION JACK BUNTING,7,11/17/2019 23:00,0.35,18126.0,United Kingdom
537305,10014,STRAWBERRY CERAMIC TRINKET BOX,2,12/17/2019 18:00,2.65,18172.0,United Kingdom
538162,10000,WHITE HANGING HEART T-LIGHT HOLDER,3,12/03/2019 01:00,5.73,12899.0,United Kingdom
536508,10008,JUMBO BAG RED RETROSPOT,4,02/11/2020 00:00,1.94,15013.0,United Kingdom
538231,10013,SPACEBOY LUNCH BOX,1,02/12/2020 04:00,7.96,,Australia
537207,10008,JUMBO BAG RED RETROSPOT,1,11/01/2019 13:00,7.64,14976.0,United Kingdom
537812,10000,WHITE HANGING HEART T-LIGHT HOLDER,1,01/12/2020 07:00,1.3,15202.0,France
537160,10003,GLASS JAR CANDLE,9,01/16/2020 21:00,12.12,14296.0,United Kingdom
536948,10019,HAND WARMER OWL DESIGN,5,12/16/2019 08:00,2.57,14834.0,Belgium
537809,10015,TRAVEL SEWING KIT,7,12/27/2019 07:00,2.59,,United Kingdom
537654,10007,REGENCY CAKESTAND 3 TIER,1,02/03/2020 19:00,2.72,12497.0,United Kingdom
536635,10017,WOODEN FRAME ANTIQUE WHITE,1,12/16/2019 08:00,2.64,17095.0,Switzerland
537687,10000,WHITE HANGING HEART T-LIGHT HOLDER,8,11/08/2019 17:00,0.25,16669.0,Spain
537777,10000,WHITE HANGING HEART T-LIGHT HOLDER,1,12/15/2019 17:00,2.04,13169.0,United Kingdom
537092,10017,WOODEN FRAME ANTIQUE WHITE,14,12/01/2019 11:00,0.63,,United Kingdom
538100,10013,SPACEBOY LUNCH BOX,1,12/16/2019 22:00,12.51,15443.0,United Kingdom
537566,10011,RECIPE BOX PANTRY DESIGN,9,11/28/2019 14:00,12.01,,United Kingdom
536990,10006,PACK OF 72 RETRO SPOT CAKE CASES,2,11/18/2019 23:00,5.77,15051.0,United Kingdom
536385,10016,VINTAGE SNAKES AND LADDERS,12,02/27/2020 06:00,1.94,15417.0,Germany
537630,10012,ROUND SNACK BOXES SET OF 4,100,11/16/2019 11:00,0.9,13596.0,United Kingdom
536756,10008,JUMBO BAG RED RETROSPOT,1,01/24/2020 18:00,1.27,15948.0,United Kingdom
537783,10007,REGENCY CAKESTAND 3 TIER,8,01/26/2020 03:00,17.16,16084.0,United Kingdom
537349,10007,REGENCY CAKESTAND 3 TIER,1,01/14/2020 03:00,1.23,,United Kingdom
537240,10011,RECIPE BOX PANTRY DESIGN,6,02/18/2020 09:00,0.25,,EIRE
536672,10013,SPACEBOY LUNCH BOX,3,11/01/2019 14:00,6.89,16003.0,United Kingdom
537699,10016,VINTAGE SNAKES AND LADDERS,5,12/07/2019 04:00,11.03,15337.0,France
536676,10008,JUMBO BAG RED RETROSPOT,2,11/23/2019 02:00,12.93,14925.0,France
537148,10005,SET OF 3 CAKE TINS,9,01/09/2020 06:00,6.95,,Australia
537933,10011,RECIPE BOX PANTRY DESIGN,1,01/16/2020 06:00,8.18,17562.0,EIRE
538090,10011,RECIPE BOX PANTRY DESIGN,14,02/16/2020 18:00,2.59,14601.0,United Kingdom
538219,10005,SET OF 3 CAKE TINS,3,12/16/2019 13:00,0.31,16614.0,United Kingdom
538161,10001,WOODEN PICTURE FRAME,1,11/29/2019 07:00,2.53,17159.0,France
537407,10006,PACK OF 72 RETRO SPOT CAKE CASES,20,02/19/2020 22:00,4.58,13002.0,Belgium
536740,10001,WOODEN PICTURE FRAME,4,01/20/2020 18:00,2.15,15861.0,United Kingdom
537938,10001,WOODEN PICTURE FRAME,27,01/31/2020 19:00,2.05,17096.0,United Kingdom
537868,10019,HAND WARMER OWL DESIGN,14,12/24/2019 09:00,0.94,,United Kingdom
538221,10015,TRAVEL SEWING KIT,2,12/24/2019 16:00,0.9,14351.0,United Kingdom
537585,10000,WHITE HANGING HEART T-LIGHT HOLDER,4,12/17/2019 16:00,15.46,17085.0,United Kingdom
536630,10006,PACK OF 72 RETRO SPOT CAKE CASES,5,01/29/2020 23:00,16.03,17904.0,United Kingdom
537307,10005,SET OF 3 CAKE TINS,19,11/26/2019 06:00,2.45,18241.0,France
537205,10019,HAND WARMER OWL DESIGN,6,02/26/2020 02:00,3.26,,United Kingdom
537945,10008,JUMBO BAG RED RETROSPOT,5,11/22/2019 02:00,0.92,12599.0,United Kingdom
537101,10005,SET OF 3 CAKE TINS,3,12/26/2019 08:00,4.68,12509.0,United Kingdom
536981,10012,ROUND SNACK BOXES SET OF 4,4,12/08/2019 18:00,14.29,17165.0,United Kingdom
536515,10009,PARTY BUNTING,15,01/17/2020 03:00,0.53,16708.0,Germany
537931,10003,GLASS JAR CANDLE,4,01/21/2020 17:00,3.91,13497.0,United Kingdom
537781,10006,PACK OF 72 RETRO SPOT CAKE CASES,3,02/19/2020 06:00,4.22,,France
536442,10002,RED WOOLLY HOTTIE MUG,2,02/03/2020 17:00,4.17,13211.0,United Kingdom
537178,10013,SPACEBOY LUNCH BOX,2,11/30/2019 20:00,12.72,17557.0,United Kingdom
537264,10019,HAND WARMER OWL DESIGN,1,11/25/2019 19:00,18.84,16888.0,United Kingdom
537244,10016,VINTAGE SNAKES AND LADDERS,2,02/15/2020 10:00,1.95,17980.0,Netherlands
538087,10007,REGENCY CAKESTAND 3 TIER,18,12/29/2019 13:00,4.82,13020.0,United Kingdom
536647,10009,PARTY BUNTING,3,11/12/2019 17:00,2.68,,Switzerland
536939,10001,WOODEN PICTURE FRAME,8,02/08/2020 00:00,1.31,17833.0,United Kingdom
536704,10007,REGENCY CAKESTAND 3 TIER,1,01/17/2020 20:00,3.22,15511.0,United Kingdom
536822,10000,WHITE HANGING HEART T-LIGHT HOLDER,7,11/04/2019 01:00,4.81,16944.0,Germany
538065,10014,STRAWBERRY CERAMIC TRINKET BOX,3,02/02/2020 23:00,3.06,15922.0,United Kingdom
538128,10018,ALARM CLOCK BAKELIKE RED,3,01/12/2020 21:00,1.02,12387.0,United Kingdom
536448,10003,GLASS JAR CANDLE,5,01/13/2020 18:00,1.55,14893.0,United Kingdom
537550,10013,SPACEBOY LUNCH BOX,2,02/12/2020 19:00,1.56,13898.0,United Kingdom
536801,10011,RECIPE BOX PANTRY DESIGN,1,12/30/2019 11:00,1.06,12842.0,United Kingdom
536726,10008,JUMBO BAG RED RETROSPOT,10,12/26/2019 08:00,3.37,15884.0,United Kingdom
536912,10014,STRAWBERRY CERAMIC TRINKET BOX,5,01/14/2020 02:00,3.74,17864.0,United Kingdom
536729,10013,SPACEBOY LUNCH BOX,3,11/24/2019 17:00,6.55,,United Kingdom
537284,10005,SET OF 3 CAKE TINS,2,11/19/2019 04:00,1.04,14301.0,United Kingdom
538231,10015,TRAVEL SEWING KIT,1,02/10/2020 06:00,1.38,,United Kingdom
537464,10013,SPACEBOY LUNCH BOX,5,11/26/2019 21:00,11.64,14204.0,United Kingdom
537721,10006,PACK OF 72 RETRO SPOT CAKE CASES,20,12/31/2019 13:00,2.09,13038.0,France
537289,10014,STRAWBERRY CERAMIC TRINKET BOX,5,12/03/2019 09:00,2.53,13482.0,United Kingdom
536391,10012,ROUND SNACK BOXES SET OF 4,1,11/28/2019 15:00,2.06,12492.0,United Kingdom
536522,10002,RED WOOLLY HOTTIE MUG,5,01/11/2020 18:00,7.64,18241.0,United Kingdom
536869,10003,GLASS JAR CANDLE,4,02/05/2020 07:00,7.94,15265.0,Australia
536821,10006,PACK OF 72 RETRO SPOT CAKE CASES,10,12/24/2019 01:00,7.49,17945.0,United Kingdom
537941,10000,WHITE HANGING HEART T-LIGHT HOLDER,7,11/17/2019 15:00,2.53,16419.0,United Kingdom
537946,10008,JUMBO BAG RED RETROSPOT,1,11/30/2019 08:00,1.03,14421.0,United Kingdom
537966,10009,PARTY BUNTING,7,11/20/2019 18:00,16.86,17944.0,Australia
537560,10015,TRAVEL SEWING KIT,1,02/14/2020 23:00,5.79,,EIRE
537407,10003,GLASS JAR CANDLE,1,12/09/2019 08:00,1.56,13419.0,United Kingdom
537582,10011,RECIPE BOX PANTRY DESIGN,3,12/15/2019 21:00,10.21,17130.0,United Kingdom
537127,10013,SPACEBOY LUNCH BOX,6,11/09/2019 12:00,1.44,15633.0,United Kingdom
537621,10008,JUMBO BAG RED RETROSPOT,1,12/24/2019 13:00,10.08,14856.0,United Kingdom
537854,10018,ALARM CLOCK BAKELIKE RED,8,02/18/2020 17:00,10.79,15840.0,Switzerland
537795,10006,PACK OF 72 RETRO SPOT CAKE CASES,9,12/20/2019 04:00,0.98,18095.0,United Kingdom
537515,10008,JUMBO BAG RED RETROSPOT,4,01/18/2020 04:00,4.4,14010.0,United Kingdom
536473,10000,WHITE HANGING HEART T-LIGHT HOLDER,2,11/22/2019 20:00,5.38,17700.0,United Kingdom
537724,10008,JUMBO BAG RED RETROSPOT,2,11/18/2019 03:00,33.61,,France
537052,10000,WHITE HANGING HEART T-LIGHT HOLDER,11,01/27/2020 19:00,1.17,16857.0,United Kingdom
537759,10019,HAND WARMER OWL DESIGN,1,11/08/2019 21:00,10.3,13280.0,United Kingdom
537376,10004,VINTAGE UNION JACK BUNTING,12,12/24/2019 20:00,2.5,12880.0,United Kingdom
538017,10016,VINTAGE SNAKES AND LADDERS,3,12/09/2019 00:00,0.71,13061.0,Germany
536999,10002,RED WOOLLY HOTTIE MUG,4,11/02/2019 22:00,2.18,16517.0,United Kingdom
538111,10005,SET OF 3 CAKE TINS,1,01/03/2020 18:00,2.47,14722.0,United Kingdom
537948,10002,RED WOOLLY HOTTIE MUG,4,02/24/2020 17:00,0.85,18211.0,United Kingdom
536985,10007,REGENCY CAKESTAND 3 TIER,7,11/09/2019 07:00,3.36,12383.0,Belgium
537269,10012,ROUND SNACK BOXES SET OF 4,1,02/06/2020 22:00,6.41,,United Kingdom
537361,10008,JUMBO BAG RED RETROSPOT,7,01/04/2020 17:00,3.12,13915.0,United Kingdom
537806,10012,ROUND SNACK BOXES SET OF 4,4,01/26/2020 20:00,1.43,17583.0,France
537657,10016,VINTAGE SNAKES AND LADDERS,2,11/12/2019 14:00,2.12,,United Kingdom
537962,10000,WHITE HANGING HEART T-LIGHT HOLDER,10,02/13/2020 07:00,2.45,14770.0,United Kingdom
537058,10008,JUMBO BAG RED RETROSPOT,1,11/02/2019 08:00,3.06,17494.0,Netherlands
537311,10011,RECIPE BOX PANTRY DESIGN,6,02/17/2020 20:00,7.46,18116.0,United Kingdom
537172,10010,LUNCH BAG WOODLAND,20,01/18/2020 23:00,3.23,17789.0,United Kingdom
538070,10002,RED WOOLLY HOTTIE MUG,17,12/11/2019 12:00,0.6,16228.0,United Kingdom
536936,10004,VINTAGE UNION JACK BUNTING,6,11/01/2019 20:00,1.4,,United Kingdom
537465,10007,REGENCY CAKESTAND 3 TIER,3,01/13/2020 08:00,2.9,12919.0,United Kingdom
536590,10013,SPACEBOY LUNCH BOX,2,11/11/2019 11:00,7.57,14788.0,Belgium
537959,10019,HAND WARMER OWL DESIGN,3,01/13/2020 01:00,9.01,15192.0,United Kingdom
537085,10007,REGENCY CAKESTAND 3 TIER,7,02/01/2020 19:00,14.51,15399.0,United Kingdom
537003,10010,LUNCH BAG WOODLAND,2,12/03/2019 02:00,2.8,12641.0,United Kingdom
537457,10006,PACK OF 72 RETRO SPOT CAKE CASES,9,11/29/2019 15:00,5.28,16358.0,United Kingdom
537300,10000,WHITE HANGING HEART T-LIGHT HOLDER,34,11/27/2019 15:00,0.57,,United Kingdom
537954,10007,REGENCY CAKESTAND 3 TIER,4,11/27/2019 23:00,3.78,12991.0,Spain
537361,10006,PACK OF 72 RETRO SPOT CAKE CASES,1,11/14/2019 16:00,0.84,17784.0,Australia
537334,10003,GLASS JAR CANDLE,1,11/30/2019 23:00,2.31,14466.0,United Kingdom
536561,10013,SPACEBOY LUNCH BOX,9,01/19/2020 03:00,50.9,,United Kingdom
536406,10005,SET OF 3 CAKE TINS,4,12/07/2019 07:00,3.33,15271.0,United Kingdom
537112,10004,VINTAGE UNION JACK BUNTING,10,02/02/2020 17:00,1.04,17993.0,United Kingdom
538236,10007,REGENCY CAKESTAND 3 TIER,2,02/07/2020 08:00,3.7,17245.0,United Kingdom
538085,10019,HAND WARMER OWL DESIGN,9,01/31/2020 08:00,1.47,12939.0,United Kingdom
537544,10012,ROUND SNACK BOXES SET OF 4,3,01/04/2020 18:00,0.94,16425.0,United Kingdom
537547,10008,JUMBO BAG RED RETROSPOT,2,12/08/2019 23:00,20.15,16295.0,United Kingdom
537099,10016,VINTAGE SNAKES AND LADDERS,3,02/20/2020 15:00,7.15,17609.0,United Kingdom
536697,10000,WHITE HANGING HEART T-LIGHT HOLDER,1,11/25/2019 15:00,3.47,18083.0,United Kingdom
536381,10006,PACK OF 72 RETRO SPOT CAKE CASES,30,12/26/2019 18:00,1.66,,United Kingdom
537000,10010,LUNCH BAG WOODLAND,4,12/25/2019 10:00,1.8,,United Kingdom
536958,10009,PARTY BUNTING,8,01/29/2020 12:00,11.5,14446.0,Germany
536724,10013,SPACEBOY LUNCH BOX,2,01/05/2020 15:00,3.34,17686.0,Netherlands
536850,10014,STRAWBERRY CERAMIC TRINKET BOX,1,02/04/2020 23:00,0.25,17948.0,United Kingdom
536411,10009,PARTY BUNTING,3,02/19/2020 07:00,27.69,18233.0,Belgium
537504,10018,ALARM CLOCK BAKELIKE RED,12,12/17/2019 21:00,2.95,18017.0,United Kingdom
538103,10018,ALARM CLOCK BAKELIKE RED,2,02/14/2020 00:00,3.47,,Germany
537660,10009,PARTY BUNTING,2,11/21/2019 08:00,7.29,18027.0,Portugal
537205,10018,ALARM CLOCK BAKELIKE RED,5,02/18/2020 23:00,3.92,16993.0,United Kingdom
537153,10012,ROUND SNACK BOXES SET OF 4,7,11/22/2019 08:00,5.19,,Germany
536941,10002,RED WOOLLY HOTTIE MUG,21,02/11/2020 01:00,1.61,12536.0,United Kingdom
536632,10002,RED WOOLLY HOTTIE MUG,6,12/17/2019 20:00,0.72,,Spain
537487,10001,WOODEN PICTURE FRAME,8,02/24/2020 18:00,3.26,14884.0,United Kingdom
537427,10004,VINTAGE UNION JACK BUNTING,8,11/16/2019 12:00,10.29,17535.0,Switzerland
536378,10006,PACK OF 72 RETRO SPOT CAKE CASES,1,12/26/2019 21:00,1.29,14058.0,France
537144,10001,WOODEN PICTURE FRAME,2,02/17/2020 06:00,1.19,14488.0,Germany
536886,10012,ROUND SNACK BOXES SET OF 4,1,11/06/2019 16:00,8.34,17242.0,United Kingdom
536684,10008,JUMBO BAG RED RETROSPOT,1,12/02/2019 19:00,1.56,15467.0,United Kingdom
537683,10012,ROUND SNACK BOXES SET OF 4,9,11/11/2019 00:00,1.63,16371.0,United Kingdom
537350,10010,LUNCH BAG WOODLAND,5,12/09/2019 13:00,1.69,14248.0,United Kingdom
537553,10005,SET OF 3 CAKE TINS,4,12/17/2019 20:00,2.3,,United Kingdom
537702,10012,ROUND SNACK BOXES SET OF 4,1,01/14/2020 07:00,0.51,15238.0,EIRE
538205,10019,HAND WARMER OWL DESIGN,32,12/01/2019 22:00,1.43,,United Kingdom
537870,10006,PACK OF 72 RETRO SPOT CAKE CASES,2,11/20/2019 01:00,3.1,15269.0,United Kingdom
537528,10006,PACK OF 72 RETRO SPOT CAKE CASES,32,11/21/2019 09:00,3.07,12873.0,United Kingdom
538013,10010,LUNCH BAG WOODLAND,1,02/21/2020 15:00,7.83,16722.0,Portugal
537260,10016,VINTAGE SNAKES AND LADDERS,2,02/23/2020 10:00,15.48,,United Kingdom
538211,10010,LUNCH BAG WOODLAND,1,11/27/2019 13:00,11.16,17590.0,United Kingdom
537792,10016,VINTAGE SNAKES AND LADDERS,6,11/24/2019 11:00,6.14,12944.0,United Kingdom
537585,10001,WOODEN PICTURE FRAME,1,11/07/2019 12:00,2.12,18278.0,United Kingdom
538058,10001,WOODEN PICTURE FRAME,1,02/24/2020 03:00,1.32,14407.0,United Kingdom
537330,10008,JUMBO BAG RED RETROSPOT,1,01/24/2020 18:00,2.5,17300.0,United Kingdom
537716,10004,VINTAGE UNION JACK BUNTING,9,01/31/2020 07:00,4.42,16090.0,United Kingdom
536898,10000,WHITE HANGING HEART T-LIGHT HOLDER,8,12/05/2019 21:00,5.6,18126.0,France
538171,10004,VINTAGE UNION JACK BUNTING,25,01/16/2020 22:00,4.59,14374.0,United Kingdom
537533,10005,SET OF 3 CAKE TINS,2,11/08/2019 04:00,2.18,15957.0,Portugal
537831,10018,ALARM CLOCK BAKELIKE RED,5,01/21/2020 03:00,5.4,16400.0,EIRE
537228,10015,TRAVEL SEWING KIT,1,01/09/2020 13:00,8.68,13263.0,United Kingdom
537990,10007,REGENCY CAKESTAND 3 TIER,3,12/10/2019 18:00,5.93,16952.0,United Kingdom
536504,10019,HAND WARMER OWL DESIGN,2,01/25/2020 06:00,2.38,13197.0,United Kingdom
536578,10016,VINTAGE SNAKES AND LADDERS,6,01/17/2020 14:00,1.07,17268.0,United Kingdom
537315,10005,SET OF 3 CAKE TINS,11,12/23/2019 16:00,1.04,13096.0,United Kingdom
537738,10009,PARTY BUNTING,11,11/23/2019 09:00,1.24,13411.0,United Kingdom
537882,10018,ALARM CLOCK BAKELIKE RED,2,11/03/2019 19:00,3.18,15285.0,Switzerland
537190,10009,PARTY BUNTING,11,02/21/2020 13:00,4.14,13427.0,United Kingdom
537583,10007,REGENCY CAKESTAND 3 TIER,4,12/04/2019 18:00,0.6,12801.0,Spain
537402,10018,ALARM CLOCK BAKELIKE RED,3,12/07/2019 05:00,1.49,12656.0,United Kingdom
538167,10013,SPACEBOY LUNCH BOX,2,01/21/2020 18:00,3.14,14046.0,United Kingdom
537591,10008,JUMBO BAG RED RETROSPOT,2,12/01/2019 15:00,1.0,15262.0,United Kingdom
537146,10017,WOODEN FRAME ANTIQUE WHITE,23,12/16/2019 02:00,3.8,12607.0,United Kingdom
538183,10014,STRAWBERRY CERAMIC TRINKET BOX,6,01/25/2020 08:00,1.81,13163.0,United Kingdom
536566,10006,PACK OF 72 RETRO SPOT CAKE CASES,5,01/11/2020 11:00,1.19,15979.0,United Kingdom
538211,10008,JUMBO BAG RED RETROSPOT,3,01/18/2020 19:00,2.59,14238.0,United Kingdom
536653,10000,WHITE HANGING HEART T-LIGHT HOLDER,47,11/01/2019 13:00,3.64,16847.0,EIRE
536905,10002,RED WOOLLY HOTTIE MUG,15,12/25/2019 04:00,1.05,,United Kingdom
537905,10019,HAND WARMER OWL DESIGN,2,12/28/2019 01:00,1.93,,United Kingdom
537740,10001,WOODEN PICTURE FRAME,3,01/15/2020 22:00,3.93,17981.0,Germany
538184,10016,VINTAGE SNAKES AND LADDERS,3,11/19/2019 04:00,1.15,16407.0,United Kingdom
537771,10004,VINTAGE UNION JACK BUNTING,5,11/20/2019 03:00,0.47,17229.0,United Kingdom
537559,10010,LUNCH BAG WOODLAND,2,01/31/2020 12:00,0.53,15185.0,United Kingdom
537014,10014,STRAWBERRY CERAMIC TRINKET BOX,6,01/20/2020 19:00,1.62,,United Kingdom
536373,10019,HAND WARMER OWL DESIGN,17,02/06/2020 09:00,0.66,17605.0,United Kingdom
536597,10007,REGENCY CAKESTAND 3 TIER,1,12/03/2019 11:00,1.74,15720.0,France
536923,10018,ALARM CLOCK BAKELIKE RED,1,02/28/2020 18:00,13.0,12566.0,United Kingdom
536441,10009,PARTY BUNTING,3,12/03/2019 18:00,0.62,13336.0,Spain
537317,10017,WOODEN FRAME ANTIQUE WHITE,3,01/18/2020 03:00,1.85,13570.0,United Kingdom
537822,10002,RED WOOLLY HOTTIE MUG,30,11/20/2019 11:00,20.74,14578.0,United Kingdom
538171,10005,SET OF 3 CAKE TINS,11,02/19/2020 06:00,3.7,14974.0,France
537283,10012,ROUND SNACK BOXES SET OF 4,10,12/10/2019 21:00,1.7,14888.0,United Kingdom
538005,10014,STRAWBERRY CERAMIC TRINKET BOX,3,02/05/2020 07:00,2.1,,United Kingdom
538212,10016,VINTAGE SNAKES AND LADDERS,3,12/10/2019 18:00,3.78,17948.0,United Kingdom
537977,10007,REGENCY CAKESTAND 3 TIER,1,02/03/2020 22:00,13.41,,France
537236,10012,ROUND SNACK BOXES SET OF 4,9,12/25/2019 12:00,1.45,16111.0,Germany
536974,10012,ROUND SNACK BOXES SET OF 4,7,11/08/2019 12:00,1.15,17479.0,United Kingdom
538198,10019,HAND WARMER OWL DESIGN,15,11/23/2019 20:00,0.62,13936.0,United Kingdom
536818,10002,RED WOOLLY HOTTIE MUG,3,01/22/2020 00:00,2.73,15661.0,Netherlands
537136,10000,WHITE HANGING HEART T-LIGHT HOLDER,4,11/24/2019 04:00,0.6,,France
536503,10011,RECIPE BOX PANTRY DESIGN,5,12/04/2019 01:00,1.55,14042.0,France
537853,10000,WHITE HANGING HEART T-LIGHT HOLDER,10,01/05/2020 00:00,0.99,,United Kingdom
537583,10003,GLASS JAR CANDLE,1,12/01/2019 09:00,7.2,,United Kingdom
536524,10010,LUNCH BAG WOODLAND,8,11/16/2019 11:00,1.48,12697.0,United Kingdom
536781,10005,SET OF 3 CAKE TINS,4,01/14/2020 22:00,3.66,14267.0,United Kingdom
537406,10005,SET OF 3 CAKE TINS,1,01/22/2020 16:00,0.49,,EIRE
537378,10006,PACK OF 72 RETRO SPOT CAKE CASES,1,01/27/2020 23:00,2.81,14571.0,United Kingdom
537868,10013,SPACEBOY LUNCH BOX,4,02/22/2020 07:00,0.74,,United Kingdom
536863,10007,REGENCY CAKESTAND 3 TIER,17,11/15/2019 22:00,1.61,17527.0,United Kingdom
538098,10015,TRAVEL SEWING KIT,22,12/22/2019 05:00,22.45,13255.0,United Kingdom
537198,10003,GLASS JAR CANDLE,6,11/29/2019 02:00,6.25,13289.0,United Kingdom
537907,10002,RED WOOLLY HOTTIE MUG,29,02/17/2020 04:00,2.16,17686.0,United Kingdom
536811,10003,GLASS JAR CANDLE,4,01/04/2020 19:00,60.28,14255.0,United Kingdom
536434,10018,ALARM CLOCK BAKELIKE RED,11,11/12/2019 19:00,0.98,,United Kingdom
536468,10005,SET OF 3 CAKE TINS,3,01/23/2020 02:00,7.89,,United Kingdom
537063,10000,WHITE HANGING HEART T-LIGHT HOLDER,2,11/06/2019 03:00,0.53,16748.0,United Kingdom
538152,10006,PACK OF 72 RETRO SPOT CAKE CASES,2,12/03/2019 21:00,1.93,16843.0,Switzerland
536456,10013,SPACEBOY LUNCH BOX,1,01/26/2020 14:00,0.64,,United Kingdom
537056,10007,REGENCY CAKESTAND 3 TIER,15,12/31/2019 17:00,3.18,14017.0,United Kingdom
536569,10007,REGENCY CAKESTAND 3 TIER,2,01/31/2020 08:00,2.6,16017.0,United Kingdom
538111,10001,WOODEN PICTURE FRAME,2,01/08/2020 13:00,1.81,16268.0,United Kingdom
537631,10013,SPACEBOY LUNCH BOX,1,02/10/2020 04:00,7.33,,United Kingdom
537795,10004,VINTAGE UNION JACK BUNTING,3,01/07/2020 12:00,1.4,,United Kingdom
537702,10001,WOODEN PICTURE FRAME,24,11/07/2019 19:00,3.41,17471.0,Netherlands
537596,10014,STRAWBERRY CERAMIC TRINKET BOX,33,11/09/2019 13:00,5.59,12809.0,United Kingdom
537815,10018,ALARM CLOCK BAKELIKE RED,1,02/02/2020 06:00,0.56,,United Kingdom
536380,10012,ROUND SNACK BOXES SET OF 4,3,11/05/2019 15:00,1.16,17929.0,United Kingdom
537987,10018,ALARM CLOCK BAKELIKE RED,1,12/16/2019 04:00,2.6,16416.0,United Kingdom
537752,10008,JUMBO BAG RED RETROSPOT,11,11/02/2019 22:00,4.62,,EIRE
537751,10010,LUNCH BAG WOODLAND,5,12/07/2019 09:00,10.19,14606.0,United Kingdom
537102,10007,REGENCY CAKESTAND 3 TIER,2,01/11/2020 10:00,1.98,14934.0,United Kingdom
537866,10010,LUNCH BAG WOODLAND,4,11/21/2019 18:00,1.79,13334.0,United Kingdom
537080,10017,WOODEN FRAME ANTIQUE WHITE,3,12/26/2019 22:00,1.03,13664.0,United Kingdom
536456,10012,ROUND SNACK BOXES SET OF 4,20,02/28/2020 13:00,3.42,16122.0,France
538067,10000,WHITE HANGING HEART T-LIGHT HOLDER,7,11/09/2019 11:00,1.83,15614.0,United Kingdom
536804,10011,RECIPE BOX PANTRY DESIGN,8,11/08/2019 15:00,1.87,15298.0,Spain
536556,10007,REGENCY CAKESTAND 3 TIER,1,12/03/2019 13:00,2.24,15166.0,United Kingdom
537531,10010,LUNCH BAG WOODLAND,4,02/08/2020 06:00,4.27,12809.0,France
536803,10011,RECIPE BOX PANTRY DESIGN,33,12/19/2019 17:00,1.4,17500.0,United Kingdom
537973,10011,RECIPE BOX PANTRY DESIGN,15,01/16/2020 18:00,1.14,18022.0,Belgium
537197,10017,WOODEN FRAME ANTIQUE WHITE,1,11/05/2019 01:00,3.79,13803.0,United Kingdom
536373,10017,WOODEN FRAME ANTIQUE WHITE,3,01/28/2020 05:00,0.25,14213.0,United Kingdom
538149,10019,HAND WARMER OWL DESIGN,1,11/09/2019 02:00,1.34,16091.0,United Kingdom
537329,10012,ROUND SNACK BOXES SET OF 4,22,01/25/2020 10:00,0.78,12358.0,United Kingdom
536858,10005,SET OF 3 CAKE TINS,5,11/18/2019 18:00,8.19,12952.0,Portugal
537634,10003,GLASS JAR CANDLE,2,02/12/2020 01:00,1.58,,United Kingdom
537359,10016,VINTAGE SNAKES AND LADDERS,4,12/06/2019 13:00,1.4,13371.0,Belgium
536420,10018,ALARM CLOCK BAKELIKE RED,1,11/23/2019 01:00,2.34,,Portugal
537789,10000,WHITE HANGING HEART T-LIGHT HOLDER,1,12/11/2019 10:00,1.36,17588.0,France
537117,10004,VINTAGE UNION JACK BUNTING,4,11/01/2019 02:00,1.64,16701.0,United Kingdom
537677,10013,SPACEBOY LUNCH BOX,9,11/20/2019 19:00,2.71,13961.0,Spain
538044,10003,GLASS JAR CANDLE,1,01/11/2020 20:00,1.61,13252.0,United Kingdom
537509,10001,WOODEN PICTURE FRAME,3,12/07/2019 02:00,1.6,16610.0,United Kingdom
537624,10019,HAND WARMER OWL DESIGN,11,12/13/2019 11:00,0.9,14749.0,France
536842,10001,WOODEN PICTURE FRAME,1,02/05/2020 21:00,0.78,18094.0,France
536810,10004,VINTAGE UNION JACK BUNTING,5,11/15/2019 20:00,2.61,16178.0,United Kingdom
537143,10019,HAND WARMER OWL DESIGN,4,12/18/2019 12:00,3.34,12411.0,United Kingdom
537963,10002,RED WOOLLY HOTTIE MUG,23,11/23/2019 08:00,0.59,13836.0,Belgium
537347,10015,TRAVEL SEWING KIT,3,12/28/2019 23:00,5.26,,United Kingdom
537017,10011,RECIPE BOX PANTRY DESIGN,3,12/10/2019 19:00,5.28,,France
537826,10010,LUNCH BAG WOODLAND,10,11/06/2019 13:00,6.52,,United Kingdom
537965,10016,VINTAGE SNAKES AND LADDERS,1,11/09/2019 10:00,3.32,,Spain
538057,10000,WHITE HANGING HEART T-LIGHT HOLDER,3,02/11/2020 07:00,4.65,13827.0,United Kingdom
536925,10001,WOODEN PICTURE FRAME,3,11/07/2019 19:00,21.87,13588.0,United Kingdom
537695,10003,GLASS JAR CANDLE,4,02/02/2020 22:00,1.82,16479.0,France
537471,10009,PARTY BUNTING,9,02/18/2020 23:00,0.86,12415.0,United Kingdom
537206,10019,HAND WARMER OWL DESIGN,7,12/26/2019 21:00,0.53,17183.0,United Kingdom
537109,10001,WOODEN PICTURE FRAME,2,12/08/2019 11:00,14.23,,Germany
536579,10008,JUMBO BAG RED RETROSPOT,5,02/02/2020 04:00,14.42,15245.0,United Kingdom
536880,10008,JUMBO BAG RED RETROSPOT,18,02/26/2020 21:00,0.98,13811.0,United Kingdom
537395,10003,GLASS JAR CANDLE,2,11/15/2019 10:00,1.19,14872.0,United Kingdom
538027,10006,PACK OF 72 RETRO SPOT CAKE CASES,5,02/24/2020 18:00,1.78,16887.0,United Kingdom
537989,10004,VINTAGE UNION JACK BUNTING,3,02/22/2020 06:00,8.37,13524.0,Spain
536716,10002,RED WOOLLY HOTTIE MUG,4,11/18/2019 02:00,0.68,15730.0,Portugal
537638,10010,LUNCH BAG WOODLAND,1,11/07/2019 13:00,0.34,12686.0,United Kingdom
536524,10018,ALARM CLOCK BAKELIKE RED,17,01/25/2020 19:00,21.49,13402.0,Netherlands
537630,10008,JUMBO BAG RED RETROSPOT,2,11/10/2019 07:00,3.36,,Germany
537006,10012,ROUND SNACK BOXES SET OF 4,11,01/12/2020 02:00,3.87,15721.0,Switzerland
537208,10013,SPACEBOY LUNCH BOX,2,11/08/2019 18:00,2.0,,United Kingdom
537710,10016,VINTAGE SNAKES AND LADDERS,2,01/22/2020 21:00,3.92,13685.0,United Kingdom
537161,10016,VINTAGE SNAKES AND LADDERS,14,11/28/2019 19:00,0.54,13571.0,Belgium
537878,10018,ALARM CLOCK BAKELIKE RED,11,11/12/2019 13:00,1.06,14873.0,United Kingdom
537365,10016,VINTAGE SNAKES AND LADDERS,5,11/08/2019 23:00,2.73,13112.0,United Kingdom
538237,10018,,9,11/23/2019 15:00,0.25,17622.0,Netherlands
537561,10019,HAND WARMER OWL DESIGN,3,01/04/2020 21:00,1.82,,United Kingdom
536920,10014,STRAWBERRY CERAMIC TRINKET BOX,4,11/10/2019 04:00,1.71,16619.0,United Kingdom
537818,10009,PARTY BUNTING,2,02/05/2020 07:00,1.82,13277.0,France
537129,10006,PACK OF 72 RETRO SPOT CAKE CASES,10,01/12/2020 12:00,1.42,16214.0,United Kingdom
537366,10011,RECIPE BOX PANTRY DESIGN,2,12/06/2019 16:00,0.91,13557.0,United Kingdom
536621,10016,VINTAGE SNAKES AND LADDERS,18,02/27/2020 10:00,0.4,14018.0,United Kingdom
536588,10015,TRAVEL SEWING KIT,3,01/19/2020 01:00,2.84,14793.0,United Kingdom
537442,10010,LUNCH BAG WOODLAND,4,01/20/2020 15:00,1.82,13086.0,Spain
536715,10001,WOODEN PICTURE FRAME,9,11/21/2019 21:00,0.62,13086.0,United Kingdom
538235,10005,SET OF 3 CAKE TINS,4,01/25/2020 07:00,2.62,16819.0,United Kingdom
537969,10011,RECIPE BOX PANTRY DESIGN,3,01/07/2020 03:00,1.83,14399.0,United Kingdom
537679,10007,REGENCY CAKESTAND 3 TIER,4,02/27/2020 04:00,1.55,15719.0,United Kingdom
537742,10009,PARTY BUNTING,10,12/28/2019 09:00,0.28,16186.0,United Kingdom
537481,10006,PACK OF 72 RETRO SPOT CAKE CASES,2,01/21/2020 09:00,4.87,16045.0,United Kingdom
536478,10001,WOODEN PICTURE FRAME,4,12/11/2019 22:00,0.72,16073.0,United Kingdom
537100,10009,PARTY BUNTING,4,11/05/2019 19:00,2.62,18139.0,United Kingdom
537294,10008,JUMBO BAG RED RETROSPOT,10,11/16/2019 08:00,1.1,16093.0,United Kingdom
538081,10015,TRAVEL SEWING KIT,4,02/13/2020 01:00,1.67,,Germany
536776,10002,RED WOOLLY HOTTIE MUG,25,01/28/2020 14:00,7.79,,United Kingdom
537296,10009,PARTY BUNTING,3,12/14/2019 18:00,4.19,17103.0,United Kingdom
537010,10017,WOODEN FRAME ANTIQUE WHITE,3,01/23/2020 18:00,7.61,14851.0,United Kingdom
536616,10005,SET OF 3 CAKE TINS,3,11/01/2019 12:00,3.42,15666.0,United Kingdom
536558,10006,PACK OF 72 RETRO SPOT CAKE CASES,1,11/05/2019 11:00,3.66,17187.0,Netherlands
537050,10001,WOODEN PICTURE FRAME,1,12/31/2019 21:00,0.41,13743.0,United Kingdom
536519,10011,RECIPE BOX PANTRY DESIGN,2,01/15/2020 00:00,1.79,,United Kingdom
536490,10017,WOODEN FRAME ANTIQUE WHITE,13,02/21/2020 11:00,1.96,,United Kingdom
537022,10009,PARTY BUNTING,4,01/31/2020 04:00,8.36,12775.0,United Kingdom
536743,10008,JUMBO BAG RED RETROSPOT,2,12/01/2019 21:00,1.48,16005.0,United Kingdom
537405,10014,STRAWBERRY CERAMIC TRINKET BOX,14,02/06/2020 20:00,3.21,15337.0,United Kingdom
536398,10008,JUMBO BAG RED RETROSPOT,19,12/30/2019 00:00,3.08,14114.0,Belgium
536930,10007,REGENCY CAKESTAND 3 TIER,14,02/08/2020 03:00,7.83,13602.0,United Kingdom
537214,10015,TRAVEL SEWING KIT,2,11/21/2019 20:00,2.15,16477.0,United Kingdom
538170,10005,SET OF 3 CAKE TINS,2,11/04/2019 03:00,5.63,,EIRE
537554,10016,VINTAGE SNAKES AND LADDERS,25,11/07/2019 22:00,0.45,,United Kingdom
538016,10005,SET OF 3 CAKE TINS,5,02/27/2020 22:00,0.49,17721.0,France
537008,10010,LUNCH BAG WOODLAND,3,11/10/2019 16:00,0.25,15051.0,United Kingdom
537208,10005,SET OF 3 CAKE TINS,8,02/21/2020 18:00,5.4,15285.0,United Kingdom
537153,10012,ROUND SNACK BOXES SET OF 4,11,01/27/2020 06:00,4.82,,Portugal
538028,10008,JUMBO BAG RED RETROSPOT,2,11/18/2019 12:00,6.03,12911.0,United Kingdom
538163,10004,VINTAGE UNION JACK BUNTING,5,02/12/2020 17:00,1.25,,France
538169,10014,STRAWBERRY CERAMIC TRINKET BOX,10,11/18/2019 07:00,1.4,14515.0,United Kingdom
537774,10018,ALARM CLOCK BAKELIKE RED,1,11/18/2019 04:00,2.18,,United Kingdom
537308,10000,WHITE HANGING HEART T-LIGHT HOLDER,4,01/09/2020 02:00,10.42,12482.0,United Kingdom
537379,10011,RECIPE BOX PANTRY DESIGN,1,12/05/2019 14:00,13.38,17558.0,United Kingdom
538203,10014,STRAWBERRY CERAMIC TRINKET BOX,2,12/05/2019 21:00,5.44,,United Kingdom
536898,10014,STRAWBERRY CERAMIC TRINKET BOX,2,11/24/2019 09:00,3.42,,United Kingdom
537015,10004,VINTAGE UNION JACK BUNTING,7,01/12/2020 22:00,9.35,16992.0,United Kingdom
538046,10002,RED WOOLLY HOTTIE MUG,3,11/04/2019 05:00,1.9,18167.0,France
537089,10010,LUNCH BAG WOODLAND,2,11/30/2019 10:00,1.66,15435.0,Australia
536805,10012,ROUND SNACK BOXES SET OF 4,4,01/06/2020 10:00,2.16,12544.0,Australia
537415,10005,SET OF 3 CAKE TINS,1,12/29/2019 09:00,0.92,,United Kingdom
536975,10007,REGENCY CAKESTAND 3 TIER,6,01/24/2020 00:00,2.06,13582.0,Germany
538035,10010,LUNCH BAG WOODLAND,13,11/26/2019 22:00,0.8,13774.0,Germany
538069,10009,PARTY BUNTING,4,01/17/2020 18:00,6.86,16554.0,Spain
536938,10009,PARTY BUNTING,3,01/31/2020 05:00,4.24,14317.0,United Kingdom
537357,10013,SPACEBOY LUNCH BOX,6,12/17/2019 13:00,10.27,,United Kingdom
538209,10019,HAND WARMER OWL DESIGN,1,12/01/2019 19:00,0.48,16401.0,United Kingdom
537756,10015,TRAVEL SEWING KIT,7,01/06/2020 14:00,16.47,13903.0,United Kingdom
536769,10000,WHITE HANGING HEART T-LIGHT HOLDER,90,01/09/2020 11:00,0.51,17464.0,United Kingdom
537472,10006,PACK OF 72 RETRO SPOT CAKE CASES,4,11/12/2019 07:00,0.74,,United Kingdom
537527,10000,WHITE HANGING HEART T-LIGHT HOLDER,4,01/07/2020 20:00,1.32,17729.0,United Kingdom
537590,10017,WOODEN FRAME ANTIQUE WHITE,9,11/19/2019 12:00,9.09,16644.0,Germany
536411,10012,ROUND SNACK BOXES SET OF 4,21,01/08/2020 06:00,3.08,,EIRE
536926,10004,VINTAGE UNION JACK BUNTING,11,02/20/2020 20:00,1.93,,United Kingdom
537967,10016,VINTAGE SNAKES AND LADDERS,1,01/04/2020 11:00,1.11,17920.0,United Kingdom
536817,10011,RECIPE BOX PANTRY DESIGN,7,01/31/2020 09:00,0.62,12729.0,United Kingdom
536926,10001,WOODEN PICTURE FRAME,53,12/08/2019 04:00,7.63,17216.0,EIRE
536969,10003,GLASS JAR CANDLE,8,02/19/2020 18:00,5.47,15079.0,United Kingdom
536697,10016,VINTAGE SNAKES AND LADDERS,1,02/06/2020 13:00,9.51,17984.0,United Kingdom
536656,10005,SET OF 3 CAKE TINS,5,02/19/2020 00:00,3.66,13584.0,United Kingdom
537015,10010,LUNCH BAG WOODLAND,1,01/29/2020 00:00,0.25,16620.0,EIRE
538004,10017,WOODEN FRAME ANTIQUE WHITE,14,01/17/2020 22:00,0.71,18095.0,Spain
536367,10005,SET OF 3 CAKE TINS,2,01/03/2020 00:00,3.92,,United Kingdom
536896,10000,WHITE HANGING HEART T-LIGHT HOLDER,4,02/20/2020 10:00,1.7,12987.0,United Kingdom
536478,10001,WOODEN PICTURE FRAME,2,02/10/2020 19:00,1.41,,United Kingdom
537417,10018,ALARM CLOCK BAKELIKE RED,2,12/21/2019 00:00,0.82,,France
536834,10011,RECIPE BOX PANTRY DESIGN,18,11/11/2019 06:00,6.34,,Netherlands
537849,10006,PACK OF 72 RETRO SPOT CAKE CASES,4,11/01/2019 10:00,3.88,15208.0,United Kingdom
537461,10001,WOODEN PICTURE FRAME,2,11/29/2019 00:00,4.06,17886.0,United Kingdom
537834,10013,SPACEBOY LUNCH BOX,1,11/08/2019 12:00,1.31,15780.0,United Kingdom
537555,10000,WHITE HANGING HEART T-LIGHT HOLDER,1,11/26/2019 09:00,2.93,16152.0,Netherlands
537186,10001,WOODEN PICTURE FRAME,1,11/14/2019 03:00,0.65,,Netherlands
537979,10011,RECIPE BOX PANTRY DESIGN,5,02/26/2020 18:00,2.16,17926.0,United Kingdom
537257,10012,ROUND SNACK BOXES SET OF 4,11,11/12/2019 10:00,0.25,14373.0,France
538146,10011,RECIPE BOX PANTRY DESIGN,2,01/15/2020 06:00,0.51,14045.0,Switzerland
538230,10018,ALARM CLOCK BAKELIKE RED,20,12/13/2019 05:00,1.78,16794.0,EIRE
537469,10005,SET OF 3 CAKE TINS,2,11/21/2019 21:00,26.45,,United Kingdom
537629,10011,RECIPE BOX PANTRY DESIGN,3,01/24/2020 04:00,0.41,15004.0,United Kingdom
536844,10006,PACK OF 72 RETRO SPOT CAKE CASES,1,02/25/2020 12:00,0.71,16494.0,United Kingdom
537892,10007,REGENCY CAKESTAND 3 TIER,11,02/03/2020 21:00,3.05,,United Kingdom
537624,10003,GLASS JAR CANDLE,33,02/26/2020 01:00,14.43,17774.0,Portugal
538057,10015,TRAVEL SEWING KIT,1,01/10/2020 20:00,3.01,,Germany
536865,10014,STRAWBERRY CERAMIC TRINKET BOX,3,01/20/2020 20:00,4.96,16826.0,EIRE
537841,10014,STRAWBERRY CERAMIC TRINKET BOX,14,11/18/2019 13:00,1.75,13695.0,France
537246,10002,RED WOOLLY HOTTIE MUG,1,02/11/2020 07:00,1.48,,United Kingdom
536712,10002,RED WOOLLY HOTTIE MUG,7,01/29/2020 18:00,2.67,,France
536685,10015,TRAVEL SEWING KIT,14,12/01/2019 11:00,1.27,16803.0,United Kingdom
537419,10013,SPACEBOY LUNCH BOX,4,12/13/2019 14:00,5.07,12950.0,Germany
536963,10000,WHITE HANGING HEART T-LIGHT HOLDER,7,01/13/2020 07:00,0.49,,United Kingdom
536556,10013,SPACEBOY LUNCH BOX,24,11/02/2019 13:00,5.99,18045.0,United Kingdom
537165,10019,HAND WARMER OWL DESIGN,28,02/07/2020 04:00,2.56,17205.0,United Kingdom
537589,10015,TRAVEL SEWING KIT,4,12/04/2019 16:00,1.98,17030.0,United Kingdom
536963,10005,SET OF 3 CAKE TINS,2,11/10/2019 00:00,0.48,15186.0,Portugal
538156,10006,PACK OF 72 RETRO SPOT CAKE CASES,2,12/10/2019 16:00,0.92,13801.0,Belgium
537826,10015,TRAVEL SEWING KIT,11,02/09/2020 07:00,8.16,18201.0,United Kingdom
537326,10008,JUMBO BAG RED RETROSPOT,1,12/03/2019 22:00,2.0,15489.0,United Kingdom
538117,10014,STRAWBERRY CERAMIC TRINKET BOX,3,01/04/2020 17:00,3.25,17196.0,Belgium
537176,10019,HAND WARMER OWL DESIGN,4,02/06/2020 10:00,1.02,16589.0,Germany
536626,10008,JUMBO BAG RED RETROSPOT,2,11/05/2019 01:00,2.39,16511.0,United Kingdom
536432,10011,RECIPE BOX PANTRY DESIGN,5,01/31/2020 05:00,0.62,14440.0,United Kingdom
538123,10009,PARTY BUNTING,53,12/05/2019 15:00,2.72,,United Kingdom
538164,10010,LUNCH BAG WOODLAND,4,01/23/2020 11:00,3.56,,Belgium
537751,10001,WOODEN PICTURE FRAME,3,11/23/2019 13:00,3.39,15925.0,United Kingdom
536558,10019,HAND WARMER OWL DESIGN,11,11/17/2019 16:00,1.0,16613.0,Spain
536915,10010,LUNCH BAG WOODLAND,5,02/03/2020 15:00,1.75,,Spain
536442,10004,VINTAGE UNION JACK BUNTING,17,02/05/2020 23:00,4.21,13697.0,United Kingdom
536461,10011,RECIPE BOX PANTRY DESIGN,5,02/26/2020 19:00,1.99,12633.0,United Kingdom
536826,10007,REGENCY CAKESTAND 3 TIER,3,01/21/2020 06:00,1.85,15473.0,Spain
537437,10016,VINTAGE SNAKES AND LADDERS,1,12/26/2019 22:00,16.5,16319.0,United Kingdom
536487,10015,TRAVEL SEWING KIT,1,11/24/2019 09:00,0.95,13594.0,United Kingdom
538211,10007,REGENCY CAKESTAND 3 TIER,1,12/06/2019 10:00,7.25,16574.0,United Kingdom
537218,10014,STRAWBERRY CERAMIC TRINKET BOX,6,01/17/2020 19:00,0.78,12364.0,United Kingdom
536859,10000,WHITE HANGING HEART T-LIGHT HOLDER,1,12/12/2019 13:00,4.73,17493.0,United Kingdom
537332,10019,HAND WARMER OWL DESIGN,14,12/29/2019 00:00,4.99,,EIRE
537846,10010,LUNCH BAG WOODLAND,4,11/21/2019 04:00,1.48,16405.0,Spain
536951,10013,SPACEBOY LUNCH BOX,3,12/23/2019 17:00,0.73,16547.0,United Kingdom
536454,10012,ROUND SNACK BOXES SET OF 4,2,11/29/2019 13:00,0.34,,United Kingdom
536460,10006,PACK OF 72 RETRO SPOT CAKE CASES,8,11/14/2019 11:00,1.33,18261.0,United Kingdom
537962,10013,SPACEBOY LUNCH BOX,2,11/16/2019 20:00,4.16,16781.0,United Kingdom
536574,10007,REGENCY CAKESTAND 3 TIER,2,01/02/2020 05:00,0.84,13421.0,United Kingdom
537556,10013,SPACEBOY LUNCH BOX,13,12/14/2019 23:00,2.71,17825.0,United Kingdom
537085,10001,WOODEN PICTURE FRAME,6,11/12/2019 23:00,0.56,16739.0,Australia
537822,10002,RED WOOLLY HOTTIE MUG,3,01/01/2020 17:00,1.95,14192.0,Germany
536478,10018,ALARM CLOCK BAKELIKE RED,8,11/20/2019 17:00,0.78,17977.0,United Kingdom
538048,10014,STRAWBERRY CERAMIC TRINKET BOX,4,11/02/2019 20:00,2.28,,United Kingdom
537674,10002,RED WOOLLY HOTTIE MUG,6,11/16/2019 21:00,1.49,,Germany
537207,10004,VINTAGE UNION JACK BUNTING,2,12/24/2019 20:00,0.75,16327.0,United Kingdom
536753,10010,LUNCH BAG WOODLAND,32,02/23/2020 12:00,1.27,18068.0,United Kingdom
538197,10000,WHITE HANGING HEART T-LIGHT HOLDER,2,11/30/2019 00:00,0.97,15732.0,United Kingdom
536931,10008,JUMBO BAG RED RETROSPOT,19,12/05/2019 04:00,0.66,18253.0,United Kingdom
537284,10006,PACK OF 72 RETRO SPOT CAKE CASES,3,11/30/2019 03:00,7.26,14035.0,United Kingdom
537103,10002,RED WOOLLY HOTTIE MUG,9,12/13/2019 15:00,1.72,17108.0,Germany
536797,10005,SET OF 3 CAKE TINS,8,01/26/2020 02:00,0.27,13803.0,United Kingdom
537146,10005,SET OF 3 CAKE TINS,13,12/09/2019 15:00,1.32,18282.0,United Kingdom
536649,10001,WOODEN PICTURE FRAME,2,01/18/2020 22:00,6.14,16883.0,United Kingdom
536368,10012,ROUND SNACK BOXES SET OF 4,12,02/16/2020 19:00,1.15,16064.0,France
536908,10005,SET OF 3 CAKE TINS,26,02/22/2020 13:00,11.0,,United Kingdom
536575,10000,WHITE HANGING HEART T-LIGHT HOLDER,3,01/07/2020 13:00,1.04,15299.0,Germany
537142,10000,WHITE HANGING HEART T-LIGHT HOLDER,4,01/25/2020 14:00,4.07,13201.0,United Kingdom
537982,10019,HAND WARMER OWL DESIGN,2,02/19/2020 08:00,6.94,17797.0,Portugal
536669,10002,RED WOOLLY HOTTIE MUG,3,02/03/2020 10:00,3.86,14598.0,Spain
536367,10018,ALARM CLOCK BAKELIKE RED,22,12/07/2019 00:00,0.62,17282.0,France
536573,10003,GLASS JAR CANDLE,1,11/16/2019 20:00,0.96,17729.0,United Kingdom
537317,10001,WOODEN PICTURE FRAME,2,11/14/2019 18:00,7.93,13000.0,United Kingdom
536880,10010,LUNCH BAG WOODLAND,20,02/14/2020 21:00,1.1,16856.0,United Kingdom
537282,10017,WOODEN FRAME ANTIQUE WHITE,8,01/06/2020 18:00,6.53,14144.0,France
536419,10001,WOODEN PICTURE FRAME,34,12/06/2019 13:00,1.6,,Netherlands
536989,10006,PACK OF 72 RETRO SPOT CAKE CASES,3,12/12/2019 11:00,2.83,13894.0,United Kingdom
537134,10015,TRAVEL SEWING KIT,5,12/04/2019 19:00,0.62,15613.0,Germany
537173,10001,WOODEN PICTURE FRAME,2,02/05/2020 06:00,1.34,17427.0,United Kingdom
537398,10003,GLASS JAR CANDLE,5,01/13/2020 12:00,1.03,16455.0,United Kingdom
537828,10006,PACK OF 72 RETRO SPOT CAKE CASES,1,02/14/2020 13:00,3.08,13731.0,United Kingdom
537241,10016,VINTAGE SNAKES AND LADDERS,8,12/07/2019 05:00,2.7,14104.0,United Kingdom
537942,10016,VINTAGE SNAKES AND LADDERS,6,12/27/2019 17:00,3.91,,Germany
537358,10014,STRAWBERRY CERAMIC TRINKET BOX,4,11/15/2019 14:00,1.51,16718.0,United Kingdom
536853,10013,SPACEBOY LUNCH BOX,3,02/25/2020 14:00,0.97,15428.0,United Kingdom
536794,10000,WHITE HANGING HEART T-LIGHT HOLDER,2,01/01/2020 10:00,2.95,,United Kingdom
536969,10004,VINTAGE UNION JACK BUNTING,8,01/06/2020 09:00,0.88,,United Kingdom
537485,10018,ALARM CLOCK BAKELIKE RED,1,12/20/2019 15:00,7.23,12795.0,United Kingdom
536819,10014,STRAWBERRY CERAMIC TRINKET BOX,7,12/03/2019 12:00,2.19,,United Kingdom
538079,10004,VINTAGE UNION JACK BUNTING,32,02/22/2020 20:00,1.78,15344.0,United Kingdom
537264,10014,STRAWBERRY CERAMIC TRINKET BOX,18,12/29/2019 16:00,3.9,15263.0,United Kingdom
537983,10014,STRAWBERRY CERAMIC TRINKET BOX,1,01/21/2020 00:00,2.28,16867.0,France
537646,10014,STRAWBERRY CERAMIC TRINKET BOX,2,11/05/2019 11:00,0.47,13477.0,Spain
536990,10019,HAND WARMER OWL DESIGN,6,12/04/2019 02:00,0.85,12533.0,United Kingdom
536792,10010,LUNCH BAG WOODLAND,4,02/05/2020 12:00,7.08,13954.0,United Kingdom
537759,10001,WOODEN PICTURE FRAME,1,11/11/2019 13:00,2.67,13584.0,United Kingdom
536985,10016,VINTAGE SNAKES AND LADDERS,6,11/13/2019 04:00,0.46,17087.0,France
536827,10000,WHITE HANGING HEART T-LIGHT HOLDER,4,02/06/2020 05:00,3.5,17208.0,United Kingdom
538109,10012,ROUND SNACK BOXES SET OF 4,28,12/08/2019 01:00,1.41,16112.0,France
537269,10015,TRAVEL SEWING KIT,3,12/03/2019 21:00,1.03,,United Kingdom
536456,10002,RED WOOLLY HOTTIE MUG,13,01/07/2020 20:00,0.78,15106.0,United Kingdom
537292,10015,TRAVEL SEWING KIT,1,11/24/2019 09:00,6.69,13774.0,United Kingdom
537228,10016,VINTAGE SNAKES AND LADDERS,1,11/06/2019 03:00,0.34,14316.0,United Kingdom
537984,10013,SPACEBOY LUNCH BOX,8,11/01/2019 12:00,1.06,,United Kingdom
537699,10006,PACK OF 72 RETRO SPOT CAKE CASES,12,11/10/2019 12:00,2.77,17696.0,United Kingdom
536723,10004,VINTAGE UNION JACK BUNTING,2,11/20/2019 00:00,11.92,15935.0,EIRE
536647,10014,STRAWBERRY CERAMIC TRINKET BOX,4,01/23/2020 13:00,4.28,,United Kingdom
537496,10003,GLASS JAR CANDLE,1,12/06/2019 18:00,1.06,14018.0,United Kingdom
536453,10013,SPACEBOY LUNCH BOX,3,11/09/2019 14:00,11.35,16612.0,United Kingdom
536963,10003,GLASS JAR CANDLE,9,11/02/2019 17:00,0.63,14309.0,Germany
536624,10006,PACK OF 72 RETRO SPOT CAKE CASES,3,12/28/2019 06:00,3.21,14995.0,United Kingdom
536403,10010,LUNCH BAG WOODLAND,3,02/09/2020 20:00,4.01,16218.0,United Kingdom
538087,10003,GLASS JAR CANDLE,1,12/11/2019 15:00,1.02,18175.0,France
536533,10015,TRAVEL SEWING KIT,2,11/08/2019 15:00,4.94,15662.0,United Kingdom
536382,10013,SPACEBOY LUNCH BOX,24,11/28/2019 09:00,1.47,16564.0,United Kingdom
538114,10000,WHITE HANGING HEART T-LIGHT HOLDER,4,12/30/2019 22:00,4.93,15879.0,United Kingdom
536718,10016,VINTAGE SNAKES AND LADDERS,1,11/23/2019 15:00,0.39,14862.0,United Kingdom
537896,10014,STRAWBERRY CERAMIC TRINKET BOX,3,02/26/2020 10:00,3.44,,United Kingdom
536423,10016,VINTAGE SNAKES AND LADDERS,1,01/31/2020 15:00,1.63,,United Kingdom
536652,10012,ROUND SNACK BOXES SET OF 4,1,12/12/2019 08:00,7.77,14190.0,United Kingdom
536572,10012,ROUND SNACK BOXES SET OF 4,16,02/23/2020 05:00,2.35,17667.0,EIRE
537689,10007,REGENCY CAKESTAND 3 TIER,4,12/10/2019 00:00,8.58,15026.0,France
537527,10004,VINTAGE UNION JACK BUNTING,27,11/17/2019 19:00,4.09,16742.0,United Kingdom
537256,10004,VINTAGE UNION JACK BUNTING,4,02/21/2020 15:00,2.17,15418.0,United Kingdom
536818,10006,PACK OF 72 RETRO SPOT CAKE CASES,4,02/24/2020 04:00,5.41,16902.0,Germany
536531,10005,SET OF 3 CAKE TINS,8,12/08/2019 12:00,5.44,,United Kingdom
537432,10015,TRAVEL SEWING KIT,1,01/11/2020 09:00,3.94,14862.0,United Kingdom
536797,10010,LUNCH BAG WOODLAND,5,11/21/2019 19:00,0.25,16508.0,United Kingdom
537471,10008,JUMBO BAG RED RETROSPOT,4,01/17/2020 00:00,0.92,15360.0,Belgium
537654,10014,STRAWBERRY CERAMIC TRINKET BOX,18,01/22/2020 20:00,9.82,17093.0,Belgium
537957,10014,STRAWBERRY CERAMIC TRINKET BOX,11,01/25/2020 05:00,0.7,13483.0,United Kingdom
537291,10018,ALARM CLOCK BAKELIKE RED,1,01/08/2020 06:00,5.94,16677.0,Germany
536373,10006,PACK OF 72 RETRO SPOT CAKE CASES,14,01/24/2020 12:00,4.99,,United Kingdom
536891,10004,VINTAGE UNION JACK BUNTING,3,01/06/2020 15:00,1.19,,Netherlands
537965,10000,WHITE HANGING HEART T-LIGHT HOLDER,2,02/07/2020 09:00,0.33,,United Kingdom
537364,10003,GLASS JAR CANDLE,5,11/22/2019 13:00,1.39,16514.0,Netherlands
537525,10012,ROUND SNACK BOXES SET OF 4,3,12/29/2019 00:00,19.65,,United Kingdom
537223,10016,VINTAGE SNAKES AND LADDERS,19,12/20/2019 23:00,1.04,12541.0,Belgium
536670,10012,ROUND SNACK BOXES SET OF 4,6,01/04/2020 00:00,1.11,17979.0,Germany
538046,10019,HAND WARMER OWL DESIGN,5,11/18/2019 01:00,0.91,15006.0,France
537814,10012,ROUND SNACK BOXES SET OF 4,10,12/09/2019 20:00,8.29,13324.0,United Kingdom
538230,10017,WOODEN FRAME ANTIQUE WHITE,12,02/23/2020 12:00,1.93,13686.0,France
537969,10005,SET OF 3 CAKE TINS,9,11/13/2019 15:00,1.32,17276.0,United Kingdom
536910,10006,PACK OF 72 RETRO SPOT CAKE CASES,17,01/16/2020 06:00,10.11,14316.0,Belgium
536841,10016,VINTAGE SNAKES AND LADDERS,7,01/19/2020 18:00,4.39,14018.0,United Kingdom
536830,10013,SPACEBOY LUNCH BOX,5,12/27/2019 23:00,0.98,15241.0,EIRE
538087,10009,PARTY BUNTING,14,11/05/2019 00:00,0.72,,United Kingdom
537409,10019,HAND WARMER OWL DESIGN,4,11/05/2019 02:00,7.83,15674.0,United Kingdom
537217,10015,TRAVEL SEWING KIT,4,12/04/2019 02:00,2.5,,Netherlands
538180,10005,SET OF 3 CAKE TINS,23,11/13/2019 07:00,0.52,17310.0,United Kingdom
537496,10012,ROUND SNACK BOXES SET OF 4,21,11/12/2019 07:00,0.41,14895.0,United Kingdom
538070,10007,REGENCY CAKESTAND 3 TIER,4,11/20/2019 05:00,0.81,13642.0,United Kingdom
538211,10008,JUMBO BAG RED RETROSPOT,3,11/23/2019 21:00,0.71,15045.0,EIRE
536513,10016,VINTAGE SNAKES AND LADDERS,18,02/09/2020 15:00,0.32,,United Kingdom
537042,10013,SPACEBOY LUNCH BOX,9,01/16/2020 16:00,0.82,14248.0,France
537741,10000,WHITE HANGING HEART T-LIGHT HOLDER,6,11/04/2019 15:00,0.98,13122.0,United Kingdom
537889,10011,RECIPE BOX PANTRY DESIGN,3,01/15/2020 10:00,1.55,16319.0,United Kingdom
536643,10012,ROUND SNACK BOXES SET OF 4,6,11/17/2019 09:00,13.37,18145.0,Portugal
536961,10010,LUNCH BAG WOODLAND,4,12/21/2019 13:00,1.88,15229.0,United Kingdom
537392,10005,SET OF 3 CAKE TINS,2,11/05/2019 13:00,2.08,12931.0,United Kingdom
537863,10012,ROUND SNACK BOXES SET OF 4,5,11/11/2019 19:00,4.09,12786.0,United Kingdom
536576,10018,ALARM CLOCK BAKELIKE RED,5,11/16/2019 22:00,1.94,,United Kingdom
537491,10001,WOODEN PICTURE FRAME,3,12/23/2019 00:00,3.67,14413.0,United Kingdom
536920,10012,ROUND SNACK BOXES SET OF 4,10,12/26/2019 14:00,3.26,14105.0,United Kingdom
536770,10018,ALARM CLOCK BAKELIKE RED,15,12/13/2019 08:00,2.78,12951.0,Germany
537331,10008,JUMBO BAG RED RETROSPOT,11,01/14/2020 10:00,39.11,16289.0,United Kingdom
537141,10006,PACK OF 72 RETRO SPOT CAKE CASES,3,01/26/2020 11:00,6.12,,United Kingdom
537556,10004,VINTAGE UNION JACK BUNTING,9,01/27/2020 11:00,0.83,17717.0,Belgium
536960,10004,VINTAGE UNION JACK BUNTING,4,01/09/2020 12:00,3.56,13583.0,United Kingdom
537908,10007,REGENCY CAKESTAND 3 TIER,1,01/05/2020 11:00,1.11,12756.0,France
536511,10015,TRAVEL SEWING KIT,8,12/30/2019 00:00,3.84,16508.0,Germany
537981,10003,GLASS JAR CANDLE,5,11/29/2019 13:00,0.62,14450.0,United Kingdom
536420,10004,VINTAGE UNION JACK BUNTING,54,12/29/2019 10:00,0.81,16480.0,United Kingdom
537744,10019,HAND WARMER OWL DESIGN,17,11/02/2019 05:00,3.47,12582.0,United Kingdom
537014,10019,HAND WARMER OWL DESIGN,8,02/24/2020 23:00,1513.32,17463.0,Spain
537083,10004,VINTAGE UNION JACK BUNTING,5,12/15/2019 10:00,4.07,,United Kingdom
536400,10008,JUMBO BAG RED RETROSPOT,5,01/30/2020 18:00,5.78,16839.0,United Kingdom
537681,10008,JUMBO BAG RED RETROSPOT,1,02/23/2020 20:00,3.57,,United Kingdom
536675,10005,SET OF 3 CAKE TINS,1,12/30/2019 15:00,2.92,15527.0,United Kingdom
537600,10003,GLASS JAR CANDLE,2,02/12/2020 10:00,1.49,,Belgium
537724,10001,WOODEN PICTURE FRAME,4,12/28/2019 12:00,5.55,,United Kingdom
537949,10012,ROUND SNACK BOXES SET OF 4,1,11/16/2019 21:00,6.85,,EIRE
537692,10000,WHITE HANGING HEART T-LIGHT HOLDER,2,11/04/2019 04:00,2.31,12380.0,United Kingdom
536930,10012,ROUND SNACK BOXES SET OF 4,3,11/17/2019 06:00,2.19,13218.0,France
537749,10001,WOODEN PICTURE FRAME,3,02/22/2020 03:00,12.08,16190.0,Portugal
537913,10003,GLASS JAR CANDLE,2,12/28/2019 00:00,2.41,12498.0,Belgium
536959,10000,WHITE HANGING HEART T-LIGHT HOLDER,3,12/09/2019 07:00,2.65,14067.0,United Kingdom
536597,10007,REGENCY CAKESTAND 3 TIER,23,12/24/2019 13:00,3.99,16193.0,United Kingdom
538033,10006,PACK OF 72 RETRO SPOT CAKE CASES,8,12/01/2019 17:00,2.23,13831.0,Netherlands
536642,10006,PACK OF 72 RETRO SPOT CAKE CASES,2,02/13/2020 12:00,1.08,17875.0,France
537478,10006,PACK OF 72 RETRO SPOT CAKE CASES,4,02/28/2020 23:00,3.59,18137.0,Portugal
536808,10018,ALARM CLOCK BAKELIKE RED,4,11/11/2019 04:00,2.37,12545.0,United Kingdom
536601,10008,JUMBO BAG RED RETROSPOT,2,01/26/2020 06:00,15.52,13381.0,United Kingdom
537820,10016,VINTAGE SNAKES AND LADDERS,2,12/11/2019 06:00,5.41,17737.0,France
536634,10004,VINTAGE UNION JACK BUNTING,11,11/06/2019 16:00,1.36,12538.0,Germany
537621,10009,PARTY BUNTING,3,02/19/2020 16:00,5.1,15237.0,United Kingdom
537664,10001,WOODEN PICTURE FRAME,1,11/08/2019 10:00,3.35,17986.0,United Kingdom
536477,10005,SET OF 3 CAKE TINS,4,11/25/2019 17:00,9.11,15842.0,United Kingdom
536689,10001,WOODEN PICTURE FRAME,5,11/04/2019 01:00,1.46,,United Kingdom
537854,10000,WHITE HANGING HEART T-LIGHT HOLDER,1,12/27/2019 13:00,2.97,12383.0,United Kingdom
537316,10003,GLASS JAR CANDLE,4,01/11/2020 23:00,2.23,14683.0,Switzerland
536592,10003,GLASS JAR CANDLE,10,12/09/2019 11:00,2.61,15565.0,United Kingdom
538224,10006,PACK OF 72 RETRO SPOT CAKE CASES,6,11/09/2019 14:00,1.01,,United Kingdom
536861,10014,STRAWBERRY CERAMIC TRINKET BOX,38,11/14/2019 22:00,4.38,,United Kingdom
536372,10002,RED WOOLLY HOTTIE MUG,14,02/21/2020 01:00,3.74,14746.0,Netherlands
538097,10012,ROUND SNACK BOXES SET OF 4,17,02/05/2020 17:00,8.89,,Spain
536396,10007,REGENCY CAKESTAND 3 TIER,67,02/21/2020 11:00,2.44,,United Kingdom
537402,10008,JUMBO BAG RED RETROSPOT,9,01/03/2020 17:00,1.63,17655.0,EIRE
538227,10018,ALARM CLOCK BAKELIKE RED,5,01/05/2020 13:00,5.42,16469.0,United Kingdom
537448,10009,PARTY BUNTING,11,02/03/2020 08:00,1.11,15856.0,Australia
537461,10005,SET OF 3 CAKE TINS,2795,01/14/2020 00:00,7.28,15160.0,United Kingdom
537092,10004,VINTAGE UNION JACK BUNTING,5,12/23/2019 09:00,7.26,12763.0,United Kingdom
536602,10003,GLASS JAR CANDLE,2,12/06/2019 00:00,8.65,14172.0,United Kingdom
537438,10016,VINTAGE SNAKES AND LADDERS,6,12/29/2019 06:00,3.58,,Spain
538047,10013,SPACEBOY LUNCH BOX,2,11/08/2019 16:00,1.51,14520.0,United Kingdom
536535,10005,SET OF 3 CAKE TINS,2,11/24/2019 02:00,2.74,15159.0,EIRE
538015,10009,PARTY BUNTING,6,01/28/2020 12:00,3.6,15977.0,Germany
537143,10010,LUNCH BAG WOODLAND,4,02/13/2020 04:00,1.4,14454.0,France
537370,10000,WHITE HANGING HEART T-LIGHT HOLDER,1,11/13/2019 05:00,9.33,,United Kingdom
536675,10018,ALARM CLOCK BAKELIKE RED,1,11/12/2019 15:00,4.39,16564.0,Germany
537530,10015,TRAVEL SEWING KIT,1,11/11/2019 06:00,1.01,,Switzerland
536706,10010,LUNCH BAG WOODLAND,2,02/04/2020 00:00,16.17,13091.0,United Kingdom
536877,10014,STRAWBERRY CERAMIC TRINKET BOX,6,12/08/2019 08:00,2.71,16482.0,United Kingdom
537718,10002,RED WOOLLY HOTTIE MUG,5,12/10/2019 05:00,0.82,15826.0,United Kingdom
536459,10019,HAND WARMER OWL DESIGN,12,11/02/2019 11:00,1.07,17511.0,United Kingdom
537203,10012,ROUND SNACK BOXES SET OF 4,9,02/25/2020 18:00,10.89,16736.0,United Kingdom
537479,10018,ALARM CLOCK BAKELIKE RED,12,12/23/2019 02:00,15.26,17702.0,United Kingdom
536612,10017,WOODEN FRAME ANTIQUE WHITE,7,02/04/2020 17:00,6.75,16293.0,Germany
536917,10011,RECIPE BOX PANTRY DESIGN,5,01/24/2020 22:00,9.2,17344.0,United Kingdom
537009,10005,SET OF 3 CAKE TINS,12,11/18/2019 00:00,8.3,13350.0,United Kingdom
537609,10013,SPACEBOY LUNCH BOX,10,02/05/2020 04:00,4.29,,United Kingdom
538196,10010,LUNCH BAG WOODLAND,6,01/06/2020 01:00,3.42,17957.0,United Kingdom
537932,10008,JUMBO BAG RED RETROSPOT,14,01/12/2020 13:00,4.22,17032.0,United Kingdom
536720,10014,STRAWBERRY CERAMIC TRINKET BOX,1,11/25/2019 01:00,5.13,14740.0,United Kingdom
536399,10017,WOODEN FRAME ANTIQUE WHITE,3,02/10/2020 15:00,1.17,17849.0,United Kingdom
536462,10003,GLASS JAR CANDLE,3,02/20/2020 20:00,5.11,14202.0,United Kingdom
537481,10011,RECIPE BOX PANTRY DESIGN,13,12/19/2019 19:00,10.58,12484.0,United Kingdom
536657,10015,TRAVEL SEWING KIT,20,11/12/2019 02:00,2.0,17078.0,United Kingdom
536798,10006,PACK OF 72 RETRO SPOT CAKE CASES,1,02/10/2020 21:00,1.8,14794.0,United Kingdom
537953,10006,PACK OF 72 RETRO SPOT CAKE CASES,17,02/15/2020 12:00,3.96,12549.0,France
538003,10000,WHITE HANGING HEART T-LIGHT HOLDER,1,12/31/2019 19:00,1.28,13558.0,United Kingdom
537938,10006,PACK OF 72 RETRO SPOT CAKE CASES,1,01/09/2020 12:00,0.66,12773.0,United Kingdom
536840,10011,RECIPE BOX PANTRY DESIGN,3,11/27/2019 18:00,7.75,18267.0,United Kingdom
537526,10019,HAND WARMER OWL DESIGN,3,11/09/2019 02:00,1.57,17382.0,Belgium
537510,10010,LUNCH BAG WOODLAND,1,02/22/2020 08:00,2.51,,United Kingdom
536712,10005,SET OF 3 CAKE TINS,8,12/28/2019 23:00,1.34,,France
537402,10016,VINTAGE SNAKES AND LADDERS,8,12/04/2019 00:00,8.82,17111.0,France
537349,10003,GLASS JAR CANDLE,12,01/23/2020 05:00,5.77,15695.0,United Kingdom
537107,10003,GLASS JAR CANDLE,3,11/04/2019 03:00,1.93,14103.0,United Kingdom
537774,10010,LUNCH BAG WOODLAND,4,11/10/2019 14:00,0.76,16319.0,United Kingdom
537635,10016,VINTAGE SNAKES AND LADDERS,4,11/30/2019 03:00,1.74,18002.0,United Kingdom
537363,10004,VINTAGE UNION JACK BUNTING,22,12/25/2019 02:00,4.35,15081.0,Germany
537725,10000,WHITE HANGING HEART T-LIGHT HOLDER,1,12/15/2019 00:00,2.97,12519.0,United Kingdom
537795,10014,STRAWBERRY CERAMIC TRINKET BOX,2,11/23/2019 11:00,2.74,,United Kingdom
537428,10011,RECIPE BOX PANTRY DESIGN,4,12/13/2019 04:00,3.04,13463.0,United Kingdom
536866,10013,SPACEBOY LUNCH BOX,1,12/11/2019 01:00,5.25,13430.0,Switzerland
537787,10007,REGENCY CAKESTAND 3 TIER,3,01/02/2020 23:00,2.36,16010.0,Belgium
537710,10002,RED WOOLLY HOTTIE MUG,4,01/07/2020 13:00,3.86,17092.0,United Kingdom
538208,10006,PACK OF 72 RETRO SPOT CAKE CASES,2,02/15/2020 00:00,0.92,17057.0,EIRE
536645,10009,PARTY BUNTING,4,02/05/2020 20:00,31.62,17502.0,United Kingdom
537151,10008,JUMBO BAG RED RETROSPOT,8,12/06/2019 02:00,1.85,17595.0,Germany
538097,10017,WOODEN FRAME ANTIQUE WHITE,3,02/17/2020 08:00,3.01,,Portugal
537329,10004,VINTAGE UNION JACK BUNTING,3,01/02/2020 12:00,4.33,14131.0,United Kingdom
538132,10006,PACK OF 72 RETRO SPOT CAKE CASES,3,11/23/2019 12:00,1.63,,United Kingdom
536388,10003,GLASS JAR CANDLE,4,12/11/2019 19:00,2.48,14667.0,United Kingdom
536430,10011,RECIPE BOX PANTRY DESIGN,1,01/29/2020 01:00,2.45,,United Kingdom
537857,10016,VINTAGE SNAKES AND LADDERS,6,02/07/2020 15:00,0.99,15048.0,United Kingdom
537037,10017,WOODEN FRAME ANTIQUE WHITE,3,12/15/2019 21:00,3.81,,United Kingdom
537340,10004,VINTAGE UNION JACK BUNTING,14,11/19/2019 22:00,0.47,12506.0,EIRE
537167,10008,JUMBO BAG RED RETROSPOT,7,11/24/2019 00:00,14.19,15960.0,United Kingdom
537129,10014,STRAWBERRY CERAMIC TRINKET BOX,13,11/13/2019 10:00,5.44,17478.0,United Kingdom
538126,10000,WHITE HANGING HEART T-LIGHT HOLDER,1,01/23/2020 21:00,4.66,17209.0,United Kingdom
536541,10014,STRAWBERRY CERAMIC TRINKET BOX,3,12/31/2019 09:00,0.43,14353.0,United Kingdom
537812,10002,RED WOOLLY HOTTIE MUG,1,12/25/2019 03:00,1.11,,United Kingdom
538033,10000,WHITE HANGING HEART T-LIGHT HOLDER,2,01/20/2020 15:00,9.87,,United Kingdom
537597,10002,RED WOOLLY HOTTIE MUG,14,02/08/2020 11:00,156.22,16109.0,EIRE
537105,10017,WOODEN FRAME ANTIQUE WHITE,18,02/04/2020 11:00,8.12,14777.0,Germany
536665,10013,SPACEBOY LUNCH BOX,1,11/17/2019 11:00,6.94,17851.0,France
537644,10015,TRAVEL SEWING KIT,3,01/10/2020 18:00,4.16,16567.0,United Kingdom
537243,10013,SPACEBOY LUNCH BOX,4,02/14/2020 22:00,1.05,12781.0,United Kingdom
536645,10015,TRAVEL SEWING KIT,7,02/01/2020 21:00,6.65,,United Kingdom
537039,10009,PARTY BUNTING,1,12/10/2019 13:00,0.82,16648.0,United Kingdom
538167,10016,VINTAGE SNAKES AND LADDERS,1,12/18/2019 03:00,0.73,,Belgium
536862,10001,WOODEN PICTURE FRAME,7,02/15/2020 20:00,0.69,14024.0,United Kingdom
536699,10011,RECIPE BOX PANTRY DESIGN,1,11/04/2019 22:00,6.53,13371.0,United Kingdom
537643,10015,TRAVEL SEWING KIT,3,01/03/2020 01:00,2.32,14188.0,United Kingdom
536739,10019,HAND WARMER OWL DESIGN,5,11/14/2019 22:00,2.72,17953.0,Switzerland
538089,10007,REGENCY CAKESTAND 3 TIER,6,02/16/2020 09:00,2.42,17706.0,United Kingdom
537975,10003,GLASS JAR CANDLE,4,11/05/2019 15:00,0.8,15618.0,United Kingdom
538209,10014,STRAWBERRY CERAMIC TRINKET BOX,3,11/03/2019 19:00,1.26,14497.0,EIRE
538076,10001,WOODEN PICTURE FRAME,9,12/10/2019 11:00,1.32,,Belgium
536822,10015,TRAVEL SEWING KIT,5,11/25/2019 00:00,0.6,18031.0,United Kingdom
536762,10014,STRAWBERRY CERAMIC TRINKET BOX,2,12/30/2019 11:00,1.49,13530.0,Netherlands
537007,10013,SPACEBOY LUNCH BOX,4,12/06/2019 23:00,0.83,16846.0,Germany
537245,10005,SET OF 3 CAKE TINS,6,12/13/2019 18:00,4.38,18258.0,United Kingdom
538014,10002,RED WOOLLY HOTTIE MUG,23,01/07/2020 19:00,4.76,17427.0,France
537740,10012,ROUND SNACK BOXES SET OF 4,9,01/07/2020 07:00,0.67,16618.0,France
537573,10007,REGENCY CAKESTAND 3 TIER,14,02/21/2020 05:00,1.83,17691.0,United Kingdom
538011,10007,REGENCY CAKESTAND 3 TIER,2,12/28/2019 16:00,15.74,,United Kingdom
537576,10003,GLASS JAR CANDLE,2,01/07/2020 17:00,0.92,18190.0,France
537075,10006,PACK OF 72 RETRO SPOT CAKE CASES,3,01/21/2020 09:00,3.77,,United Kingdom
537139,10016,VINTAGE SNAKES AND LADDERS,4,11/21/2019 21:00,2.73,12428.0,France
537334,10017,WOODEN FRAME ANTIQUE WHITE,1,01/20/2020 01:00,7.34,13529.0,United Kingdom
536531,10006,PACK OF 72 RETRO SPOT CAKE CASES,14,02/12/2020 11:00,3.31,15963.0,Germany
537755,10002,RED WOOLLY HOTTIE MUG,10,12/09/2019 04:00,1.6,13817.0,United Kingdom
537588,10000,WHITE HANGING HEART T-LIGHT HOLDER,3,11/22/2019 09:00,2.63,16109.0,United Kingdom
537735,10003,GLASS JAR CANDLE,8,12/12/2019 13:00,2.67,13005.0,United Kingdom
537366,10000,WHITE HANGING HEART T-LIGHT HOLDER,5,12/04/2019 00:00,2.24,16487.0,United Kingdom
537833,10013,SPACEBOY LUNCH BOX,8,01/10/2020 05:00,0.66,,United Kingdom
538145,10012,ROUND SNACK BOXES SET OF 4,1,02/12/2020 16:00,8.53,,United Kingdom
537433,10015,TRAVEL SEWING KIT,4,01/11/2020 14:00,7.15,,Portugal
537198,10006,PACK OF 72 RETRO SPOT CAKE CASES,4,11/16/2019 01:00,0.87,18110.0,United Kingdom
536561,10016,VINTAGE SNAKES AND LADDERS,8,12/08/2019 18:00,1.82,14590.0,EIRE
537825,10003,GLASS JAR CANDLE,2,01/22/2020 17:00,1.96,15938.0,United Kingdom
538059,10004,VINTAGE UNION JACK BUNTING,1,12/10/2019 15:00,0.77,15234.0,United Kingdom
537676,10018,ALARM CLOCK BAKELIKE RED,1,01/10/2020 09:00,0.38,15882.0,United Kingdom
537987,10017,WOODEN FRAME ANTIQUE WHITE,4,01/23/2020 07:00,1.26,15050.0,United Kingdom
537979,10011,RECIPE BOX PANTRY DESIGN,4,12/10/2019 12:00,1.72,12780.0,United Kingdom
537861,10012,ROUND SNACK BOXES SET OF 4,22,01/17/2020 17:00,0.58,17272.0,United Kingdom
537307,10014,STRAWBERRY CERAMIC TRINKET BOX,7,12/18/2019 18:00,2.94,16162.0,United Kingdom
536552,10016,VINTAGE SNAKES AND LADDERS,4,11/17/2019 05:00,7.87,,United Kingdom
536371,10004,VINTAGE UNION JACK BUNTING,4,12/15/2019 16:00,5.71,,United Kingdom
536748,10001,WOODEN PICTURE FRAME,12,12/23/2019 22:00,2.17,17616.0,Belgium
537173,10003,GLASS JAR CANDLE,2,11/01/2019 06:00,0.39,,United Kingdom
537759,10007,REGENCY CAKESTAND 3 TIER,4,02/16/2020 03:00,5.03,,Australia
537219,10004,VINTAGE UNION JACK BUNTING,1,01/03/2020 08:00,2.85,,United Kingdom
536408,10010,LUNCH BAG WOODLAND,17,11/05/2019 08:00,3.76,18048.0,United Kingdom
536759,10002,RED WOOLLY HOTTIE MUG,6,02/13/2020 04:00,17.05,16266.0,United Kingdom
538201,10011,RECIPE BOX PANTRY DESIGN,2,02/11/2020 15:00,1.08,13421.0,United Kingdom
538217,10014,STRAWBERRY CERAMIC TRINKET BOX,4,11/02/2019 10:00,0.25,12556.0,United Kingdom
537072,10001,WOODEN PICTURE FRAME,7,11/20/2019 14:00,0.86,13806.0,United Kingdom
537874,10005,SET OF 3 CAKE TINS,3,12/14/2019 16:00,4.0,14955.0,Germany
537713,10010,LUNCH BAG WOODLAND,2,12/31/2019 21:00,2.53,16052.0,United Kingdom
538111,10001,WOODEN PICTURE FRAME,2,01/27/2020 02:00,0.73,17668.0,United Kingdom
538029,10013,SPACEBOY LUNCH BOX,6,12/21/2019 22:00,0.59,13183.0,United Kingdom
537543,10015,TRAVEL SEWING KIT,3,01/13/2020 10:00,1.73,16118.0,Belgium
537104,10007,REGENCY CAKESTAND 3 TIER,3,11/02/2019 05:00,0.71,12854.0,United Kingdom
537539,10000,WHITE HANGING HEART T-LIGHT HOLDER,1,01/19/2020 01:00,4.14,15206.0,United Kingdom
536963,10010,LUNCH BAG WOODLAND,4,02/18/2020 21:00,1.63,12783.0,United Kingdom
537017,10017,WOODEN FRAME ANTIQUE WHITE,3,01/03/2020 04:00,1.31,14567.0,United Kingdom
537506,10005,SET OF 3 CAKE TINS,3,12/25/2019 14:00,1.15,15947.0,United Kingdom
537436,10016,VINTAGE SNAKES AND LADDERS,5,12/06/2019 15:00,3.2,16736.0,United Kingdom
537454,10017,WOODEN FRAME ANTIQUE WHITE,9,02/23/2020 13:00,2.57,17126.0,EIRE
537086,10005,SET OF 3 CAKE TINS,8,11/04/2019 23:00,3.01,15462.0,EIRE
537132,10011,RECIPE BOX PANTRY DESIGN,7,12/05/2019 10:00,2.95,13884.0,Germany
536384,10000,WHITE HANGING HEART T-LIGHT HOLDER,3,11/17/2019 15:00,2.29,17770.0,United Kingdom
537493,10011,,2,02/12/2020 23:00,0.88,17892.0,United Kingdom
537444,10017,WOODEN FRAME ANTIQUE WHITE,1,12/28/2019 22:00,1.18,,United Kingdom
538118,10018,ALARM CLOCK BAKELIKE RED,2,02/19/2020 17:00,1.66,17050.0,United Kingdom
537310,10003,GLASS JAR CANDLE,4,01/19/2020 20:00,19.4,16967.0,United Kingdom
537241,10013,SPACEBOY LUNCH BOX,2,01/06/2020 20:00,0.64,12806.0,EIRE
536491,10001,WOODEN PICTURE FRAME,4,01/02/2020 02:00,1.62,,Belgium
536733,10005,SET OF 3 CAKE TINS,2,11/25/2019 07:00,2.71,14765.0,United Kingdom
536998,10016,VINTAGE SNAKES AND LADDERS,1,01/07/2020 11:00,1.82,13884.0,Germany
537072,10012,ROUND SNACK BOXES SET OF 4,9,01/22/2020 06:00,7.2,12750.0,Spain
537045,10007,REGENCY CAKESTAND 3 TIER,3,02/24/2020 21:00,1.81,13613.0,United Kingdom
537103,10019,HAND WARMER OWL DESIGN,2,01/05/2020 21:00,1.95,17783.0,United Kingdom
537806,10015,TRAVEL SEWING KIT,1,02/21/2020 16:00,5.55,17744.0,United Kingdom
536610,10000,WHITE HANGING HEART T-LIGHT HOLDER,6,02/22/2020 09:00,15.04,,Belgium
536987,10001,WOODEN PICTURE FRAME,16,01/02/2020 17:00,10.05,12949.0,United Kingdom
536670,10012,ROUND SNACK BOXES SET OF 4,3,12/23/2019 17:00,2.15,16424.0,United Kingdom
536942,10017,WOODEN FRAME ANTIQUE WHITE,3,11/18/2019 03:00,2.34,13099.0,United Kingdom
537648,10003,GLASS JAR CANDLE,12,12/03/2019 05:00,2.58,16401.0,France
536452,10010,LUNCH BAG WOODLAND,1,02/14/2020 12:00,2.85,12546.0,United Kingdom
537001,10016,VINTAGE SNAKES AND LADDERS,29,11/17/2019 14:00,1.05,14040.0,United Kingdom
536409,10017,WOODEN FRAME ANTIQUE WHITE,47,12/18/2019 15:00,6.28,13073.0,United Kingdom
538155,10012,ROUND SNACK BOXES SET OF 4,1,01/23/2020 20:00,3.02,17892.0,France
537728,10019,HAND WARMER OWL DESIGN,4,11/29/2019 21:00,2.35,,United Kingdom
536821,10018,ALARM CLOCK BAKELIKE RED,2,02/25/2020 22:00,0.69,17828.0,United Kingdom
536736,10016,VINTAGE SNAKES AND LADDERS,3,01/17/2020 23:00,2.62,12466.0,United Kingdom
536550,10013,SPACEBOY LUNCH BOX,3,11/04/2019 09:00,0.37,16739.0,United Kingdom
537251,10019,HAND WARMER OWL DESIGN,9,11/30/2019 16:00,1.37,,United Kingdom
537777,10000,WHITE HANGING HEART T-LIGHT HOLDER,4,01/28/2020 21:00,1.4,15131.0,France
537460,10001,WOODEN PICTURE FRAME,2,02/12/2020 14:00,3.28,17534.0,United Kingdom
538016,10010,LUNCH BAG WOODLAND,3,02/20/2020 06:00,16.12,12625.0,United Kingdom
537009,10013,SPACEBOY LUNCH BOX,7,02/11/2020 04:00,4.36,17955.0,United Kingdom
536886,10018,ALARM CLOCK BAKELIKE RED,1,11/09/2019 23:00,10.47,,United Kingdom
537261,10013,SPACEBOY LUNCH BOX,1,01/27/2020 14:00,4.69,14501.0,United Kingdom
536743,10004,VINTAGE UNION JACK BUNTING,30,11/14/2019 05:00,7.58,,United Kingdom
538194,10018,ALARM CLOCK BAKELIKE RED,2,11/10/2019 04:00,15.75,15453.0,United Kingdom
536713,10001,WOODEN PICTURE FRAME,4,01/23/2020 01:00,1.18,15885.0,Germany
537262,10001,WOODEN PICTURE FRAME,3,12/28/2019 09:00,1.11,,United Kingdom
537343,10014,STRAWBERRY CERAMIC TRINKET BOX,7,01/17/2020 18:00,4.8,17087.0,EIRE
536471,10019,HAND WARMER OWL DESIGN,24,02/11/2020 05:00,2.45,16807.0,United Kingdom
537243,10010,LUNCH BAG WOODLAND,7,11/09/2019 06:00,3.07,17980.0,United Kingdom
537217,10002,RED WOOLLY HOTTIE MUG,1,01/03/2020 07:00,1.92,,United Kingdom
536851,10000,WHITE HANGING HEART T-LIGHT HOLDER,1,02/09/2020 03:00,1.35,13387.0,Germany
536604,10019,HAND WARMER OWL DESIGN,3,12/23/2019 20:00,12.44,13270.0,United Kingdom
536449,10005,SET OF 3 CAKE TINS,3,01/02/2020 19:00,0.82,,Netherlands
536381,10012,ROUND SNACK BOXES SET OF 4,1,12/30/2019 18:00,4.89,15927.0,EIRE
537267,10006,PACK OF 72 RETRO SPOT CAKE CASES,9,02/17/2020 21:00,4.15,12667.0,United Kingdom
536533,10004,VINTAGE UNION JACK BUNTING,1,11/06/2019 23:00,0.51,,United Kingdom
538163,10013,SPACEBOY LUNCH BOX,18,02/14/2020 09:00,1.07,18221.0,United Kingdom
536823,10014,STRAWBERRY CERAMIC TRINKET BOX,25,02/06/2020 23:00,1.27,13325.0,United Kingdom
537588,10009,PARTY BUNTING,3,02/06/2020 12:00,4.33,16985.0,United Kingdom
537627,10010,LUNCH BAG WOODLAND,6,12/20/2019 11:00,1.7,15888.0,United Kingdom
537294,10009,PARTY BUNTING,1,01/01/2020 22:00,2.26,15201.0,United Kingdom
538021,10011,RECIPE BOX PANTRY DESIGN,8,12/15/2019 07:00,0.57,16710.0,EIRE
536572,10016,VINTAGE SNAKES AND LADDERS,2,12/01/2019 05:00,25.18,,United Kingdom
536803,10014,STRAWBERRY CERAMIC TRINKET BOX,1,02/14/2020 02:00,2.64,14268.0,Belgium
536838,10005,SET OF 3 CAKE TINS,3,12/31/2019 17:00,4.05,,United Kingdom
536618,10004,VINTAGE UNION JACK BUNTING,3,01/26/2020 19:00,1.43,,Switzerland
536917,10013,SPACEBOY LUNCH BOX,3,11/13/2019 02:00,1.28,,France
536951,10012,ROUND SNACK BOXES SET OF 4,10,02/03/2020 16:00,16.65,,United Kingdom
537799,10007,REGENCY CAKESTAND 3 TIER,2,01/19/2020 02:00,0.36,13447.0,United Kingdom
536930,10016,VINTAGE SNAKES AND LADDERS,23,02/28/2020 18:00,3.25,15900.0,Portugal
538008,10008,JUMBO BAG RED RETROSPOT,1,11/17/2019 01:00,0.73,14110.0,United Kingdom
537813,10006,PACK OF 72 RETRO SPOT CAKE CASES,20,01/04/2020 19:00,1.64,15107.0,Belgium
538055,10011,RECIPE BOX PANTRY DESIGN,1,01/01/2020 08:00,1.3,,United Kingdom
536562,10003,GLASS JAR CANDLE,4,01/04/2020 15:00,0.92,15725.0,United Kingdom
538211,10013,SPACEBOY LUNCH BOX,2,11/07/2019 12:00,2.55,15658.0,United Kingdom
537516,10017,WOODEN FRAME ANTIQUE WHITE,3,12/27/2019 19:00,0.25,,United Kingdom
538206,10018,ALARM CLOCK BAKELIKE RED,9,12/06/2019 22:00,1.79,14177.0,France
537030,10008,JUMBO BAG RED RETROSPOT,18,01/14/2020 02:00,2.25,15785.0,Switzerland
538151,10005,SET OF 3 CAKE TINS,13,11/28/2019 20:00,0.63,,United Kingdom
537468,10009,PARTY BUNTING,3,12/23/2019 05:00,11.17,,United Kingdom
536499,10002,RED WOOLLY HOTTIE MUG,5,01/14/2020 10:00,1.36,15720.0,Belgium
537133,10013,SPACEBOY LUNCH BOX,2,11/08/2019 16:00,1.94,14123.0,United Kingdom
536623,10008,JUMBO BAG RED RETROSPOT,2,02/03/2020 10:00,1.36,15508.0,United Kingdom
538129,10002,RED WOOLLY HOTTIE MUG,1,01/25/2020 22:00,2.27,15536.0,United Kingdom
536935,10010,LUNCH BAG WOODLAND,3,11/07/2019 21:00,9.1,17997.0,United Kingdom
536781,10014,STRAWBERRY CERAMIC TRINKET BOX,5,11/08/2019 18:00,29.17,14585.0,United Kingdom
537401,10004,VINTAGE UNION JACK BUNTING,1,02/11/2020 01:00,5.18,,United Kingdom
537162,10008,JUMBO BAG RED RETROSPOT,4,12/05/2019 00:00,7.3,16801.0,United Kingdom
536546,10017,WOODEN FRAME ANTIQUE WHITE,18,02/12/2020 07:00,13.69,,Germany
537895,10014,STRAWBERRY CERAMIC TRINKET BOX,12,12/30/2019 22:00,3.15,14883.0,United Kingdom
537950,10015,TRAVEL SEWING KIT,2,12/12/2019 02:00,11.83,12346.0,United Kingdom
537758,10008,JUMBO BAG RED RETROSPOT,1,12/03/2019 20:00,5.43,16533.0,EIRE
537521,10009,PARTY BUNTING,6,01/19/2020 02:00,2.84,,United Kingdom
537119,10009,PARTY BUNTING,1,11/14/2019 04:00,3.49,,United Kingdom
537381,10009,PARTY BUNTING,12,12/19/2019 07:00,0.4,15331.0,United Kingdom
537341,10002,RED WOOLLY HOTTIE MUG,3,12/12/2019 12:00,3.29,,Switzerland
536674,10000,WHITE HANGING HEART T-LIGHT HOLDER,25,11/19/2019 12:00,0.53,,United Kingdom
536518,10016,VINTAGE SNAKES AND LADDERS,1,12/13/2019 08:00,0.48,15076.0,United Kingdom
536839,10010,LUNCH BAG WOODLAND,10,01/03/2020 11:00,2.98,12354.0,United Kingdom
537216,10010,LUNCH BAG WOODLAND,4,01/21/2020 08:00,0.81,15320.0,United Kingdom
536665,10011,RECIPE BOX PANTRY DESIGN,3,11/11/2019 08:00,2.44,16545.0,United Kingdom
536565,10008,JUMBO BAG RED RETROSPOT,1,02/13/2020 17:00,2.82,17015.0,United Kingdom
537962,10017,WOODEN FRAME ANTIQUE WHITE,7,02/14/2020 10:00,2.95,16283.0,Germany
537068,10009,PARTY BUNTING,8,01/23/2020 01:00,1.0,17130.0,United Kingdom
537460,10010,LUNCH BAG WOODLAND,24,02/19/2020 22:00,6.04,16299.0,United Kingdom
537347,10010,LUNCH BAG WOODLAND,11,12/22/2019 08:00,2.25,16979.0,United Kingdom
537743,10003,GLASS JAR CANDLE,2,02/07/2020 15:00,3.82,14944.0,France
537752,10003,GLASS JAR CANDLE,1,01/27/2020 07:00,0.74,15923.0,United Kingdom
536920,10003,GLASS JAR CANDLE,1,01/07/2020 12:00,2.06,16144.0,France
537954,10005,SET OF 3 CAKE TINS,18,11/22/2019 13:00,7.37,15747.0,United Kingdom
537061,10003,GLASS JAR CANDLE,2,01/06/2020 22:00,6.49,15740.0,United Kingdom
537931,10004,VINTAGE UNION JACK BUNTING,18,02/17/2020 04:00,1.11,16991.0,United Kingdom
537124,10018,ALARM CLOCK BAKELIKE RED,7,02/27/2020 04:00,1.43,13765.0,United Kingdom
536573,10007,REGENCY CAKESTAND 3 TIER,6,12/24/2019 18:00,0.92,14228.0,United Kingdom
537790,10015,TRAVEL SEWING KIT,3,11/30/2019 18:00,1.28,,United Kingdom
536421,10007,REGENCY CAKESTAND 3 TIER,8,01/29/2020 17:00,0.61,16180.0,United Kingdom
537813,10016,VINTAGE SNAKES AND LADDERS,4,11/10/2019 02:00,2.14,15403.0,United Kingdom
536445,10015,TRAVEL SEWING KIT,3,11/19/2019 03:00,4.63,13530.0,United Kingdom
536752,10016,VINTAGE SNAKES AND LADDERS,8,01/07/2020 10:00,1.12,17239.0,Switzerland
537496,10005,SET OF 3 CAKE TINS,4,02/27/2020 20:00,2.25,,United Kingdom
538130,10001,WOODEN PICTURE FRAME,2,12/10/2019 11:00,1.97,14921.0,France
537130,10006,PACK OF 72 RETRO SPOT CAKE CASES,7,12/24/2019 05:00,7.06,17562.0,United Kingdom
536591,10014,STRAWBERRY CERAMIC TRINKET BOX,4,12/09/2019 16:00,1.33,14936.0,United Kingdom
536801,10013,SPACEBOY LUNCH BOX,7,12/23/2019 21:00,1.38,13305.0,United Kingdom
538045,10014,STRAWBERRY CERAMIC TRINKET BOX,3,11/01/2019 20:00,1.06,18194.0,United Kingdom
537727,10019,HAND WARMER OWL DESIGN,1,01/11/2020 09:00,0.79,14619.0,United Kingdom
536553,10004,VINTAGE UNION JACK BUNTING,23,01/11/2020 13:00,4.18,17660.0,United Kingdom
537086,10008,JUMBO BAG RED RETROSPOT,19,12/08/2019 21:00,2.15,15416.0,Germany
536861,10009,PARTY BUNTING,10,12/02/2019 16:00,2.6,13785.0,United Kingdom
536698,10002,RED WOOLLY HOTTIE MUG,3,01/31/2020 10:00,8.8,14583.0,Belgium
537952,10013,SPACEBOY LUNCH BOX,3,11/23/2019 13:00,9.32,17754.0,United Kingdom
537523,10000,WHITE HANGING HEART T-LIGHT HOLDER,16,11/06/2019 15:00,0.47,,United Kingdom
536701,10017,WOODEN FRAME ANTIQUE WHITE,3,11/05/2019 20:00,4.7,13165.0,United Kingdom
537585,10001,WOODEN PICTURE FRAME,2,02/14/2020 20:00,3.08,18210.0,Spain
537140,10002,RED WOOLLY HOTTIE MUG,26,12/14/2019 17:00,1.55,17415.0,United Kingdom
536480,10003,GLASS JAR CANDLE,4,11/13/2019 05:00,3.41,16194.0,France
537208,10017,WOODEN FRAME ANTIQUE WHITE,24,02/14/2020 12:00,0.44,13435.0,United Kingdom
536712,10017,WOODEN FRAME ANTIQUE WHITE,1,11/18/2019 20:00,10.62,15830.0,United Kingdom
536824,10018,ALARM CLOCK BAKELIKE RED,7,12/11/2019 09:00,4.12,14874.0,United Kingdom
538013,10016,VINTAGE SNAKES AND LADDERS,32,11/03/2019 11:00,1.04,13085.0,United Kingdom
537696,10018,ALARM CLOCK BAKELIKE RED,4,01/21/2020 12:00,1.37,18191.0,United Kingdom
536616,10009,PARTY BUNTING,3,01/23/2020 22:00,0.45,15930.0,Portugal
537961,10000,WHITE HANGING HEART T-LIGHT HOLDER,1,01/30/2020 19:00,1.8,,United Kingdom
537441,10008,JUMBO BAG RED RETROSPOT,12,12/02/2019 13:00,1.52,14376.0,France
538004,10004,VINTAGE UNION JACK BUNTING,2,12/10/2019 09:00,0.65,17335.0,United Kingdom
537765,10004,VINTAGE UNION JACK BUNTING,4,02/21/2020 14:00,5.35,14973.0,United Kingdom
537001,10013,SPACEBOY LUNCH BOX,1,02/07/2020 15:00,8.82,15285.0,United Kingdom
537367,10003,GLASS JAR CANDLE,19,11/05/2019 11:00,2.39,,United Kingdom
537360,10006,PACK OF 72 RETRO SPOT CAKE CASES,13,01/23/2020 01:00,1.81,13005.0,United Kingdom
537714,10007,REGENCY CAKESTAND 3 TIER,4,02/06/2020 13:00,3.8,18155.0,France
536830,10001,WOODEN PICTURE FRAME,1,01/07/2020 03:00,2.41,18004.0,Switzerland
536989,10014,STRAWBERRY CERAMIC TRINKET BOX,19,01/16/2020 19:00,0.83,,United Kingdom
536823,10015,TRAVEL SEWING KIT,3,11/01/2019 02:00,1.28,,United Kingdom
536920,10011,RECIPE BOX PANTRY DESIGN,1,11/04/2019 14:00,1.83,16392.0,United Kingdom
536667,10000,WHITE HANGING HEART T-LIGHT HOLDER,1,11/05/2019 05:00,3.15,,United Kingdom
536433,10015,TRAVEL SEWING KIT,2,11/20/2019 02:00,2.48,15670.0,United Kingdom
538127,10008,JUMBO BAG RED RETROSPOT,1,02/27/2020 22:00,3.04,17509.0,United Kingdom
536504,10005,SET OF 3 CAKE TINS,2,01/16/2020 03:00,0.54,13064.0,United Kingdom
538029,10018,ALARM CLOCK BAKELIKE RED,9,02/02/2020 21:00,4.78,12432.0,United Kingdom
536370,10017,WOODEN FRAME ANTIQUE WHITE,3,12/06/2019 11:00,1183.96,15107.0,EIRE
537822,10008,JUMBO BAG RED RETROSPOT,6,02/21/2020 13:00,31.59,,United Kingdom
536980,10008,JUMBO BAG RED RETROSPOT,2,11/24/2019 21:00,1.67,16832.0,Spain
537335,10018,ALARM CLOCK BAKELIKE RED,4,02/17/2020 07:00,3.4,14347.0,Germany
536894,10003,GLASS JAR CANDLE,28,11/04/2019 16:00,41.65,14764.0,United Kingdom
537284,10008,JUMBO BAG RED RETROSPOT,3,11/03/2019 10:00,2.99,,Portugal
537211,10011,RECIPE BOX PANTRY DESIGN,6,11/10/2019 11:00,2.3,18058.0,EIRE
537358,10006,PACK OF 72 RETRO SPOT CAKE CASES,1,02/04/2020 01:00,0.92,,United Kingdom
537102,10006,PACK OF 72 RETRO SPOT CAKE CASES,19,12/01/2019 21:00,11.34,15628.0,EIRE
537371,10002,RED WOOLLY HOTTIE MUG,3,12/25/2019 03:00,0.77,14656.0,United Kingdom
537912,10005,SET OF 3 CAKE TINS,12,12/27/2019 13:00,3.77,12559.0,United Kingdom
537179,10007,REGENCY CAKESTAND 3 TIER,4,02/03/2020 18:00,1.53,17185.0,France
537042,10016,VINTAGE SNAKES AND LADDERS,7,12/12/2019 20:00,2.04,17775.0,France
536612,10006,PACK OF 72 RETRO SPOT CAKE CASES,8,11/01/2019 19:00,0.59,13374.0,United Kingdom
537039,10003,GLASS JAR CANDLE,3,12/17/2019 09:00,9.42,16859.0,Germany
536600,10016,VINTAGE SNAKES AND LADDERS,12,12/05/2019 14:00,1.86,,United Kingdom
536707,10007,REGENCY CAKESTAND 3 TIER,2,01/27/2020 17:00,0.73,,United Kingdom
538150,10018,ALARM CLOCK BAKELIKE RED,9,01/30/2020 04:00,8.61,,EIRE
536532,10002,RED WOOLLY HOTTIE MUG,3,11/12/2019 00:00,1.49,14248.0,United Kingdom
537268,10000,WHITE HANGING HEART T-LIGHT HOLDER,6,02/04/2020 04:00,3.44,12766.0,United Kingdom
537929,10018,ALARM CLOCK BAKELIKE RED,3,11/09/2019 11:00,5.71,12553.0,United Kingdom
538152,10001,WOODEN PICTURE FRAME,4,01/14/2020 09:00,3.95,13399.0,United Kingdom
536640,10000,WHITE HANGING HEART T-LIGHT HOLDER,1,12/17/2019 17:00,0.27,15481.0,United Kingdom
536671,10012,ROUND SNACK BOXES SET OF 4,5,12/07/2019 03:00,4.93,13183.0,United Kingdom
537063,10006,PACK OF 72 RETRO SPOT CAKE CASES,4,12/29/2019 00:00,2.22,16425.0,United Kingdom
537404,10009,PARTY BUNTING,2,12/08/2019 06:00,1.77,16027.0,United Kingdom
538164,10008,JUMBO BAG RED RETROSPOT,4,02/04/2020 07:00,2.21,14393.0,United Kingdom
536754,10005,SET OF 3 CAKE TINS,5,02/25/2020 01:00,0.49,12864.0,Portugal
536673,10009,PARTY BUNTING,2,02/06/2020 22:00,2.98,,Australia
536839,10005,SET OF 3 CAKE TINS,4,12/23/2019 17:00,0.63,17235.0,United Kingdom
538004,10004,VINTAGE UNION JACK BUNTING,1,12/31/2019 09:00,1.85,,Belgium
536421,10004,VINTAGE UNION JACK BUNTING,42,12/24/2019 16:00,2.88,17138.0,United Kingdom
537077,10002,RED WOOLLY HOTTIE MUG,12,02/04/2020 06:00,7.2,14046.0,United Kingdom
536588,10010,LUNCH BAG WOODLAND,5,01/06/2020 07:00,1.08,,United Kingdom
536659,10010,LUNCH BAG WOODLAND,13,12/27/2019 04:00,10.5,16207.0,United Kingdom
538084,10000,WHITE HANGING HEART T-LIGHT HOLDER,1,12/20/2019 03:00,6.34,17622.0,United Kingdom
536368,10009,PARTY BUNTING,1,12/16/2019 00:00,1.6,17595.0,United Kingdom
536967,10014,STRAWBERRY CERAMIC TRINKET BOX,3,01/06/2020 08:00,0.81,18044.0,United Kingdom
538081,10000,WHITE HANGING HEART T-LIGHT HOLDER,1,01/22/2020 16:00,0.58,,United Kingdom
537505,10006,PACK OF 72 RETRO SPOT CAKE CASES,3,12/22/2019 21:00,3.23,12604.0,United Kingdom
536499,10019,HAND WARMER OWL DESIGN,5,02/05/2020 19:00,1.18,15729.0,Belgium
537236,10008,JUMBO BAG RED RETROSPOT,10,02/08/2020 05:00,8.16,,United Kingdom
538185,10000,WHITE HANGING HEART T-LIGHT HOLDER,1,12/22/2019 12:00,1.25,18274.0,United Kingdom
537115,10010,LUNCH BAG WOODLAND,6,02/18/2020 02:00,1.0,14006.0,United Kingdom
537356,10008,JUMBO BAG RED RETROSPOT,4,11/21/2019 18:00,3.11,,Spain
537362,10004,VINTAGE UNION JACK BUNTING,6,02/20/2020 21:00,1.24,16295.0,France
537603,10001,WOODEN PICTURE FRAME,2,12/06/2019 07:00,2.48,17773.0,United Kingdom
536716,10017,WOODEN FRAME ANTIQUE WHITE,16,01/07/2020 17:00,6.59,13384.0,United Kingdom
537939,10016,VINTAGE SNAKES AND LADDERS,4,12/05/2019 01:00,2.77,18142.0,United Kingdom
538218,10013,SPACEBOY LUNCH BOX,24,12/24/2019 01:00,2.78,17202.0,Belgium
536632,10000,WHITE HANGING HEART T-LIGHT HOLDER,2,12/11/2019 19:00,3.02,12750.0,Belgium
537899,10017,WOODEN FRAME ANTIQUE WHITE,9,01/24/2020 15:00,0.45,17347.0,United Kingdom
537896,10009,PARTY BUNTING,4,11/10/2019 17:00,3.64,16157.0,United Kingdom
537755,10009,PARTY BUNTING,3,02/09/2020 15:00,2.89,18158.0,United Kingdom
537060,10017,WOODEN FRAME ANTIQUE WHITE,8,02/17/2020 11:00,6.01,,France
537243,10008,JUMBO BAG RED RETROSPOT,3,01/07/2020 13:00,4.51,18242.0,Belgium
537938,10004,VINTAGE UNION JACK BUNTING,1,01/05/2020 16:00,2.01,12628.0,Spain
536651,10004,VINTAGE UNION JACK BUNTING,1,01/24/2020 00:00,6.91,12796.0,EIRE
537918,10018,ALARM CLOCK BAKELIKE RED,14,11/24/2019 21:00,1.84,15005.0,United Kingdom
538091,10010,LUNCH BAG WOODLAND,14,01/29/2020 23:00,3.15,16254.0,United Kingdom
537643,10011,RECIPE BOX PANTRY DESIGN,27,11/27/2019 05:00,1.8,13337.0,Spain
537005,10011,RECIPE BOX PANTRY DESIGN,4,01/21/2020 04:00,3.9,13968.0,United Kingdom
537413,10004,VINTAGE UNION JACK BUNTING,1,12/07/2019 16:00,1.69,14662.0,United Kingdom
536458,10008,JUMBO BAG RED RETROSPOT,3,01/29/2020 13:00,12.78,,EIRE
538112,10019,HAND WARMER OWL DESIGN,4,02/03/2020 23:00,18.49,13391.0,United Kingdom
537007,10002,RED WOOLLY HOTTIE MUG,1,11/26/2019 01:00,5.89,13229.0,United Kingdom
536472,10019,HAND WARMER OWL DESIGN,21,01/14/2020 02:00,11.49,,Netherlands
537854,10005,SET OF 3 CAKE TINS,38,12/30/2019 19:00,0.53,,United Kingdom
537597,10005,SET OF 3 CAKE TINS,7,12/06/2019 07:00,0.59,16080.0,United Kingdom
537532,10000,WHITE HANGING HEART T-LIGHT HOLDER,4,01/10/2020 14:00,1.78,16407.0,United Kingdom
536466,10013,SPACEBOY LUNCH BOX,1,02/28/2020 03:00,2.56,13160.0,United Kingdom
537772,10006,PACK OF 72 RETRO SPOT CAKE CASES,19,11/01/2019 07:00,2.02,12645.0,EIRE
537559,10009,PARTY BUNTING,4,02/23/2020 20:00,0.48,14585.0,United Kingdom
537853,10011,RECIPE BOX PANTRY DESIGN,3,02/11/2020 18:00,7.78,18193.0,United Kingdom
537916,10012,ROUND SNACK BOXES SET OF 4,7,01/03/2020 13:00,21.2,15185.0,United Kingdom
536762,10019,HAND WARMER OWL DESIGN,2,01/13/2020 05:00,8.86,17145.0,United Kingdom
536759,10011,RECIPE BOX PANTRY DESIGN,5,12/15/2019 07:00,7.28,14543.0,United Kingdom
538097,10003,GLASS JAR CANDLE,1,11/16/2019 12:00,3.08,14182.0,Switzerland
537360,10014,STRAWBERRY CERAMIC TRINKET BOX,12,01/08/2020 14:00,1.06,17170.0,France
537186,10001,WOODEN PICTURE FRAME,4,02/06/2020 23:00,2.64,15143.0,United Kingdom
536903,10016,VINTAGE SNAKES AND LADDERS,13,11/28/2019 17:00,20.2,16694.0,United Kingdom
537563,10005,SET OF 3 CAKE TINS,3,01/26/2020 01:00,1.73,16662.0,France
537778,10014,STRAWBERRY CERAMIC TRINKET BOX,4,01/29/2020 19:00,1.56,16665.0,United Kingdom
536369,10003,GLASS JAR CANDLE,1,01/31/2020 00:00,7.44,16362.0,United Kingdom
537401,10008,JUMBO BAG RED RETROSPOT,9,12/11/2019 19:00,7.95,17154.0,United Kingdom
538227,10013,SPACEBOY LUNCH BOX,2,12/18/2019 01:00,1.05,,Germany
536891,10012,ROUND SNACK BOXES SET OF 4,2,12/20/2019 23:00,1.89,,United Kingdom
536891,10000,WHITE HANGING HEART T-LIGHT HOLDER,4,02/11/2020 12:00,1.49,15390.0,United Kingdom
538011,10000,WHITE HANGING HEART T-LIGHT HOLDER,5,02/17/2020 02:00,2.64,,United Kingdom
536481,10019,HAND WARMER OWL DESIGN,1,12/20/2019 16:00,7.42,12602.0,United Kingdom
537110,10010,LUNCH BAG WOODLAND,3,02/25/2020 10:00,1.1,,United Kingdom
537224,10017,WOODEN FRAME ANTIQUE WHITE,9,01/08/2020 11:00,7.31,15320.0,United Kingdom
537861,10001,WOODEN PICTURE FRAME,3,12/17/2019 05:00,2.72,15437.0,United Kingdom
536606,10009,PARTY BUNTING,3,11/01/2019 01:00,25.18,14367.0,Spain
537178,10011,RECIPE BOX PANTRY DESIGN,5,01/13/2020 08:00,3.38,,United Kingdom
536650,10018,ALARM CLOCK BAKELIKE RED,4,01/17/2020 09:00,2.23,14039.0,United Kingdom
537841,10014,STRAWBERRY CERAMIC TRINKET BOX,1,02/25/2020 05:00,4.37,,United Kingdom
537550,10012,ROUND SNACK BOXES SET OF 4,4,01/26/2020 05:00,1.76,13947.0,United Kingdom
537296,10005,SET OF 3 CAKE TINS,11,11/04/2019 13:00,0.41,,United Kingdom
537101,10019,HAND WARMER OWL DESIGN,1,01/08/2020 01:00,1.93,16201.0,United Kingdom
536652,10006,PACK OF 72 RETRO SPOT CAKE CASES,3,01/29/2020 03:00,1.9,15654.0,United Kingdom
538093,10005,SET OF 3 CAKE TINS,1,12/30/2019 14:00,0.5,14896.0,United Kingdom
537579,10014,STRAWBERRY CERAMIC TRINKET BOX,10,12/22/2019 12:00,2.29,16837.0,United Kingdom
536963,10019,HAND WARMER OWL DESIGN,4,02/06/2020 05:00,0.31,14875.0,United Kingdom
537141,10017,WOODEN FRAME ANTIQUE WHITE,2,01/13/2020 09:00,1.74,,United Kingdom
537726,10003,GLASS JAR CANDLE,4,01/21/2020 19:00,3.14,13291.0,United Kingdom
537714,10016,VINTAGE SNAKES AND LADDERS,1,12/26/2019 17:00,2.71,17218.0,Spain
537229,10007,REGENCY CAKESTAND 3 TIER,1,12/04/2019 09:00,1.63,18060.0,United Kingdom
536932,10004,VINTAGE UNION JACK BUNTING,1,01/02/2020 07:00,2.26,13787.0,United Kingdom
537602,10018,ALARM CLOCK BAKELIKE RED,1,02/24/2020 03:00,1.12,13676.0,Germany
537599,10018,ALARM CLOCK BAKELIKE RED,16,01/12/2020 08:00,2.49,,United Kingdom
537489,10007,REGENCY CAKESTAND 3 TIER,2,01/24/2020 21:00,2.61,14758.0,United Kingdom
536501,10000,WHITE HANGING HEART T-LIGHT HOLDER,6,11/15/2019 21:00,1.0,16477.0,United Kingdom
537251,10004,VINTAGE UNION JACK BUNTING,2,02/27/2020 14:00,3.21,13476.0,United Kingdom
537516,10010,LUNCH BAG WOODLAND,9,11/30/2019 08:00,3.19,14886.0,United Kingdom
538146,10001,WOODEN PICTURE FRAME,1,02/25/2020 14:00,2.08,16523.0,United Kingdom
537350,10004,VINTAGE UNION JACK BUNTING,4,12/24/2019 12:00,27.69,17662.0,United Kingdom
537007,10002,RED WOOLLY HOTTIE MUG,4,02/19/2020 07:00,2.14,14937.0,United Kingdom
537407,10019,HAND WARMER OWL DESIGN,42,02/16/2020 01:00,1.86,12792.0,United Kingdom
536697,10007,REGENCY CAKESTAND 3 TIER,8,01/30/2020 16:00,1.61,14803.0,Switzerland
536535,10007,REGENCY CAKESTAND 3 TIER,2,02/19/2020 00:00,0.93,16165.0,United Kingdom
537636,10008,JUMBO BAG RED RETROSPOT,8,01/13/2020 03:00,4.88,,United Kingdom
538214,10000,WHITE HANGING HEART T-LIGHT HOLDER,34,02/10/2020 21:00,1.24,17300.0,Germany
537951,10010,LUNCH BAG WOODLAND,1,11/21/2019 16:00,1.39,16858.0,United Kingdom
537459,10018,ALARM CLOCK BAKELIKE RED,2,11/09/2019 10:00,1.44,13328.0,United Kingdom
536440,10016,VINTAGE SNAKES AND LADDERS,3,01/05/2020 05:00,0.92,15434.0,EIRE
538217,10005,SET OF 3 CAKE TINS,3,02/06/2020 05:00,0.43,,United Kingdom
537208,10000,WHITE HANGING HEART T-LIGHT HOLDER,3,01/31/2020 21:00,1.55,15129.0,United Kingdom
536908,10015,TRAVEL SEWING KIT,1,01/03/2020 08:00,5.89,17829.0,United Kingdom
538038,10016,VINTAGE SNAKES AND LADDERS,17,01/02/2020 12:00,3.0,,Switzerland
537764,10018,ALARM CLOCK BAKELIKE RED,1,01/13/2020 04:00,11.71,,United Kingdom
537770,10011,RECIPE BOX PANTRY DESIGN,3,02/13/2020 05:00,5.21,18028.0,United Kingdom
536885,10009,PARTY BUNTING,12,02/10/2020 01:00,4.15,,France
538224,10015,TRAVEL SEWING KIT,4,11/14/2019 03:00,16.16,,Netherlands
537214,10013,SPACEBOY LUNCH BOX,2,01/11/2020 12:00,2.23,14612.0,United Kingdom
537361,10015,TRAVEL SEWING KIT,1,12/16/2019 17:00,2.62,16862.0,Spain
537773,10005,SET OF 3 CAKE TINS,3,02/04/2020 23:00,2.43,15828.0,Germany
537602,10018,ALARM CLOCK BAKELIKE RED,2,12/31/2019 17:00,11.52,17687.0,Spain
536688,10000,WHITE HANGING HEART T-LIGHT HOLDER,5,02/28/2020 00:00,2.47,16571.0,United Kingdom
536932,10001,WOODEN PICTURE FRAME,1,12/22/2019 21:00,1.29,18074.0,United Kingdom
537042,10013,SPACEBOY LUNCH BOX,9,01/21/2020 12:00,4.43,14836.0,United Kingdom
538141,10011,RECIPE BOX PANTRY DESIGN,5,11/14/2019 00:00,1.09,12834.0,EIRE
537704,10011,RECIPE BOX PANTRY DESIGN,5,02/20/2020 22:00,4.19,15268.0,United Kingdom
537051,10018,ALARM CLOCK BAKELIKE RED,17,11/19/2019 10:00,3.72,,Germany
537742,10017,WOODEN FRAME ANTIQUE WHITE,3,12/16/2019 10:00,2.04,16237.0,United Kingdom
537749,10014,STRAWBERRY CERAMIC TRINKET BOX,2,02/09/2020 13:00,4.33,16522.0,United Kingdom
537104,10003,GLASS JAR CANDLE,2,02/25/2020 03:00,0.56,16061.0,Spain
537120,10001,WOODEN PICTURE FRAME,3,12/29/2019 03:00,2.89,15867.0,United Kingdom
538041,10002,RED WOOLLY HOTTIE MUG,4,12/29/2019 04:00,1.55,12710.0,France
537418,10012,ROUND SNACK BOXES SET OF 4,2,11/06/2019 20:00,43.05,14800.0,United Kingdom
536645,10014,STRAWBERRY CERAMIC TRINKET BOX,1,02/26/2020 12:00,2.87,12859.0,United Kingdom
537714,10015,TRAVEL SEWING KIT,2,11/02/2019 23:00,1.35,14344.0,Belgium
537470,10002,RED WOOLLY HOTTIE MUG,6,11/04/2019 03:00,0.62,16622.0,Belgium
537319,10005,SET OF 3 CAKE TINS,5,12/27/2019 20:00,9.07,17123.0,France
537724,10006,PACK OF 72 RETRO SPOT CAKE CASES,13,11/01/2019 10:00,1.73,13674.0,United Kingdom
538065,10012,ROUND SNACK BOXES SET OF 4,29,11/20/2019 17:00,1.11,16233.0,United Kingdom
536984,10000,WHITE HANGING HEART T-LIGHT HOLDER,9,01/15/2020 08:00,3.44,13691.0,United Kingdom
537151,10016,VINTAGE SNAKES AND LADDERS,16,01/24/2020 15:00,4.71,13538.0,United Kingdom
536720,10001,WOODEN PICTURE FRAME,9,12/06/2019 19:00,4.64,18049.0,United Kingdom
537578,10010,LUNCH BAG WOODLAND,22,02/04/2020 11:00,2.51,15969.0,United Kingdom
537120,10018,ALARM CLOCK BAKELIKE RED,26,01/12/2020 22:00,2.88,13519.0,United Kingdom
537006,10003,GLASS JAR CANDLE,10,11/28/2019 09:00,3.1,13184.0,United Kingdom
537670,10013,SPACEBOY LUNCH BOX,8,01/25/2020 12:00,3.44,,France
537130,10010,LUNCH BAG WOODLAND,3,01/11/2020 02:00,3.76,,France
537235,10016,VINTAGE SNAKES AND LADDERS,4,02/06/2020 11:00,7.35,,EIRE
537190,10011,RECIPE BOX PANTRY DESIGN,3,11/19/2019 12:00,2.6,15812.0,United Kingdom
536849,10016,VINTAGE SNAKES AND LADDERS,8,11/28/2019 17:00,1.09,14923.0,Spain
536600,10008,JUMBO BAG RED RETROSPOT,2,12/07/2019 10:00,2.13,16122.0,France
537916,10003,GLASS JAR CANDLE,3,12/11/2019 23:00,5.23,13578.0,France
536536,10013,SPACEBOY LUNCH BOX,1,02/15/2020 16:00,0.41,13209.0,United Kingdom
536974,10019,HAND WARMER OWL DESIGN,23,01/27/2020 22:00,0.41,12944.0,United Kingdom
537616,10008,JUMBO BAG RED RETROSPOT,3,01/05/2020 07:00,6.16,,United Kingdom
536611,10016,VINTAGE SNAKES AND LADDERS,6,01/04/2020 21:00,11.25,12775.0,EIRE
537594,10017,WOODEN FRAME ANTIQUE WHITE,17,02/15/2020 08:00,0.69,,Germany
537739,10012,ROUND SNACK BOXES SET OF 4,5,12/24/2019 15:00,2.72,17101.0,United Kingdom
537607,10015,TRAVEL SEWING KIT,17,11/28/2019 00:00,1.65,,United Kingdom
536936,10011,RECIPE BOX PANTRY DESIGN,1,11/17/2019 10:00,1.89,13833.0,United Kingdom
536402,10016,VINTAGE SNAKES AND LADDERS,45,12/10/2019 14:00,3.34,17881.0,Portugal
538028,10006,PACK OF 72 RETRO SPOT CAKE CASES,12,01/18/2020 10:00,0.68,,Germany
536977,10010,LUNCH BAG WOODLAND,5,12/27/2019 12:00,0.81,16974.0,Belgium
537874,10001,WOODEN PICTURE FRAME,17,12/21/2019 15:00,1.82,17684.0,United Kingdom
536735,10003,GLASS JAR CANDLE,1,12/28/2019 15:00,2.13,,Spain
536669,10011,RECIPE BOX PANTRY DESIGN,3,02/26/2020 00:00,0.8,18030.0,United Kingdom
537824,10014,STRAWBERRY CERAMIC TRINKET BOX,17,02/28/2020 18:00,5.42,14307.0,Spain
538126,10000,WHITE HANGING HEART T-LIGHT HOLDER,1,11/20/2019 08:00,1.62,17432.0,Portugal
537978,10001,WOODEN PICTURE FRAME,7,11/14/2019 17:00,1.61,,United Kingdom
537773,10000,WHITE HANGING HEART T-LIGHT HOLDER,7,11/30/2019 07:00,3.26,14129.0,United Kingdom
536827,10010,LUNCH BAG WOODLAND,29,02/11/2020 06:00,2.16,17645.0,United Kingdom
538077,10006,PACK OF 72 RETRO SPOT CAKE CASES,1,12/26/2019 03:00,5.68,13138.0,United Kingdom
537617,10001,WOODEN PICTURE FRAME,20,02/12/2020 16:00,0.97,15321.0,EIRE
536687,10015,TRAVEL SEWING KIT,2,01/17/2020 15:00,0.61,14369.0,United Kingdom
536607,10010,LUNCH BAG WOODLAND,3,01/06/2020 09:00,1.8,12943.0,United Kingdom
537998,10000,WHITE HANGING HEART T-LIGHT HOLDER,1,12/04/2019 19:00,2.61,13747.0,Switzerland
536880,10013,SPACEBOY LUNCH BOX,1,12/12/2019 07:00,0.71,15524.0,EIRE
537801,10018,ALARM CLOCK BAKELIKE RED,6,11/18/2019 17:00,0.61,16092.0,United Kingdom
536624,10008,JUMBO BAG RED RETROSPOT,1,01/02/2020 07:00,2.95,16358.0,United Kingdom
536891,10018,ALARM CLOCK BAKELIKE RED,9,12/04/2019 15:00,1.15,13127.0,Switzerland
536896,10008,JUMBO BAG RED RETROSPOT,2,12/06/2019 02:00,0.58,14246.0,Spain
536892,10001,WOODEN PICTURE FRAME,1,11/05/2019 17:00,6.46,12964.0,United Kingdom
537630,10002,RED WOOLLY HOTTIE MUG,2,02/04/2020 22:00,1.31,,United Kingdom
538079,10001,WOODEN PICTURE FRAME,6,02/21/2020 18:00,7.77,14666.0,United Kingdom
538071,10006,PACK OF 72 RETRO SPOT CAKE CASES,3,12/30/2019 19:00,2.53,,EIRE
537755,10007,REGENCY CAKESTAND 3 TIER,4,01/04/2020 08:00,3.3,14548.0,United Kingdom
536744,10008,JUMBO BAG RED RETROSPOT,8,02/20/2020 03:00,1.99,12584.0,United Kingdom
538166,10009,PARTY BUNTING,12,01/01/2020 09:00,0.25,,Switzerland
537381,10017,WOODEN FRAME ANTIQUE WHITE,3,01/14/2020 17:00,0.79,,United Kingdom
537388,10000,WHITE HANGING HEART T-LIGHT HOLDER,1,12/22/2019 09:00,2.17,14459.0,United Kingdom
537680,10017,WOODEN FRAME ANTIQUE WHITE,4,01/01/2020 17:00,3.54,17245.0,Belgium
537807,10004,VINTAGE UNION JACK BUNTING,6,01/02/2020 15:00,0.41,,United Kingdom
538151,10019,HAND WARMER OWL DESIGN,1,01/25/2020 08:00,2.33,18280.0,United Kingdom
537456,10002,RED WOOLLY HOTTIE MUG,2,01/12/2020 12:00,0.8,13388.0,United Kingdom
537508,10002,RED WOOLLY HOTTIE MUG,2,12/31/2019 11:00,3.11,14545.0,United Kingdom
537762,10002,RED WOOLLY HOTTIE MUG,3,11/10/2019 02:00,2.41,12864.0,United Kingdom
536843,10005,SET OF 3 CAKE TINS,2,02/17/2020 13:00,5.17,,United Kingdom
536941,10018,ALARM CLOCK BAKELIKE RED,8,02/15/2020 15:00,7.15,17835.0,Germany
537537,10009,PARTY BUNTING,1,11/23/2019 03:00,3.89,15274.0,United Kingdom
536485,10003,GLASS JAR CANDLE,1,12/06/2019 05:00,5.81,,Belgium
536965,10012,ROUND SNACK BOXES SET OF 4,3,02/25/2020 20:00,1.73,13987.0,United Kingdom
537711,10010,LUNCH BAG WOODLAND,3,12/09/2019 12:00,41.39,12652.0,United Kingdom
538195,10014,STRAWBERRY CERAMIC TRINKET BOX,1,02/06/2020 11:00,0.73,,United Kingdom
537339,10014,STRAWBERRY CERAMIC TRINKET BOX,2,02/03/2020 07:00,1.45,16257.0,United Kingdom
537114,10015,TRAVEL SEWING KIT,3,02/12/2020 07:00,6.06,16573.0,United Kingdom
537190,10003,GLASS JAR CANDLE,3,11/02/2019 22:00,5.22,15514.0,United Kingdom
537650,10009,PARTY BUNTING,5,12/28/2019 23:00,4.0,,United Kingdom
537385,10012,ROUND SNACK BOXES SET OF 4,2,01/07/2020 21:00,4.83,14854.0,United Kingdom
536408,10011,RECIPE BOX PANTRY DESIGN,18,02/09/2020 11:00,0.31,16873.0,Netherlands
537376,10019,HAND WARMER OWL DESIGN,7,11/27/2019 22:00,12.05,,United Kingdom
537115,10019,HAND WARMER OWL DESIGN,2,12/07/2019 19:00,2.01,14373.0,United Kingdom
537679,10016,VINTAGE SNAKES AND LADDERS,4,11/22/2019 14:00,8.55,14172.0,United Kingdom
538005,10004,VINTAGE UNION JACK BUNTING,5,01/31/2020 11:00,0.32,,United Kingdom
538169,10010,LUNCH BAG WOODLAND,14,02/28/2020 21:00,3.18,18094.0,United Kingdom
537509,10016,VINTAGE SNAKES AND LADDERS,2,11/17/2019 20:00,1.4,17828.0,United Kingdom
537044,10005,SET OF 3 CAKE TINS,9,11/28/2019 23:00,4.36,15582.0,United Kingdom
537197,10014,STRAWBERRY CERAMIC TRINKET BOX,4,12/07/2019 20:00,3.38,13535.0,United Kingdom
536695,10004,VINTAGE UNION JACK BUNTING,18,02/15/2020 17:00,3.55,17932.0,Spain
538119,10002,RED WOOLLY HOTTIE MUG,15,12/24/2019 12:00,0.85,,France
537953,10004,VINTAGE UNION JACK BUNTING,5,12/04/2019 20:00,2.32,14462.0,United Kingdom
537966,10018,ALARM CLOCK BAKELIKE RED,3,12/09/2019 16:00,2.05,17607.0,Germany
536980,10019,HAND WARMER OWL DESIGN,7,01/11/2020 19:00,4.04,13910.0,United Kingdom
536969,10017,WOODEN FRAME ANTIQUE WHITE,3,12/17/2019 10:00,6.61,15090.0,United Kingdom
537971,10005,SET OF 3 CAKE TINS,22,11/17/2019 20:00,2.86,17792.0,United Kingdom
537386,10015,TRAVEL SEWING KIT,4,02/07/2020 10:00,6679.19,14234.0,United Kingdom
537686,10004,VINTAGE UNION JACK BUNTING,3,12/21/2019 16:00,2.74,16055.0,United Kingdom
537283,10002,RED WOOLLY HOTTIE MUG,3,12/01/2019 19:00,33.48,12567.0,EIRE
537195,10005,SET OF 3 CAKE TINS,1,01/27/2020 10:00,12.76,18260.0,EIRE
537550,10002,RED WOOLLY HOTTIE MUG,7,01/29/2020 11:00,0.25,14834.0,United Kingdom
537889,10012,ROUND SNACK BOXES SET OF 4,2,11/19/2019 14:00,2.62,16328.0,United Kingdom
536991,10013,SPACEBOY LUNCH BOX,12,11/09/2019 20:00,6.25,15320.0,United Kingdom
537882,10000,WHITE HANGING HEART T-LIGHT HOLDER,1,11/06/2019 10:00,2.05,14924.0,United Kingdom
536822,10002,RED WOOLLY HOTTIE MUG,5,01/31/2020 22:00,1.55,14760.0,United Kingdom
537120,10009,PARTY BUNTING,13,01/15/2020 02:00,1.88,12451.0,United Kingdom
538076,10002,RED WOOLLY HOTTIE MUG,1,02/04/2020 01:00,4.27,13994.0,Portugal
538154,10016,VINTAGE SNAKES AND LADDERS,31,01/15/2020 04:00,0.78,14607.0,United Kingdom
538097,10008,JUMBO BAG RED RETROSPOT,3,12/19/2019 05:00,8.07,14539.0,United Kingdom
536957,10008,JUMBO BAG RED RETROSPOT,5,01/10/2020 18:00,2.33,13971.0,United Kingdom
537946,10000,WHITE HANGING HEART T-LIGHT HOLDER,7,01/26/2020 17:00,0.97,16162.0,United Kingdom
538120,10014,STRAWBERRY CERAMIC TRINKET BOX,8,12/18/2019 21:00,7.57,17271.0,United Kingdom
538199,10014,STRAWBERRY CERAMIC TRINKET BOX,5,02/18/2020 20:00,0.52,17641.0,France
536404,10015,TRAVEL SEWING KIT,11,02/16/2020 23:00,1.41,18122.0,United Kingdom
537761,10010,LUNCH BAG WOODLAND,7,02/05/2020 02:00,1.39,16205.0,United Kingdom
538233,10005,SET OF 3 CAKE TINS,24,02/28/2020 02:00,20.99,14787.0,Netherlands
537798,10001,WOODEN PICTURE FRAME,7,12/17/2019 20:00,1.24,16184.0,United Kingdom
536802,10006,PACK OF 72 RETRO SPOT CAKE CASES,29,11/14/2019 16:00,0.29,13132.0,United Kingdom
537794,10010,LUNCH BAG WOODLAND,10,12/29/2019 03:00,1.37,17199.0,United Kingdom
536562,10002,RED WOOLLY HOTTIE MUG,1,01/29/2020 12:00,3.88,15524.0,United Kingdom
537266,10001,WOODEN PICTURE FRAME,55,02/02/2020 13:00,5.39,,Portugal
537539,10004,VINTAGE UNION JACK BUNTING,583,12/17/2019 15:00,23.96,14875.0,United Kingdom
537220,10001,WOODEN PICTURE FRAME,18,12/06/2019 02:00,10.04,14134.0,United Kingdom
537677,10000,WHITE HANGING HEART T-LIGHT HOLDER,4,12/24/2019 11:00,2.97,14422.0,Australia
536815,10009,PARTY BUNTING,12,02/05/2020 11:00,1.01,,United Kingdom
537501,10014,STRAWBERRY CERAMIC TRINKET BOX,1441,11/08/2019 06:00,12.48,12441.0,Netherlands
537574,10009,PARTY BUNTING,8,12/10/2019 09:00,1.7,14423.0,Netherlands
537553,10001,WOODEN PICTURE FRAME,3,11/28/2019 14:00,1.27,14138.0,Australia
536907,10006,PACK OF 72 RETRO SPOT CAKE CASES,20,02/05/2020 18:00,1.62,,Germany
536937,10000,WHITE HANGING HEART T-LIGHT HOLDER,6,12/27/2019 09:00,0.7,13905.0,United Kingdom
536848,10012,ROUND SNACK BOXES SET OF 4,10,11/11/2019 10:00,1.54,14302.0,United Kingdom
537230,10004,VINTAGE UNION JACK BUNTING,1,12/02/2019 10:00,1.95,17783.0,United Kingdom
537463,10007,REGENCY CAKESTAND 3 TIER,4,11/06/2019 07:00,5.11,17453.0,United Kingdom
537044,10018,ALARM CLOCK BAKELIKE RED,6,12/28/2019 02:00,1.67,12683.0,France
537133,10011,RECIPE BOX PANTRY DESIGN,5,02/28/2020 18:00,0.69,12855.0,United Kingdom
536902,10015,TRAVEL SEWING KIT,11,01/08/2020 02:00,0.49,,United Kingdom
536775,10006,PACK OF 72 RETRO SPOT CAKE CASES,3,02/13/2020 08:00,3.03,15077.0,United Kingdom
537597,10018,ALARM CLOCK BAKELIKE RED,4,01/29/2020 03:00,2.64,15747.0,France
537895,10014,STRAWBERRY CERAMIC TRINKET BOX,13,02/14/2020 23:00,1.41,14434.0,United Kingdom
536910,10010,LUNCH BAG WOODLAND,1,12/08/2019 08:00,1.54,12423.0,United Kingdom
537978,10011,RECIPE BOX PANTRY DESIGN,7,02/23/2020 04:00,3.63,13543.0,France
537435,10012,ROUND SNACK BOXES SET OF 4,3,11/29/2019 15:00,9.88,15997.0,United Kingdom
536679,10003,GLASS JAR CANDLE,2,12/23/2019 14:00,1.13,14559.0,Germany
537051,10005,SET OF 3 CAKE TINS,6,01/21/2020 18:00,2.69,13079.0,Spain
536379,10013,SPACEBOY LUNCH BOX,14,12/05/2019 10:00,6.41,,EIRE
536438,10008,JUMBO BAG RED RETROSPOT,11,12/02/2019 17:00,1.13,15990.0,United Kingdom
536995,10015,TRAVEL SEWING KIT,7721,11/16/2019 14:00,2.42,,United Kingdom
537217,10010,LUNCH BAG WOODLAND,10,11/01/2019 12:00,2.37,17931.0,Switzerland
537860,10001,WOODEN PICTURE FRAME,10,12/31/2019 03:00,0.66,17362.0,United Kingdom
536616,10013,SPACEBOY LUNCH BOX,4,02/27/2020 10:00,2.91,12582.0,France
537938,10012,ROUND SNACK BOXES SET OF 4,2,11/27/2019 09:00,2.54,17722.0,France
536804,10007,REGENCY CAKESTAND 3 TIER,2,12/23/2019 20:00,4.28,12640.0,United Kingdom
536624,10015,TRAVEL SEWING KIT,9,02/21/2020 07:00,0.75,15208.0,United Kingdom
537677,10007,REGENCY CAKESTAND 3 TIER,4,02/01/2020 17:00,2.48,,United Kingdom
537816,10002,RED WOOLLY HOTTIE MUG,1,11/01/2019 11:00,9.79,18178.0,United Kingdom
537499,10002,RED WOOLLY HOTTIE MUG,1,12/31/2019 02:00,19.64,,United Kingdom
536581,10018,ALARM CLOCK BAKELIKE RED,9,11/18/2019 04:00,8.85,12773.0,United Kingdom
536581,10007,REGENCY CAKESTAND 3 TIER,2,11/30/2019 15:00,0.76,,United Kingdom
537096,10008,JUMBO BAG RED RETROSPOT,6,11/30/2019 14:00,3.86,13987.0,United Kingdom
537209,10006,PACK OF 72 RETRO SPOT CAKE CASES,14,01/13/2020 12:00,1.52,14006.0,EIRE
538237,10014,STRAWBERRY CERAMIC TRINKET BOX,1,11/24/2019 21:00,3.27,14821.0,United Kingdom
536902,10012,ROUND SNACK BOXES SET OF 4,4,12/01/2019 05:00,1.14,14240.0,Portugal
536726,10017,WOODEN FRAME ANTIQUE WHITE,3,11/28/2019 02:00,0.44,15807.0,United Kingdom
538138,10017,WOODEN FRAME ANTIQUE WHITE,6,12/13/2019 20:00,1.74,17419.0,United Kingdom
536653,10019,HAND WARMER OWL DESIGN,14,01/18/2020 18:00,5.07,15589.0,Spain
536414,10006,PACK OF 72 RETRO SPOT CAKE CASES,1,12/19/2019 00:00,3.28,,United Kingdom
537157,10011,RECIPE BOX PANTRY DESIGN,7,12/10/2019 07:00,3.68,15720.0,United Kingdom
537117,10006,PACK OF 72 RETRO SPOT CAKE CASES,11,01/02/2020 03:00,3.05,,United Kingdom
537526,10014,STRAWBERRY CERAMIC TRINKET BOX,3,01/13/2020 19:00,3.69,17670.0,United Kingdom
538010,10014,STRAWBERRY CERAMIC TRINKET BOX,4,11/02/2019 20:00,4.18,17974.0,Belgium
538114,10005,SET OF 3 CAKE TINS,6,02/15/2020 20:00,1.87,13995.0,United Kingdom
536908,10017,WOODEN FRAME ANTIQUE WHITE,6,02/19/2020 00:00,2.67,,Australia
538204,10005,SET OF 3 CAKE TINS,7,01/12/2020 07:00,14.06,17198.0,United Kingdom
537551,10019,HAND WARMER OWL DESIGN,7,01/08/2020 23:00,2.83,13107.0,United Kingdom
536495,10017,WOODEN FRAME ANTIQUE WHITE,2,01/23/2020 08:00,2.57,15661.0,United Kingdom
538124,10000,WHITE HANGING HEART T-LIGHT HOLDER,11,12/23/2019 22:00,2.73,13250.0,Netherlands
536623,10007,REGENCY CAKESTAND 3 TIER,13,12/14/2019 21:00,1.98,15260.0,United Kingdom
537468,10007,REGENCY CAKESTAND 3 TIER,5,12/13/2019 08:00,1.59,12611.0,United Kingdom
537847,10016,VINTAGE SNAKES AND LADDERS,1,11/20/2019 04:00,3.03,14124.0,United Kingdom
536832,10014,STRAWBERRY CERAMIC TRINKET BOX,4,02/09/2020 23:00,1.48,15839.0,EIRE
536872,10001,WOODEN PICTURE FRAME,5,12/09/2019 11:00,2.13,14152.0,United Kingdom
537257,10016,VINTAGE SNAKES AND LADDERS,1,12/05/2019 03:00,1.12,12405.0,Germany
538024,10004,VINTAGE UNION JACK BUNTING,3,02/24/2020 18:00,2.74,14653.0,Switzerland
536784,10007,REGENCY CAKESTAND 3 TIER,1,12/31/2019 19:00,4.41,,EIRE
537608,10003,GLASS JAR CANDLE,7,01/14/2020 15:00,1.99,16882.0,United Kingdom
537213,10003,GLASS JAR CANDLE,5,11/30/2019 11:00,0.33,13156.0,Belgium
536574,10010,LUNCH BAG WOODLAND,1,12/04/2019 07:00,4.44,15178.0,United Kingdom
537697,10001,WOODEN PICTURE FRAME,6,01/27/2020 10:00,2.77,,Portugal
537925,10001,WOODEN PICTURE FRAME,4,12/25/2019 03:00,0.91,13259.0,Portugal
537444,10015,TRAVEL SEWING KIT,7,11/18/2019 17:00,5.33,13070.0,United Kingdom
536695,10006,PACK OF 72 RETRO SPOT CAKE CASES,3,02/09/2020 07:00,0.61,16860.0,France
536656,10012,ROUND SNACK BOXES SET OF 4,2,12/19/2019 08:00,7.0,17808.0,United Kingdom
537159,10019,HAND WARMER OWL DESIGN,2,01/20/2020 05:00,2.32,16287.0,France
537314,10001,WOODEN PICTURE FRAME,2,12/11/2019 23:00,0.25,14593.0,United Kingdom
537400,10015,TRAVEL SEWING KIT,4,01/07/2020 07:00,2.94,17985.0,United Kingdom
536821,10002,RED WOOLLY HOTTIE MUG,5,02/02/2020 02:00,1.64,15299.0,United Kingdom
537303,10015,TRAVEL SEWING KIT,3,02/15/2020 06:00,1.41,15491.0,Netherlands
536918,10006,PACK OF 72 RETRO SPOT CAKE CASES,3,11/25/2019 21:00,1.18,16115.0,Spain
537651,10002,RED WOOLLY HOTTIE MUG,3,01/20/2020 17:00,2.17,16233.0,United Kingdom
537858,10004,VINTAGE UNION JACK BUNTING,50,02/18/2020 19:00,1.51,15269.0,United Kingdom
537588,10007,REGENCY CAKESTAND 3 TIER,2,01/17/2020 03:00,0.38,15193.0,United Kingdom
536367,10014,STRAWBERRY CERAMIC TRINKET BOX,2,11/18/2019 04:00,8.78,14234.0,United Kingdom
538225,10013,SPACEBOY LUNCH BOX,109,11/23/2019 18:00,1.93,,France
536409,10014,STRAWBERRY CERAMIC TRINKET BOX,6,11/25/2019 08:00,1.18,16340.0,United Kingdom
538238,10000,WHITE HANGING HEART T-LIGHT HOLDER,1,11/13/2019 18:00,0.8,14936.0,United Kingdom
536424,10019,HAND WARMER OWL DESIGN,9,01/30/2020 11:00,5.32,,United Kingdom
537333,10008,JUMBO BAG RED RETROSPOT,2,02/24/2020 20:00,0.67,,Switzerland
536563,10002,RED WOOLLY HOTTIE MUG,10,01/02/2020 01:00,2.81,14818.0,United Kingdom
536543,10018,ALARM CLOCK BAKELIKE RED,3,01/11/2020 21:00,1.37,18207.0,Portugal
537646,10015,TRAVEL SEWING KIT,3,02/01/2020 21:00,1.45,16704.0,Belgium
537729,10001,WOODEN PICTURE FRAME,20,12/20/2019 21:00,0.82,16625.0,United Kingdom
536586,10008,JUMBO BAG RED RETROSPOT,7,12/27/2019 17:00,1.32,17474.0,United Kingdom
538196,10018,ALARM CLOCK BAKELIKE RED,11,01/10/2020 16:00,2.48,,United Kingdom
536965,10013,SPACEBOY LUNCH BOX,6,12/07/2019 13:00,3.11,,United Kingdom
536961,10003,GLASS JAR CANDLE,3,11/08/2019 10:00,1.12,,France
536921,10014,STRAWBERRY CERAMIC TRINKET BOX,7,01/08/2020 03:00,2.25,17254.0,Germany
537229,10003,GLASS JAR CANDLE,14,02/07/2020 16:00,5.98,16572.0,United Kingdom
536698,10007,REGENCY CAKESTAND 3 TIER,5,11/09/2019 18:00,0.47,15456.0,Germany
537161,10003,GLASS JAR CANDLE,25,11/27/2019 00:00,2.44,13099.0,United Kingdom
536758,10013,SPACEBOY LUNCH BOX,9,12/02/2019 13:00,0.95,17134.0,France
536461,10018,ALARM CLOCK BAKELIKE RED,5,02/05/2020 13:00,0.86,14283.0,United Kingdom
537056,10000,WHITE HANGING HEART T-LIGHT HOLDER,5,12/31/2019 13:00,3.19,14478.0,United Kingdom
537625,10012,ROUND SNACK BOXES SET OF 4,5,01/04/2020 03:00,1.43,13086.0,France
537795,10004,VINTAGE UNION JACK BUNTING,1,01/17/2020 11:00,0.73,,United Kingdom
537027,10015,TRAVEL SEWING KIT,4,12/04/2019 04:00,9.25,13094.0,Switzerland
536972,10002,RED WOOLLY HOTTIE MUG,5,01/25/2020 15:00,6.17,12925.0,Spain
537841,10007,REGENCY CAKESTAND 3 TIER,3,11/04/2019 15:00,0.36,12472.0,United Kingdom
537642,10004,VINTAGE UNION JACK BUNTING,6,11/14/2019 15:00,0.56,14096.0,United Kingdom
537925,10017,WOODEN FRAME ANTIQUE WHITE,4,02/06/2020 22:00,4.45,16836.0,Germany
538063,10001,WOODEN PICTURE FRAME,9,01/19/2020 00:00,1.85,,United Kingdom
537904,10011,RECIPE BOX PANTRY DESIGN,8,11/22/2019 04:00,11.03,13696.0,Spain
538120,10002,RED WOOLLY HOTTIE MUG,5,12/23/2019 16:00,4.56,14864.0,United Kingdom
537146,10011,RECIPE BOX PANTRY DESIGN,1,11/07/2019 05:00,3.32,17288.0,United Kingdom
537105,10015,TRAVEL SEWING KIT,24,01/20/2020 15:00,0.89,16545.0,United Kingdom
536967,10015,TRAVEL SEWING KIT,4,01/30/2020 17:00,4.02,,United Kingdom
536806,10000,WHITE HANGING HEART T-LIGHT HOLDER,4,12/04/2019 10:00,0.69,14843.0,United Kingdom
537769,10015,TRAVEL SEWING KIT,3,12/13/2019 00:00,9.07,13347.0,United Kingdom
537704,10005,SET OF 3 CAKE TINS,2,11/29/2019 10:00,3.75,13196.0,United Kingdom
537867,10013,SPACEBOY LUNCH BOX,19,12/17/2019 17:00,1.08,16557.0,EIRE
536678,10019,HAND WARMER OWL DESIGN,16,12/03/2019 16:00,5.5,,United Kingdom
537286,10002,RED WOOLLY HOTTIE MUG,6,11/30/2019 15:00,23.14,15080.0,United Kingdom
536781,10007,REGENCY CAKESTAND 3 TIER,4,12/22/2019 15:00,1.98,,United Kingdom
538039,10017,WOODEN FRAME ANTIQUE WHITE,8,02/12/2020 03:00,4.26,17805.0,United Kingdom
536866,10002,RED WOOLLY HOTTIE MUG,4,01/31/2020 13:00,1.6,18276.0,United Kingdom
536634,10005,SET OF 3 CAKE TINS,3,12/06/2019 16:00,2.68,,United Kingdom
537433,10010,LUNCH BAG WOODLAND,6,02/22/2020 04:00,0.54,15792.0,United Kingdom
538013,10019,HAND WARMER OWL DESIGN,3,11/26/2019 05:00,2.46,14596.0,United Kingdom
538081,10005,SET OF 3 CAKE TINS,5,02/18/2020 07:00,2.57,16961.0,United Kingdom
536545,10007,REGENCY CAKESTAND 3 TIER,5,12/08/2019 02:00,14.86,14096.0,United Kingdom
536976,10015,TRAVEL SEWING KIT,7,01/04/2020 20:00,0.41,16768.0,United Kingdom
536652,10002,RED WOOLLY HOTTIE MUG,2,11/25/2019 09:00,1.86,17714.0,United Kingdom
536942,10006,PACK OF 72 RETRO SPOT CAKE CASES,8,01/31/2020 11:00,8.92,13366.0,Portugal
537365,10006,PACK OF 72 RETRO SPOT CAKE CASES,2,12/09/2019 03:00,1.93,13689.0,United Kingdom
536891,10008,JUMBO BAG RED RETROSPOT,2,02/13/2020 17:00,2.07,,United Kingdom
536491,10011,RECIPE BOX PANTRY DESIGN,2,11/10/2019 22:00,1.07,17263.0,France
537321,10004,VINTAGE UNION JACK BUNTING,1,12/31/2019 06:00,0.97,,Germany
536464,10007,REGENCY CAKESTAND 3 TIER,11,11/20/2019 00:00,0.4,13499.0,Germany
536790,10018,ALARM CLOCK BAKELIKE RED,2,02/15/2020 17:00,1.31,14532.0,United Kingdom
536365,10016,VINTAGE SNAKES AND LADDERS,2,12/21/2019 01:00,0.91,,Spain
536527,10019,HAND WARMER OWL DESIGN,14,01/20/2020 23:00,2.77,,United Kingdom
537183,10013,SPACEBOY LUNCH BOX,2,02/14/2020 13:00,1.12,15025.0,United Kingdom
537960,10011,RECIPE BOX PANTRY DESIGN,3,01/04/2020 07:00,1.52,,United Kingdom
537817,10004,VINTAGE UNION JACK BUNTING,1,11/07/2019 21:00,1.56,12967.0,United Kingdom
536550,10003,GLASS JAR CANDLE,9,11/27/2019 11:00,2.34,12516.0,France
536430,10010,LUNCH BAG WOODLAND,9,11/26/2019 12:00,1.45,13094.0,France
536998,10008,JUMBO BAG RED RETROSPOT,8,02/18/2020 17:00,0.85,14797.0,United Kingdom
537587,10015,TRAVEL SEWING KIT,7,02/18/2020 00:00,2.68,14018.0,United Kingdom
537765,10000,WHITE HANGING HEART T-LIGHT HOLDER,4,12/28/2019 06:00,7.15,14134.0,United Kingdom
537908,10017,WOODEN FRAME ANTIQUE WHITE,2,02/15/2020 20:00,2.8,16900.0,United Kingdom
537006,10003,GLASS JAR CANDLE,2,11/30/2019 12:00,1.34,,United Kingdom
536680,10007,REGENCY CAKESTAND 3 TIER,15,01/21/2020 13:00,2.17,16676.0,United Kingdom
536414,10007,REGENCY CAKESTAND 3 TIER,9,12/18/2019 01:00,0.32,15565.0,EIRE
536640,10018,ALARM CLOCK BAKELIKE RED,2,11/29/2019 20:00,2.14,13564.0,United Kingdom
536487,10014,STRAWBERRY CERAMIC TRINKET BOX,4,12/01/2019 00:00,1.65,17979.0,France
537979,10000,WHITE HANGING HEART T-LIGHT HOLDER,3,12/21/2019 09:00,0.97,15175.0,United Kingdom
536868,10017,WOODEN FRAME ANTIQUE WHITE,1,12/11/2019 18:00,1.16,17313.0,Belgium
537908,10013,SPACEBOY LUNCH BOX,5,11/26/2019 08:00,1.63,,Belgium
537402,10001,WOODEN PICTURE FRAME,3,12/11/2019 02:00,6.64,17392.0,United Kingdom
537375,10015,TRAVEL SEWING KIT,2,11/16/2019 10:00,7.33,16599.0,EIRE
537217,10000,WHITE HANGING HEART T-LIGHT HOLDER,1,02/25/2020 09:00,0.97,13831.0,United Kingdom
537900,10008,JUMBO BAG RED RETROSPOT,1,12/16/2019 14:00,1.47,17059.0,Germany
536446,10003,GLASS JAR CANDLE,3,11/13/2019 21:00,1.5,16757.0,United Kingdom
536538,10000,WHITE HANGING HEART T-LIGHT HOLDER,4,01/09/2020 02:00,5.53,17654.0,Portugal
537158,10011,RECIPE BOX PANTRY DESIGN,2,02/15/2020 00:00,2.84,,United Kingdom
537104,10013,SPACEBOY LUNCH BOX,8,12/14/2019 04:00,2.7,17608.0,United Kingdom
537387,10009,PARTY BUNTING,4,02/10/2020 11:00,4.2,16873.0,United Kingdom
537748,10006,PACK OF 72 RETRO SPOT CAKE CASES,7,01/13/2020 07:00,1.35,,United Kingdom
537466,10010,LUNCH BAG WOODLAND,3,01/28/2020 17:00,9.62,,France
536847,10003,GLASS JAR CANDLE,2,12/06/2019 13:00,2.46,13858.0,United Kingdom
536978,10000,WHITE HANGING HEART T-LIGHT HOLDER,5,11/05/2019 10:00,1.05,15178.0,United Kingdom
537775,10003,GLASS JAR CANDLE,1,12/12/2019 12:00,1.95,17672.0,France
536742,10001,WOODEN PICTURE FRAME,7,02/19/2020 23:00,8.43,17322.0,United Kingdom
537310,10015,TRAVEL SEWING KIT,2,02/03/2020 21:00,1.61,,United Kingdom
537375,10012,ROUND SNACK BOXES SET OF 4,10,02/03/2020 03:00,6.36,13126.0,United Kingdom
537771,10003,GLASS JAR CANDLE,3,02/14/2020 10:00,1.32,12698.0,Belgium
537704,10011,RECIPE BOX PANTRY DESIGN,12,12/15/2019 19:00,1.14,15994.0,United Kingdom
537236,10009,PARTY BUNTING,1,12/09/2019 15:00,4.76,14212.0,United Kingdom
536944,10002,RED WOOLLY HOTTIE MUG,2,02/20/2020 01:00,1.03,16866.0,United Kingdom
537054,10019,HAND WARMER OWL DESIGN,6,01/08/2020 14:00,5.6,16862.0,United Kingdom
537136,10018,ALARM CLOCK BAKELIKE RED,13,12/06/2019 18:00,3.5,13520.0,Spain
536775,10015,TRAVEL SEWING KIT,21,12/04/2019 09:00,1.03,16470.0,France
537537,10016,VINTAGE SNAKES AND LADDERS,4,02/14/2020 07:00,2.29,16887.0,United Kingdom
536755,10010,LUNCH BAG WOODLAND,25,11/07/2019 09:00,1.42,18210.0,EIRE
537581,10016,VINTAGE SNAKES AND LADDERS,3,11/08/2019 09:00,3.49,16639.0,Netherlands
537774,10010,LUNCH BAG WOODLAND,12,01/28/2020 13:00,16.25,14481.0,Spain
538168,10003,GLASS JAR CANDLE,2,11/01/2019 03:00,1.7,18285.0,United Kingdom
536587,10003,GLASS JAR CANDLE,6,11/21/2019 12:00,4.19,13984.0,United Kingdom
537789,10017,WOODEN FRAME ANTIQUE WHITE,1,02/27/2020 22:00,2.52,17130.0,Germany
536526,10008,JUMBO BAG RED RETROSPOT,1,12/22/2019 02:00,2.52,14592.0,United Kingdom
536997,10014,STRAWBERRY CERAMIC TRINKET BOX,6,01/27/2020 08:00,2.09,17900.0,United Kingdom
536695,10002,RED WOOLLY HOTTIE MUG,1,12/29/2019 11:00,1.04,16993.0,United Kingdom
536669,10008,JUMBO BAG RED RETROSPOT,6,11/11/2019 20:00,3.44,15908.0,United Kingdom
536693,10001,WOODEN PICTURE FRAME,10,11/23/2019 03:00,1.84,13619.0,Netherlands
536447,10004,VINTAGE UNION JACK BUNTING,2,01/31/2020 08:00,1.0,13465.0,United Kingdom
537908,10002,RED WOOLLY HOTTIE MUG,2,11/12/2019 08:00,6.78,17976.0,United Kingdom
536479,10004,VINTAGE UNION JACK BUNTING,3,01/11/2020 09:00,2.72,17108.0,Belgium
537112,10012,ROUND SNACK BOXES SET OF 4,2,12/12/2019 18:00,1.96,,United Kingdom
537675,10000,WHITE HANGING HEART T-LIGHT HOLDER,4,12/15/2019 10:00,9.39,17558.0,United Kingdom
538221,10003,GLASS JAR CANDLE,4,02/23/2020 07:00,0.39,16998.0,United Kingdom
537965,10013,SPACEBOY LUNCH BOX,3,01/12/2020 17:00,8.78,,United Kingdom
536622,10002,RED WOOLLY HOTTIE MUG,22,01/13/2020 20:00,1.02,17260.0,Germany
538217,10011,RECIPE BOX PANTRY DESIGN,2,12/13/2019 01:00,3.04,17075.0,EIRE
537590,10017,WOODEN FRAME ANTIQUE WHITE,16,12/16/2019 18:00,1.37,,United Kingdom
536701,10015,TRAVEL SEWING KIT,1,01/22/2020 07:00,0.98,12461.0,United Kingdom
537206,10002,RED WOOLLY HOTTIE MUG,4,11/05/2019 16:00,9.15,16750.0,Australia
538086,10002,RED WOOLLY HOTTIE MUG,13,11/29/2019 11:00,15.74,14363.0,United Kingdom
537101,10014,STRAWBERRY CERAMIC TRINKET BOX,13,01/12/2020 01:00,1.97,14512.0,United Kingdom
536709,10006,PACK OF 72 RETRO SPOT CAKE CASES,3,01/14/2020 20:00,3.44,16585.0,Netherlands
538005,10008,JUMBO BAG RED RETROSPOT,7,11/12/2019 01:00,2.6,17163.0,United Kingdom
538151,10009,PARTY BUNTING,6,02/03/2020 13:00,13.88,,United Kingdom
538194,10011,RECIPE BOX PANTRY DESIGN,2,01/05/2020 03:00,0.3,17240.0,France
538156,10008,JUMBO BAG RED RETROSPOT,8,11/29/2019 12:00,3.59,14086.0,United Kingdom
538001,10000,WHITE HANGING HEART T-LIGHT HOLDER,26,01/30/2020 06:00,1.19,15709.0,United Kingdom
537217,10001,WOODEN PICTURE FRAME,6,02/27/2020 22:00,0.25,17505.0,France
536725,10000,WHITE HANGING HEART T-LIGHT HOLDER,7,12/21/2019 20:00,1.72,13642.0,United Kingdom
537522,10005,SET OF 3 CAKE TINS,8,12/05/2019 00:00,15.61,13658.0,United Kingdom
536778,10016,VINTAGE SNAKES AND LADDERS,1,12/06/2019 22:00,1.28,18110.0,United Kingdom
537252,10019,HAND WARMER OWL DESIGN,6,01/11/2020 03:00,5.42,14562.0,United Kingdom
537595,10009,PARTY BUNTING,1,11/06/2019 16:00,8.16,17972.0,United Kingdom
538139,10000,WHITE HANGING HEART T-LIGHT HOLDER,2,12/29/2019 00:00,2.43,14467.0,United Kingdom
536907,10001,WOODEN PICTURE FRAME,35,11/03/2019 23:00,2.77,16028.0,Germany
536837,10016,VINTAGE SNAKES AND LADDERS,3,11/05/2019 15:00,0.44,15377.0,United Kingdom
537742,10006,PACK OF 72 RETRO SPOT CAKE CASES,2,12/22/2019 14:00,1.2,18191.0,United Kingdom
536377,10017,WOODEN FRAME ANTIQUE WHITE,13,01/29/2020 11:00,6.09,15615.0,United Kingdom
537427,10010,LUNCH BAG WOODLAND,2,02/15/2020 00:00,2.61,15333.0,United Kingdom
537763,10017,WOODEN FRAME ANTIQUE WHITE,3,11/11/2019 12:00,3.55,15116.0,United Kingdom
537397,10002,RED WOOLLY HOTTIE MUG,14,11/30/2019 07:00,2.81,14576.0,Belgium
537084,10017,WOODEN FRAME ANTIQUE WHITE,4,12/21/2019 14:00,22.02,14960.0,EIRE
537918,10010,LUNCH BAG WOODLAND,1,01/08/2020 21:00,1.6,15081.0,United Kingdom
537060,10008,JUMBO BAG RED RETROSPOT,7,02/27/2020 11:00,12.25,,EIRE
537697,10010,LUNCH BAG WOODLAND,3,01/22/2020 03:00,2.81,12618.0,United Kingdom
537235,10006,PACK OF 72 RETRO SPOT CAKE CASES,19,01/04/2020 15:00,13.39,15322.0,United Kingdom
536414,10012,ROUND SNACK BOXES SET OF 4,2,11/08/2019 07:00,0.72,15608.0,Belgium
537359,10015,TRAVEL SEWING KIT,12,11/10/2019 16:00,2.96,16820.0,United Kingdom
536457,10016,VINTAGE SNAKES AND LADDERS,24,11/19/2019 09:00,1.66,,Netherlands
538110,10019,HAND WARMER OWL DESIGN,2,01/19/2020 07:00,2.83,,United Kingdom
537492,10008,JUMBO BAG RED RETROSPOT,3,12/10/2019 18:00,8.35,12996.0,United Kingdom
537062,10015,TRAVEL SEWING KIT,6,11/29/2019 22:00,3.59,14556.0,Netherlands
537276,10017,WOODEN FRAME ANTIQUE WHITE,2,01/20/2020 10:00,8.33,13864.0,United Kingdom
537525,10000,WHITE HANGING HEART T-LIGHT HOLDER,5,02/06/2020 21:00,1.26,13558.0,United Kingdom
536852,10009,PARTY BUNTING,3,12/23/2019 16:00,1.08,16630.0,United Kingdom
536905,10014,STRAWBERRY CERAMIC TRINKET BOX,3,02/14/2020 20:00,2.5,15186.0,Belgium
537149,10009,PARTY BUNTING,4,01/28/2020 03:00,2.37,17060.0,United Kingdom
536849,10002,RED WOOLLY HOTTIE MUG,4,01/25/2020 23:00,2.04,13168.0,Germany
537786,10013,SPACEBOY LUNCH BOX,5,02/13/2020 03:00,0.94,18203.0,Germany
536559,10008,JUMBO BAG RED RETROSPOT,2,11/23/2019 01:00,8.16,15158.0,Germany
537914,10012,ROUND SNACK BOXES SET OF 4,2,01/31/2020 00:00,1.71,,United Kingdom
537018,10000,WHITE HANGING HEART T-LIGHT HOLDER,4,02/23/2020 23:00,10.24,14501.0,United Kingdom
537417,10000,WHITE HANGING HEART T-LIGHT HOLDER,4,02/28/2020 02:00,2.49,17344.0,United Kingdom
536660,10012,ROUND SNACK BOXES SET OF 4,3,01/09/2020 09:00,4.7,16563.0,United Kingdom
537087,10019,HAND WARMER OWL DESIGN,6,01/30/2020 13:00,4.3,13368.0,United Kingdom
537779,10012,ROUND SNACK BOXES SET OF 4,1,02/15/2020 16:00,1.08,18228.0,United Kingdom
536872,10018,ALARM CLOCK BAKELIKE RED,2,02/11/2020 07:00,3.55,13123.0,United Kingdom
536613,10016,VINTAGE SNAKES AND LADDERS,3,02/16/2020 18:00,16.92,13981.0,United Kingdom
537343,10005,SET OF 3 CAKE TINS,2,02/08/2020 22:00,3.16,16678.0,France
536669,10002,RED WOOLLY HOTTIE MUG,21,12/16/2019 18:00,6.06,15493.0,United Kingdom
536955,10011,RECIPE BOX PANTRY DESIGN,4,01/27/2020 15:00,4.92,,United Kingdom
537209,10012,ROUND SNACK BOXES SET OF 4,5,12/20/2019 06:00,3.34,17849.0,United Kingdom
537422,10015,TRAVEL SEWING KIT,3,02/05/2020 05:00,2.96,17062.0,United Kingdom
537563,10010,LUNCH BAG WOODLAND,4,02/06/2020 06:00,4.25,,United Kingdom
537633,10018,ALARM CLOCK BAKELIKE RED,1,02/21/2020 04:00,5.28,,United Kingdom
537948,10016,VINTAGE SNAKES AND LADDERS,3,01/10/2020 14:00,0.64,17399.0,Germany
536488,10011,RECIPE BOX PANTRY DESIGN,2,12/28/2019 01:00,3.15,13612.0,United Kingdom
537044,10011,RECIPE BOX PANTRY DESIGN,3,11/20/2019 20:00,2.05,17133.0,United Kingdom
536367,10000,WHITE HANGING HEART T-LIGHT HOLDER,1,01/16/2020 14:00,1.66,15606.0,Germany
536382,10015,TRAVEL SEWING KIT,1,01/07/2020 23:00,8.99,15898.0,United Kingdom
536763,10013,SPACEBOY LUNCH BOX,18,01/01/2020 19:00,1.18,13031.0,Spain
537486,10017,WOODEN FRAME ANTIQUE WHITE,9,01/21/2020 04:00,0.61,,Switzerland
538042,10001,WOODEN PICTURE FRAME,15,02/11/2020 03:00,5.45,14002.0,Switzerland
537815,10002,RED WOOLLY HOTTIE MUG,16,11/18/2019 20:00,0.59,15899.0,United Kingdom
537576,10013,SPACEBOY LUNCH BOX,8,12/22/2019 18:00,0.36,13333.0,United Kingdom
537824,10009,PARTY BUNTING,3,01/26/2020 16:00,6.1,17847.0,United Kingdom
536687,10011,RECIPE BOX PANTRY DESIGN,1,02/07/2020 09:00,2.88,,Spain
537939,10008,JUMBO BAG RED RETROSPOT,13,02/02/2020 10:00,3.95,16877.0,Germany
538034,10012,ROUND SNACK BOXES SET OF 4,4,02/04/2020 22:00,1.58,16893.0,United Kingdom
536543,10013,SPACEBOY LUNCH BOX,49,02/11/2020 15:00,0.62,15615.0,United Kingdom
537246,10003,GLASS JAR CANDLE,3,02/24/2020 11:00,0.75,13063.0,United Kingdom
537921,10015,TRAVEL SEWING KIT,29,01/12/2020 23:00,1.87,14008.0,United Kingdom
537257,10009,PARTY BUNTING,3,11/30/2019 21:00,0.69,15981.0,United Kingdom
537940,10011,RECIPE BOX PANTRY DESIGN,15,01/07/2020 15:00,3.34,15529.0,Portugal
538119,10012,ROUND SNACK BOXES SET OF 4,22,01/25/2020 04:00,1.55,15820.0,France
537254,10014,STRAWBERRY CERAMIC TRINKET BOX,1,11/13/2019 02:00,2.96,,United Kingdom
536476,10006,PACK OF 72 RETRO SPOT CAKE CASES,2,01/30/2020 20:00,2.87,,France
537002,10000,WHITE HANGING HEART T-LIGHT HOLDER,1,01/05/2020 07:00,3.62,12852.0,United Kingdom
536768,10003,GLASS JAR CANDLE,1,02/21/2020 09:00,4.05,15222.0,United Kingdom
537253,10019,HAND WARMER OWL DESIGN,8,11/26/2019 10:00,1.74,12889.0,United Kingdom
537463,10004,VINTAGE UNION JACK BUNTING,3,02/17/2020 20:00,2.96,16289.0,Spain
537234,10004,VINTAGE UNION JACK BUNTING,4,12/24/2019 18:00,3.11,15713.0,United Kingdom
536731,10017,WOODEN FRAME ANTIQUE WHITE,7,01/08/2020 20:00,0.25,17406.0,Netherlands
536929,10004,VINTAGE UNION JACK BUNTING,1,01/19/2020 05:00,4.7,15091.0,EIRE
537639,10009,PARTY BUNTING,15,01/09/2020 12:00,2.86,13308.0,Belgium
536415,10007,REGENCY CAKESTAND 3 TIER,3,02/17/2020 11:00,4.32,13743.0,France
536766,10013,SPACEBOY LUNCH BOX,7,11/21/2019 01:00,0.68,17182.0,United Kingdom
538038,10011,RECIPE BOX PANTRY DESIGN,8,01/27/2020 14:00,1.79,,France
536550,10010,LUNCH BAG WOODLAND,16,02/26/2020 00:00,0.83,,Portugal
537142,10010,LUNCH BAG WOODLAND,4,11/27/2019 10:00,5.18,16364.0,Netherlands
536753,10016,VINTAGE SNAKES AND LADDERS,1,12/01/2019 14:00,0.6,15210.0,France
536561,10011,RECIPE BOX PANTRY DESIGN,4,12/28/2019 00:00,0.97,13877.0,France
537157,10010,LUNCH BAG WOODLAND,5,01/26/2020 23:00,4.2,15384.0,United Kingdom
537342,10017,WOODEN FRAME ANTIQUE WHITE,1,02/24/2020 02:00,1.31,17905.0,Netherlands
536695,10001,WOODEN PICTURE FRAME,5,02/04/2020 12:00,0.97,13519.0,United Kingdom
536510,10016,VINTAGE SNAKES AND LADDERS,3,02/04/2020 07:00,6.09,,United Kingdom
536617,10003,GLASS JAR CANDLE,1,12/23/2019 23:00,6.35,12878.0,EIRE
537586,10006,PACK OF 72 RETRO SPOT CAKE CASES,8,01/17/2020 11:00,5.06,16627.0,United Kingdom
537978,10000,WHITE HANGING HEART T-LIGHT HOLDER,2,11/26/2019 08:00,5.75,12791.0,France
536703,10011,RECIPE BOX PANTRY DESIGN,3,12/26/2019 14:00,1.95,12706.0,United Kingdom
536965,10016,VINTAGE SNAKES AND LADDERS,3,11/23/2019 16:00,2.0,12567.0,United Kingdom
537009,10007,REGENCY CAKESTAND 3 TIER,14,11/04/2019 06:00,1.29,17127.0,United Kingdom
537041,10013,SPACEBOY LUNCH BOX,4,02/11/2020 19:00,2.91,15753.0,Australia
536823,10007,REGENCY CAKESTAND 3 TIER,4,02/05/2020 14:00,1.45,16447.0,EIRE
536468,10015,TRAVEL SEWING KIT,3,01/01/2020 07:00,1.6,13269.0,United Kingdom
537349,10019,HAND WARMER OWL DESIGN,6,11/02/2019 17:00,4.48,17820.0,United Kingdom
537035,10014,STRAWBERRY CERAMIC TRINKET BOX,16,11/11/2019 19:00,8.04,17150.0,United Kingdom
537006,10006,PACK OF 72 RETRO SPOT CAKE CASES,8,11/14/2019 10:00,3.66,15248.0,Netherlands
536861,10016,VINTAGE SNAKES AND LADDERS,8,01/26/2020 01:00,14.8,,United Kingdom
538107,10000,WHITE HANGING HEART T-LIGHT HOLDER,7,11/25/2019 10:00,1.21,13195.0,Switzerland
537509,10019,HAND WARMER OWL DESIGN,1,12/01/2019 00:00,0.39,,United Kingdom
537150,10016,VINTAGE SNAKES AND LADDERS,2,02/12/2020 08:00,5.03,12633.0,United Kingdom
536750,10013,SPACEBOY LUNCH BOX,3,02/14/2020 04:00,1.14,13323.0,United Kingdom
537867,10012,ROUND SNACK BOXES SET OF 4,2,01/31/2020 14:00,1.87,17345.0,United Kingdom
538030,10005,SET OF 3 CAKE TINS,1,12/08/2019 03:00,0.42,,United Kingdom
536425,10008,JUMBO BAG RED RETROSPOT,1,01/09/2020 14:00,1.0,16179.0,United Kingdom
538108,10002,RED WOOLLY HOTTIE MUG,1,11/25/2019 00:00,0.55,17583.0,United Kingdom
537676,10006,PACK OF 72 RETRO SPOT CAKE CASES,3,02/11/2020 23:00,1.59,16885.0,United Kingdom
536552,10011,RECIPE BOX PANTRY DESIGN,4,11/11/2019 04:00,1.66,14721.0,United Kingdom
537777,10007,REGENCY CAKESTAND 3 TIER,2,01/29/2020 08:00,2.69,14415.0,United Kingdom
536566,10015,TRAVEL SEWING KIT,4,01/01/2020 09:00,8.5,12989.0,United Kingdom
536460,10017,WOODEN FRAME ANTIQUE WHITE,3,01/30/2020 22:00,4.84,,United Kingdom
536581,10011,RECIPE BOX PANTRY DESIGN,12,12/25/2019 02:00,0.49,18195.0,Germany
537227,10006,PACK OF 72 RETRO SPOT CAKE CASES,3,11/19/2019 23:00,4.52,,United Kingdom
537526,10006,PACK OF 72 RETRO SPOT CAKE CASES,8,01/30/2020 04:00,2.75,15314.0,United Kingdom
537128,10010,LUNCH BAG WOODLAND,5,01/15/2020 18:00,2.23,17386.0,United Kingdom
536593,10014,STRAWBERRY CERAMIC TRINKET BOX,1,12/26/2019 18:00,2.4,14380.0,United Kingdom
536738,10002,RED WOOLLY HOTTIE MUG,4,12/15/2019 17:00,3.02,14761.0,Germany
537963,10008,JUMBO BAG RED RETROSPOT,1,12/12/2019 06:00,1.23,17655.0,United Kingdom
538169,10008,JUMBO BAG RED RETROSPOT,4,12/28/2019 18:00,2.05,14599.0,United Kingdom
537779,10005,SET OF 3 CAKE TINS,2,12/02/2019 09:00,8.04,17855.0,United Kingdom
536558,10004,VINTAGE UNION JACK BUNTING,6,12/04/2019 21:00,1.22,13304.0,Spain
537902,10016,VINTAGE SNAKES AND LADDERS,1,12/04/2019 09:00,0.88,15297.0,United Kingdom
537662,10008,JUMBO BAG RED RETROSPOT,4,11/02/2019 12:00,2.31,15255.0,United Kingdom
537351,10011,RECIPE BOX PANTRY DESIGN,7,02/20/2020 09:00,0.79,14168.0,Belgium
536633,10000,WHITE HANGING HEART T-LIGHT HOLDER,10,11/29/2019 09:00,0.44,18067.0,United Kingdom
538233,10005,SET OF 3 CAKE TINS,2,11/20/2019 19:00,1.74,15213.0,United Kingdom
537194,10004,VINTAGE UNION JACK BUNTING,4,11/19/2019 03:00,10.47,,United Kingdom
536447,10006,PACK OF 72 RETRO SPOT CAKE CASES,5,02/27/2020 14:00,2.37,13648.0,United Kingdom
536758,10016,VINTAGE SNAKES AND LADDERS,19,12/28/2019 05:00,2.94,14419.0,United Kingdom
537117,10011,RECIPE BOX PANTRY DESIGN,1,12/10/2019 05:00,0.29,15187.0,United Kingdom
536481,10018,ALARM CLOCK BAKELIKE RED,2,12/19/2019 11:00,3.81,15696.0,United Kingdom
536972,10008,JUMBO BAG RED RETROSPOT,67,11/11/2019 14:00,2.7,13709.0,United Kingdom
537243,10015,TRAVEL SEWING KIT,3,12/08/2019 15:00,1.27,14206.0,Portugal
538143,10003,GLASS JAR CANDLE,1,11/30/2019 20:00,2.94,16042.0,Germany
536526,10016,VINTAGE SNAKES AND LADDERS,2,02/05/2020 10:00,2.92,14000.0,United Kingdom
537446,10012,ROUND SNACK BOXES SET OF 4,1,11/08/2019 00:00,0.85,16860.0,Switzerland
538082,10000,WHITE HANGING HEART T-LIGHT HOLDER,5,12/22/2019 01:00,3.43,15180.0,United Kingdom
537876,10013,SPACEBOY LUNCH BOX,9,02/03/2020 20:00,8.14,18105.0,United Kingdom
538099,10009,PARTY BUNTING,2,02/09/2020 01:00,1.96,,Netherlands
536684,10000,WHITE HANGING HEART T-LIGHT HOLDER,3,01/01/2020 12:00,1.03,17351.0,United Kingdom
537867,10016,VINTAGE SNAKES AND LADDERS,10,11/27/2019 17:00,2.06,15258.0,United Kingdom
538199,10010,LUNCH BAG WOODLAND,1,12/11/2019 10:00,5.78,,United Kingdom
536976,10012,ROUND SNACK BOXES SET OF 4,1,11/27/2019 16:00,0.72,16535.0,United Kingdom
537299,10011,RECIPE BOX PANTRY DESIGN,3,01/19/2020 11:00,4.39,13602.0,United Kingdom
537360,10001,WOODEN PICTURE FRAME,2,12/06/2019 03:00,1.25,13168.0,United Kingdom
537290,10006,PACK OF 72 RETRO SPOT CAKE CASES,3,01/15/2020 16:00,3.13,15504.0,United Kingdom
536908,10014,STRAWBERRY CERAMIC TRINKET BOX,1,01/18/2020 17:00,1.4,17014.0,Switzerland
538185,10006,PACK OF 72 RETRO SPOT CAKE CASES,5,02/21/2020 19:00,1.4,13876.0,United Kingdom
538158,10017,WOODEN FRAME ANTIQUE WHITE,3,12/15/2019 10:00,11.28,16047.0,EIRE
537078,10006,PACK OF 72 RETRO SPOT CAKE CASES,7,02/24/2020 09:00,0.6,12431.0,United Kingdom
537874,10009,PARTY BUNTING,5,12/19/2019 02:00,4.0,13442.0,United Kingdom
537110,10008,JUMBO BAG RED RETROSPOT,5,01/21/2020 17:00,13.89,16830.0,United Kingdom
537855,10000,WHITE HANGING HEART T-LIGHT HOLDER,1,01/19/2020 10:00,4.88,12422.0,Switzerland
537461,10016,VINTAGE SNAKES AND LADDERS,7,02/07/2020 04:00,0.65,14471.0,EIRE
537246,10002,RED WOOLLY HOTTIE MUG,3,12/27/2019 07:00,0.68,,United Kingdom
536605,10009,PARTY BUNTING,3,02/04/2020 02:00,1.16,12738.0,United Kingdom
537592,10018,ALARM CLOCK BAKELIKE RED,12,12/13/2019 15:00,2.88,18159.0,France
536967,10019,HAND WARMER OWL DESIGN,2,12/29/2019 23:00,3.08,15368.0,United Kingdom
536771,10004,VINTAGE UNION JACK BUNTING,16,12/30/2019 23:00,0.69,14357.0,United Kingdom
536727,10007,REGENCY CAKESTAND 3 TIER,17,01/24/2020 13:00,1.03,18151.0,Germany
538206,10011,RECIPE BOX PANTRY DESIGN,9,01/14/2020 05:00,1.09,,EIRE
536558,10013,SPACEBOY LUNCH BOX,2,11/10/2019 09:00,2.05,16377.0,United Kingdom
537862,10005,SET OF 3 CAKE TINS,1,02/06/2020 02:00,17.9,12882.0,United Kingdom
537989,10010,LUNCH BAG WOODLAND,12,01/30/2020 23:00,0.97,13289.0,United Kingdom
536423,10016,VINTAGE SNAKES AND LADDERS,5,11/13/2019 13:00,0.93,12614.0,Netherlands
537469,10015,TRAVEL SEWING KIT,2,02/24/2020 11:00,0.79,15401.0,United Kingdom
537447,10016,VINTAGE SNAKES AND LADDERS,13,01/19/2020 07:00,4.64,17314.0,United Kingdom
537037,10017,WOODEN FRAME ANTIQUE WHITE,2,11/11/2019 04:00,2.36,17703.0,United Kingdom
537615,10017,WOODEN FRAME ANTIQUE WHITE,3,12/29/2019 23:00,1.0,15758.0,United Kingdom
537131,10010,LUNCH BAG WOODLAND,7,02/09/2020 08:00,1.71,12668.0,Spain
537189,10019,HAND WARMER OWL DESIGN,1,12/04/2019 14:00,1.11,16066.0,EIRE
537174,10009,PARTY BUNTING,4,02/20/2020 23:00,3.31,,United Kingdom
537866,10014,STRAWBERRY CERAMIC TRINKET BOX,12,12/21/2019 05:00,36.03,15893.0,United Kingdom
537552,10018,ALARM CLOCK BAKELIKE RED,5,11/28/2019 03:00,4.27,,United Kingdom
537075,10000,WHITE HANGING HEART T-LIGHT HOLDER,14,12/13/2019 18:00,2.24,15656.0,United Kingdom
538102,10018,ALARM CLOCK BAKELIKE RED,13,01/02/2020 23:00,1.26,16528.0,France
537868,10016,VINTAGE SNAKES AND LADDERS,4,01/22/2020 14:00,0.64,,United Kingdom
538113,10019,HAND WARMER OWL DESIGN,1,02/20/2020 09:00,5.12,13238.0,United Kingdom
537734,10015,TRAVEL SEWING KIT,1,11/24/2019 09:00,4.85,12820.0,EIRE
537099,10003,GLASS JAR CANDLE,9,02/24/2020 06:00,1.54,17736.0,Germany
537814,10006,PACK OF 72 RETRO SPOT CAKE CASES,1,01/03/2020 08:00,8.28,,Belgium
536982,10000,WHITE HANGING HEART T-LIGHT HOLDER,3,11/16/2019 08:00,2.51,14260.0,United Kingdom
536872,10012,ROUND SNACK BOXES SET OF 4,6,02/20/2020 05:00,5.34,14088.0,United Kingdom
537210,10008,JUMBO BAG RED RETROSPOT,18,12/12/2019 21:00,3.31,12653.0,United Kingdom
538182,10009,PARTY BUNTING,2,01/14/2020 11:00,2.06,17960.0,United Kingdom
537429,10014,STRAWBERRY CERAMIC TRINKET BOX,2,01/23/2020 19:00,0.95,,Germany
537084,10016,VINTAGE SNAKES AND LADDERS,4,11/02/2019 14:00,2.13,,United Kingdom
537230,10001,WOODEN PICTURE FRAME,6,11/27/2019 14:00,5.71,15064.0,United Kingdom
536911,10018,ALARM CLOCK BAKELIKE RED,3,01/22/2020 09:00,1.48,,United Kingdom
537600,10007,REGENCY CAKESTAND 3 TIER,12,12/09/2019 23:00,3.82,12583.0,United Kingdom
537022,10015,TRAVEL SEWING KIT,2,11/02/2019 02:00,0.83,,Belgium
537404,10011,RECIPE BOX PANTRY DESIGN,5,11/03/2019 19:00,5.37,16977.0,United Kingdom
537058,10008,JUMBO BAG RED RETROSPOT,6,02/08/2020 04:00,3.36,13834.0,United Kingdom
536966,10004,VINTAGE UNION JACK BUNTING,3,11/19/2019 10:00,0.74,17489.0,France
538184,10003,GLASS JAR CANDLE,9,11/13/2019 01:00,1.97,14485.0,United Kingdom
537013,10014,STRAWBERRY CERAMIC TRINKET BOX,5,01/07/2020 12:00,6.24,12425.0,Australia
536497,10006,PACK OF 72 RETRO SPOT CAKE CASES,9,11/15/2019 06:00,0.7,12992.0,United Kingdom
537074,10004,VINTAGE UNION JACK BUNTING,5,01/18/2020 09:00,0.84,17158.0,United Kingdom
537362,10000,WHITE HANGING HEART T-LIGHT HOLDER,6,01/05/2020 07:00,2.29,14755.0,United Kingdom
536542,10016,VINTAGE SNAKES AND LADDERS,2,01/17/2020 21:00,20.77,18175.0,United Kingdom
536938,10007,REGENCY CAKESTAND 3 TIER,2,12/30/2019 00:00,1.26,17032.0,United Kingdom
536676,10006,PACK OF 72 RETRO SPOT CAKE CASES,14,02/02/2020 10:00,4.04,12526.0,United Kingdom
537303,10007,REGENCY CAKESTAND 3 TIER,8,01/17/2020 09:00,3.19,,United Kingdom
537720,10011,RECIPE BOX PANTRY DESIGN,1,12/20/2019 20:00,1.36,16653.0,United Kingdom
538180,10009,PARTY BUNTING,5,11/02/2019 20:00,2.89,12720.0,United Kingdom
537094,10010,LUNCH BAG WOODLAND,1,12/03/2019 19:00,1.57,18281.0,United Kingdom
537983,10005,SET OF 3 CAKE TINS,2,11/16/2019 18:00,1.72,13333.0,United Kingdom
536767,10005,SET OF 3 CAKE TINS,11,11/02/2019 20:00,0.47,17081.0,Spain
537828,10017,WOODEN FRAME ANTIQUE WHITE,4,12/03/2019 19:00,2.4,17339.0,Switzerland
537420,10008,JUMBO BAG RED RETROSPOT,5,11/25/2019 19:00,6.04,15348.0,United Kingdom
537786,10019,HAND WARMER OWL DESIGN,1,11/10/2019 05:00,2.6,17120.0,United Kingdom
537781,10016,VINTAGE SNAKES AND LADDERS,3,12/08/2019 11:00,7.32,17602.0,United Kingdom
537363,10014,STRAWBERRY CERAMIC TRINKET BOX,6,12/31/2019 19:00,4.39,16708.0,France
536847,10010,LUNCH BAG WOODLAND,6,11/22/2019 09:00,2.32,,United Kingdom
537351,10016,VINTAGE SNAKES AND LADDERS,11,12/03/2019 18:00,1.31,14654.0,Belgium
537915,10001,WOODEN PICTURE FRAME,3,11/03/2019 10:00,1.51,14083.0,United Kingdom
538184,10009,PARTY BUNTING,3,11/07/2019 01:00,0.57,,United Kingdom
538104,10014,STRAWBERRY CERAMIC TRINKET BOX,1,11/19/2019 21:00,1.88,13678.0,United Kingdom
536705,10002,RED WOOLLY HOTTIE MUG,3,12/25/2019 08:00,2.85,14808.0,United Kingdom
537485,10003,GLASS JAR CANDLE,1,01/19/2020 23:00,13.67,15391.0,United Kingdom
536561,10001,WOODEN PICTURE FRAME,1,02/03/2020 15:00,4.17,14667.0,United Kingdom
537619,10009,PARTY BUNTING,1,01/15/2020 13:00,1.04,14561.0,United Kingdom
538225,10010,LUNCH BAG WOODLAND,18,01/14/2020 01:00,0.58,15905.0,United Kingdom
536463,10009,PARTY BUNTING,3,02/21/2020 07:00,2.0,14303.0,United Kingdom
537596,10001,WOODEN PICTURE FRAME,5,12/01/2019 16:00,5.54,18220.0,United Kingdom
538137,10009,PARTY BUNTING,2,02/04/2020 19:00,1.97,13403.0,United Kingdom
537953,10017,WOODEN FRAME ANTIQUE WHITE,1,02/21/2020 11:00,4.23,14657.0,United Kingdom
537100,10000,WHITE HANGING HEART T-LIGHT HOLDER,10,01/08/2020 03:00,2.05,17367.0,United Kingdom
536559,10015,TRAVEL SEWING KIT,1,02/09/2020 21:00,5.04,15171.0,United Kingdom
538097,10005,SET OF 3 CAKE TINS,2,11/17/2019 12:00,0.5,16534.0,Spain
538092,10001,WOODEN PICTURE FRAME,4,02/14/2020 11:00,12.23,,Netherlands
537450,10001,WOODEN PICTURE FRAME,5,01/07/2020 17:00,0.81,14314.0,United Kingdom
538200,10000,WHITE HANGING HEART T-LIGHT HOLDER,2,11/27/2019 14:00,5.44,16766.0,France
536373,10008,JUMBO BAG RED RETROSPOT,1,11/08/2019 09:00,1.87,13757.0,United Kingdom
537521,10009,PARTY BUNTING,2,01/26/2020 10:00,2.19,,United Kingdom
536437,10012,ROUND SNACK BOXES SET OF 4,2,12/22/2019 17:00,1.93,,Spain
538119,10001,WOODEN PICTURE FRAME,2,12/08/2019 05:00,3.18,,United Kingdom
537640,10013,SPACEBOY LUNCH BOX,11,12/17/2019 20:00,3.89,13014.0,United Kingdom
538077,10014,STRAWBERRY CERAMIC TRINKET BOX,1,02/27/2020 23:00,7.09,17507.0,United Kingdom
537420,10001,WOODEN PICTURE FRAME,5,12/22/2019 08:00,10.05,16061.0,United Kingdom
536521,10013,SPACEBOY LUNCH BOX,5,11/10/2019 10:00,3.43,12586.0,United Kingdom
536414,10002,RED WOOLLY HOTTIE MUG,11,12/04/2019 14:00,13.65,12992.0,France
536994,10008,JUMBO BAG RED RETROSPOT,4,11/18/2019 10:00,2.7,,United Kingdom
537758,10013,SPACEBOY LUNCH BOX,9,01/22/2020 07:00,7.22,,United Kingdom
536648,10017,WOODEN FRAME ANTIQUE WHITE,3,02/05/2020 01:00,3.78,15848.0,United Kingdom
537962,10010,LUNCH BAG WOODLAND,6,02/09/2020 22:00,1.42,14004.0,Belgium
536814,10008,JUMBO BAG RED RETROSPOT,1,01/15/2020 23:00,2.95,,United Kingdom
537295,10016,VINTAGE SNAKES AND LADDERS,1,02/01/2020 06:00,4.07,12499.0,United Kingdom
536745,10004,VINTAGE UNION JACK BUNTING,6,12/21/2019 02:00,2.38,13553.0,Netherlands
537238,10004,VINTAGE UNION JACK BUNTING,6,01/15/2020 08:00,3.72,17427.0,United Kingdom
537212,10009,PARTY BUNTING,7,11/13/2019 20:00,5.84,15903.0,United Kingdom
536375,10002,RED WOOLLY HOTTIE MUG,2,01/04/2020 14:00,2.4,14529.0,United Kingdom
537429,10000,WHITE HANGING HEART T-LIGHT HOLDER,18,01/06/2020 22:00,0.25,,United Kingdom
537839,10007,REGENCY CAKESTAND 3 TIER,3,11/04/2019 17:00,13.17,14383.0,United Kingdom
538120,10003,GLASS JAR CANDLE,6,01/05/2020 19:00,1.83,14620.0,United Kingdom
536985,10012,,7,01/26/2020 18:00,1.08,13050.0,United Kingdom
538016,10010,LUNCH BAG WOODLAND,23,12/15/2019 03:00,0.8,15953.0,United Kingdom
538012,10009,PARTY BUNTING,3,01/05/2020 10:00,1.76,16269.0,United Kingdom
538218,10009,PARTY BUNTING,2,12/05/2019 08:00,1.4,18276.0,United Kingdom
537064,10001,WOODEN PICTURE FRAME,1,12/03/2019 12:00,1.18,14477.0,United Kingdom
537960,10008,JUMBO BAG RED RETROSPOT,19,11/16/2019 13:00,1.24,13985.0,United Kingdom
537424,10001,WOODEN PICTURE FRAME,6,12/10/2019 08:00,4.18,17235.0,United Kingdom
536474,10007,REGENCY CAKESTAND 3 TIER,6,02/05/2020 10:00,18.73,14427.0,Germany
536871,10013,SPACEBOY LUNCH BOX,92,02/21/2020 07:00,5.59,,United Kingdom
537625,10019,HAND WARMER OWL DESIGN,6,01/16/2020 07:00,7.56,16727.0,United Kingdom
536666,10005,SET OF 3 CAKE TINS,1,01/14/2020 22:00,1.69,17573.0,United Kingdom
537180,10005,SET OF 3 CAKE TINS,3,01/13/2020 16:00,2.73,14239.0,United Kingdom
537817,10013,SPACEBOY LUNCH BOX,2,12/28/2019 03:00,3.77,,United Kingdom
536645,10018,ALARM CLOCK BAKELIKE RED,3,12/21/2019 18:00,1.27,13124.0,Germany
537296,10005,SET OF 3 CAKE TINS,3,01/14/2020 12:00,1.61,16975.0,United Kingdom
536767,10016,VINTAGE SNAKES AND LADDERS,2,02/03/2020 03:00,5.78,12613.0,United Kingdom
537370,10006,PACK OF 72 RETRO SPOT CAKE CASES,1,12/20/2019 15:00,7.32,16484.0,France
536816,10012,ROUND SNACK BOXES SET OF 4,20,01/07/2020 22:00,2.63,13587.0,United Kingdom
538175,10004,VINTAGE UNION JACK BUNTING,5,12/27/2019 10:00,0.74,15094.0,United Kingdom
536508,10005,SET OF 3 CAKE TINS,3,12/05/2019 06:00,1.83,12799.0,United Kingdom
538171,10019,HAND WARMER OWL DESIGN,9,12/05/2019 20:00,0.58,16437.0,United Kingdom
537849,10007,REGENCY CAKESTAND 3 TIER,6,11/10/2019 10:00,2.65,15210.0,Spain
537969,10000,WHITE HANGING HEART T-LIGHT HOLDER,5,12/23/2019 19:00,3.18,16288.0,Belgium
537961,10015,TRAVEL SEWING KIT,8,01/25/2020 12:00,1.88,14410.0,United Kingdom
536716,10002,RED WOOLLY HOTTIE MUG,5,01/22/2020 07:00,3.13,12385.0,Belgium
538110,10002,RED WOOLLY HOTTIE MUG,8,02/27/2020 07:00,3.73,15797.0,Germany
537479,10016,VINTAGE SNAKES AND LADDERS,9,11/05/2019 19:00,3.18,,United Kingdom
538169,10006,PACK OF 72 RETRO SPOT CAKE CASES,5,01/31/2020 07:00,0.74,,Germany
538011,10002,RED WOOLLY HOTTIE MUG,3,02/04/2020 10:00,1.91,13903.0,United Kingdom
537451,10019,HAND WARMER OWL DESIGN,19,12/23/2019 09:00,3.71,,Switzerland
537067,10005,SET OF 3 CAKE TINS,3,12/04/2019 23:00,11.93,15564.0,EIRE
536584,10012,ROUND SNACK BOXES SET OF 4,6,12/13/2019 20:00,1.87,,EIRE
536554,10005,SET OF 3 CAKE TINS,6,01/21/2020 22:00,4.27,13007.0,United Kingdom
537095,10011,RECIPE BOX PANTRY DESIGN,2,02/12/2020 11:00,5.92,14278.0,United Kingdom
537885,10013,SPACEBOY LUNCH BOX,2,01/17/2020 03:00,2.02,,United Kingdom
537312,10015,TRAVEL SEWING KIT,3,01/01/2020 17:00,7.76,16600.0,United Kingdom
537268,10008,JUMBO BAG RED RETROSPOT,2,01/18/2020 08:00,8.18,12435.0,United Kingdom
536823,10012,ROUND SNACK BOXES SET OF 4,1,11/09/2019 11:00,9.78,12633.0,United Kingdom
537423,10016,VINTAGE SNAKES AND LADDERS,2,01/13/2020 00:00,3.89,,United Kingdom
537561,10016,VINTAGE SNAKES AND LADDERS,5,11/06/2019 01:00,26.05,14283.0,United Kingdom
538206,10014,STRAWBERRY CERAMIC TRINKET BOX,14,02/24/2020 03:00,1.33,,France
537732,10007,REGENCY CAKESTAND 3 TIER,7,02/15/2020 17:00,20.58,,United Kingdom
537503,10010,LUNCH BAG WOODLAND,1,01/01/2020 00:00,5.3,13132.0,United Kingdom
538071,10019,HAND WARMER OWL DESIGN,8,12/15/2019 21:00,9.4,17117.0,United Kingdom
537161,10004,VINTAGE UNION JACK BUNTING,2,01/27/2020 21:00,1.79,15668.0,United Kingdom
538118,10013,SPACEBOY LUNCH BOX,6,01/16/2020 12:00,5.72,12841.0,United Kingdom
537058,10015,TRAVEL SEWING KIT,4,01/24/2020 16:00,10.25,14724.0,United Kingdom
536604,10009,PARTY BUNTING,3,01/01/2020 21:00,0.83,,United Kingdom
537148,10017,WOODEN FRAME ANTIQUE WHITE,4,11/29/2019 08:00,2.09,18172.0,United Kingdom
536606,10008,JUMBO BAG RED RETROSPOT,4,11/09/2019 19:00,0.29,15866.0,Netherlands
536586,10016,VINTAGE SNAKES AND LADDERS,16,12/05/2019 00:00,2.06,,Germany
538017,10012,ROUND SNACK BOXES SET OF 4,4,01/03/2020 12:00,1.09,14570.0,United Kingdom
537855,10001,WOODEN PICTURE FRAME,12,12/21/2019 21:00,1.98,13217.0,Spain
536779,10016,VINTAGE SNAKES AND LADDERS,10,12/31/2019 18:00,45.77,13741.0,United Kingdom
537935,10013,SPACEBOY LUNCH BOX,8,12/04/2019 08:00,13.71,14822.0,United Kingdom
536494,10004,VINTAGE UNION JACK BUNTING,1,02/21/2020 14:00,0.58,16923.0,United Kingdom
536898,10014,STRAWBERRY CERAMIC TRINKET BOX,12,12/15/2019 00:00,4.29,14906.0,France
537688,10010,LUNCH BAG WOODLAND,3,02/10/2020 13:00,5.47,17863.0,United Kingdom
536934,10018,ALARM CLOCK BAKELIKE RED,8,12/17/2019 22:00,1.75,14497.0,United Kingdom
537734,10006,PACK OF 72 RETRO SPOT CAKE CASES,2,12/24/2019 05:00,2.94,,United Kingdom
538004,10005,SET OF 3 CAKE TINS,1,01/12/2020 11:00,3.24,15290.0,United Kingdom
536488,10001,WOODEN PICTURE FRAME,29,12/02/2019 14:00,0.64,,Spain
536409,10015,TRAVEL SEWING KIT,2,11/27/2019 09:00,0.88,16325.0,United Kingdom
538127,10019,HAND WARMER OWL DESIGN,13,12/16/2019 12:00,2.92,12945.0,United Kingdom
537340,10013,SPACEBOY LUNCH BOX,2714,02/05/2020 13:00,2.72,16153.0,United Kingdom
537314,10007,REGENCY CAKESTAND 3 TIER,3,11/18/2019 08:00,1.21,,United Kingdom
537234,10017,WOODEN FRAME ANTIQUE WHITE,4,12/23/2019 12:00,1.11,14467.0,United Kingdom
537178,10005,SET OF 3 CAKE TINS,1,01/20/2020 16:00,2.25,15975.0,United Kingdom
537658,10013,SPACEBOY LUNCH BOX,4,01/24/2020 18:00,5.97,16534.0,EIRE
537452,10011,RECIPE BOX PANTRY DESIGN,1,12/23/2019 03:00,2.28,17864.0,United Kingdom
536671,10017,WOODEN FRAME ANTIQUE WHITE,3,11/10/2019 18:00,12.46,14065.0,United Kingdom
537539,10019,HAND WARMER OWL DESIGN,10,11/02/2019 21:00,1.23,17169.0,France
537618,10007,REGENCY CAKESTAND 3 TIER,5,12/27/2019 09:00,2.98,,United Kingdom
536578,10001,WOODEN PICTURE FRAME,1,02/06/2020 05:00,1.73,18261.0,United Kingdom
537071,10003,GLASS JAR CANDLE,10,11/04/2019 09:00,4.43,18075.0,Spain
537847,10014,STRAWBERRY CERAMIC TRINKET BOX,4,02/15/2020 12:00,1.13,17042.0,United Kingdom
537525,10007,REGENCY CAKESTAND 3 TIER,2,01/21/2020 03:00,16.9,14097.0,France
536620,10002,RED WOOLLY HOTTIE MUG,9,11/01/2019 23:00,0.45,16472.0,Spain
536440,10016,VINTAGE SNAKES AND LADDERS,3,12/12/2019 06:00,13.67,,United Kingdom
537454,10012,ROUND SNACK BOXES SET OF 4,1,11/27/2019 11:00,2.69,14077.0,Portugal
537230,10002,RED WOOLLY HOTTIE MUG,26,02/22/2020 22:00,4.27,17178.0,United Kingdom
538166,10014,STRAWBERRY CERAMIC TRINKET BOX,4,01/06/2020 14:00,9.34,16516.0,Spain
537344,10012,ROUND SNACK BOXES SET OF 4,4,12/09/2019 21:00,5.8,,EIRE
538111,10019,HAND WARMER OWL DESIGN,3,12/04/2019 09:00,1.19,,United Kingdom
536766,10019,HAND WARMER OWL DESIGN,13,01/07/2020 16:00,4.48,12867.0,United Kingdom
537203,10019,HAND WARMER OWL DESIGN,2,11/01/2019 14:00,15.92,16409.0,United Kingdom
536626,10017,WOODEN FRAME ANTIQUE WHITE,1,12/01/2019 21:00,1.01,17016.0,United Kingdom
537441,10015,TRAVEL SEWING KIT,2,11/20/2019 20:00,20.46,12585.0,Australia
536718,10013,SPACEBOY LUNCH BOX,15,01/14/2020 10:00,3.62,,United Kingdom
537287,10010,LUNCH BAG WOODLAND,9,01/20/2020 08:00,1.59,15417.0,United Kingdom
537010,10015,TRAVEL SEWING KIT,3,12/27/2019 01:00,1.01,13582.0,United Kingdom
536713,10019,HAND WARMER OWL DESIGN,16,11/17/2019 19:00,1.97,17570.0,United Kingdom
536546,10002,RED WOOLLY HOTTIE MUG,9,12/15/2019 11:00,0.35,16068.0,United Kingdom
537325,10002,RED WOOLLY HOTTIE MUG,3,02/10/2020 04:00,1.62,13980.0,United Kingdom
538141,10009,PARTY BUNTING,3,11/25/2019 10:00,1.89,14941.0,EIRE
536737,10005,SET OF 3 CAKE TINS,6,11/20/2019 14:00,0.84,13011.0,United Kingdom
537124,10010,LUNCH BAG WOODLAND,2,11/14/2019 09:00,5.2,12866.0,United Kingdom
536786,10006,PACK OF 72 RETRO SPOT CAKE CASES,4,02/07/2020 00:00,1.98,16780.0,United Kingdom
537881,10015,TRAVEL SEWING KIT,6,11/15/2019 09:00,1.3,,Portugal
537142,10017,WOODEN FRAME ANTIQUE WHITE,1,01/09/2020 19:00,1.78,13990.0,United Kingdom
538192,10005,SET OF 3 CAKE TINS,3,02/28/2020 22:00,3.51,13799.0,United Kingdom
536824,10015,TRAVEL SEWING KIT,3,01/17/2020 01:00,2.65,16409.0,Spain
536516,10002,RED WOOLLY HOTTIE MUG,11,12/20/2019 11:00,1.22,15381.0,United Kingdom
537457,10015,TRAVEL SEWING KIT,1,11/25/2019 19:00,2.79,13174.0,United Kingdom
537586,10013,SPACEBOY LUNCH BOX,3,11/01/2019 05:00,2.34,16310.0,United Kingdom
538222,10014,STRAWBERRY CERAMIC TRINKET BOX,3,11/19/2019 16:00,0.79,,Germany
537998,10009,PARTY BUNTING,11,02/23/2020 09:00,1.84,13029.0,United Kingdom
538022,10002,RED WOOLLY HOTTIE MUG,4,11/18/2019 05:00,4.39,15104.0,United Kingdom
537554,10016,VINTAGE SNAKES AND LADDERS,24,11/03/2019 09:00,4.36,16738.0,United Kingdom
537039,10002,RED WOOLLY HOTTIE MUG,8,02/06/2020 23:00,1.95,,United Kingdom
537169,10009,PARTY BUNTING,3,12/21/2019 05:00,4.84,,Germany
536615,10003,GLASS JAR CANDLE,5,12/13/2019 20:00,0.92,13759.0,Germany
537173,10016,VINTAGE SNAKES AND LADDERS,3,01/26/2020 03:00,0.95,15279.0,United Kingdom
537048,10011,RECIPE BOX PANTRY DESIGN,10,01/02/2020 18:00,1.91,16581.0,United Kingdom
536432,10010,LUNCH BAG WOODLAND,1,02/18/2020 18:00,11.0,15484.0,United Kingdom
536748,10006,PACK OF 72 RETRO SPOT CAKE CASES,2,12/27/2019 03:00,2.9,,United Kingdom
537367,10015,TRAVEL SEWING KIT,6,01/25/2020 13:00,1.87,18018.0,United Kingdom
537057,10004,VINTAGE UNION JACK BUNTING,14,02/14/2020 12:00,11.52,12746.0,United Kingdom
538227,10014,STRAWBERRY CERAMIC TRINKET BOX,1,12/26/2019 15:00,1.85,,United Kingdom
537262,10019,HAND WARMER OWL DESIGN,16,12/05/2019 03:00,22.98,16650.0,United Kingdom
538162,10005,SET OF 3 CAKE TINS,4,02/25/2020 23:00,1.48,,United Kingdom
537603,10013,SPACEBOY LUNCH BOX,1,11/28/2019 05:00,0.89,13862.0,France
536440,10006,PACK OF 72 RETRO SPOT CAKE CASES,1,11/05/2019 17:00,2.08,14536.0,United Kingdom
536746,10018,ALARM CLOCK BAKELIKE RED,1,01/09/2020 09:00,1.92,,United Kingdom
537688,10017,WOODEN FRAME ANTIQUE WHITE,4,02/27/2020 11:00,1.1,15416.0,United Kingdom
537387,10006,PACK OF 72 RETRO SPOT CAKE CASES,4,11/11/2019 09:00,33.18,13879.0,United Kingdom
536930,10004,VINTAGE UNION JACK BUNTING,8,02/10/2020 23:00,3.38,17811.0,Spain
537343,10001,WOODEN PICTURE FRAME,2,02/08/2020 16:00,3.91,13047.0,Portugal
538058,10013,SPACEBOY LUNCH BOX,1,02/20/2020 12:00,1.55,17197.0,France
537093,10018,ALARM CLOCK BAKELIKE RED,3,12/21/2019 14:00,1.38,,France
536449,10002,RED WOOLLY HOTTIE MUG,4,12/01/2019 13:00,6.86,,United Kingdom
536948,10016,VINTAGE SNAKES AND LADDERS,5,01/01/2020 11:00,0.46,12602.0,United Kingdom
538119,10015,TRAVEL SEWING KIT,2,11/18/2019 02:00,0.78,17610.0,United Kingdom
537793,10009,PARTY BUNTING,10,02/10/2020 04:00,1.92,18093.0,United Kingdom
537935,10004,VINTAGE UNION JACK BUNTING,2,01/19/2020 15:00,9.5,14592.0,United Kingdom
538074,10013,SPACEBOY LUNCH BOX,2,12/29/2019 00:00,1.69,,United Kingdom
536585,10011,RECIPE BOX PANTRY DESIGN,2,01/01/2020 22:00,3.73,13957.0,United Kingdom
536895,10016,VINTAGE SNAKES AND LADDERS,12,01/25/2020 11:00,2.53,13156.0,United Kingdom
536477,10011,RECIPE BOX PANTRY DESIGN,4,01/02/2020 19:00,8.99,15969.0,EIRE
536373,10000,WHITE HANGING HEART T-LIGHT HOLDER,2,02/09/2020 19:00,0.5,15426.0,United Kingdom
537930,10004,VINTAGE UNION JACK BUNTING,10,02/19/2020 23:00,5.13,14460.0,United Kingdom
538121,10007,REGENCY CAKESTAND 3 TIER,35,02/23/2020 00:00,2.02,16211.0,United Kingdom
536657,10009,PARTY BUNTING,5,01/14/2020 10:00,6.2,16043.0,EIRE
537719,10006,PACK OF 72 RETRO SPOT CAKE CASES,14,01/29/2020 03:00,1.08,12412.0,United Kingdom
537367,10017,WOODEN FRAME ANTIQUE WHITE,11,12/08/2019 08:00,2.52,,United Kingdom
536494,10005,SET OF 3 CAKE TINS,2,11/05/2019 13:00,2.22,,United Kingdom
538082,10013,SPACEBOY LUNCH BOX,4,12/19/2019 00:00,0.9,17073.0,Portugal
537998,10007,REGENCY CAKESTAND 3 TIER,1,02/13/2020 15:00,0.68,,Belgium
537428,10019,HAND WARMER OWL DESIGN,3,11/17/2019 00:00,1.38,18015.0,France
537692,10018,ALARM CLOCK BAKELIKE RED,2,01/05/2020 12:00,2.8,,United Kingdom
537109,10015,TRAVEL SEWING KIT,3,11/24/2019 02:00,1.15,,Germany
537851,10015,TRAVEL SEWING KIT,2,12/22/2019 12:00,1.77,15075.0,United Kingdom
537199,10012,ROUND SNACK BOXES SET OF 4,3,11/18/2019 04:00,0.37,15375.0,Belgium
538219,10011,RECIPE BOX PANTRY DESIGN,7,01/28/2020 04:00,1.7,17017.0,United Kingdom
536483,10011,RECIPE BOX PANTRY DESIGN,4,02/06/2020 06:00,6.85,16649.0,United Kingdom
536687,10000,WHITE HANGING HEART T-LIGHT HOLDER,1,01/31/2020 00:00,4.98,,United Kingdom
538181,10018,ALARM CLOCK BAKELIKE RED,2,01/24/2020 14:00,2.25,13287.0,United Kingdom
536906,10019,HAND WARMER OWL DESIGN,1,11/29/2019 05:00,3.14,16371.0,Germany
536947,10010,LUNCH BAG WOODLAND,5,01/03/2020 15:00,1.07,,United Kingdom
537848,10017,WOODEN FRAME ANTIQUE WHITE,7,11/13/2019 13:00,12.48,16814.0,United Kingdom
536720,10008,JUMBO BAG RED RETROSPOT,5,12/15/2019 22:00,19.45,15809.0,France
537327,10002,RED WOOLLY HOTTIE MUG,2,12/31/2019 17:00,2.9,12870.0,United Kingdom
536901,10016,VINTAGE SNAKES AND LADDERS,5,01/20/2020 05:00,32.81,,EIRE
536736,10010,LUNCH BAG WOODLAND,3,11/12/2019 14:00,1.25,16761.0,United Kingdom
538173,10018,ALARM CLOCK BAKELIKE RED,1,02/06/2020 13:00,0.7,17504.0,United Kingdom
536739,10004,VINTAGE UNION JACK BUNTING,9,12/26/2019 02:00,1.21,17249.0,United Kingdom
536541,10009,PARTY BUNTING,9,02/14/2020 18:00,1.97,14881.0,Germany
537628,10013,SPACEBOY LUNCH BOX,10,01/03/2020 07:00,24.83,15835.0,United Kingdom
537991,10002,RED WOOLLY HOTTIE MUG,2,01/05/2020 15:00,1.86,,United Kingdom
536604,10019,HAND WARMER OWL DESIGN,13,01/23/2020 03:00,1.04,15861.0,United Kingdom
537692,10012,ROUND SNACK BOXES SET OF 4,2,02/07/2020 10:00,1.0,13506.0,United Kingdom
537378,10003,GLASS JAR CANDLE,8,11/19/2019 22:00,7.69,17069.0,United Kingdom
537921,10014,STRAWBERRY CERAMIC TRINKET BOX,2,01/01/2020 09:00,6.67,17012.0,United Kingdom
536603,10017,WOODEN FRAME ANTIQUE WHITE,3,11/04/2019 14:00,1.51,12649.0,Spain
538194,10007,REGENCY CAKESTAND 3 TIER,1,12/27/2019 23:00,0.38,,United Kingdom
537525,10012,ROUND SNACK BOXES SET OF 4,3,02/06/2020 15:00,0.8,,United Kingdom
537944,10014,STRAWBERRY CERAMIC TRINKET BOX,4,02/12/2020 21:00,13.75,14593.0,United Kingdom
537043,10002,RED WOOLLY HOTTIE MUG,3,12/05/2019 00:00,4.9,15026.0,United Kingdom
538133,10010,LUNCH BAG WOODLAND,23,12/17/2019 09:00,2.63,,France
537539,10011,RECIPE BOX PANTRY DESIGN,1,01/06/2020 05:00,15.94,,United Kingdom
536603,10006,PACK OF 72 RETRO SPOT CAKE CASES,2,12/18/2019 12:00,17.43,12944.0,United Kingdom
538095,10005,SET OF 3 CAKE TINS,2,11/22/2019 09:00,2.37,17826.0,United Kingdom
537857,10012,ROUND SNACK BOXES SET OF 4,2,12/07/2019 14:00,2.42,16234.0,United Kingdom
536927,10015,TRAVEL SEWING KIT,11,12/19/2019 12:00,1.37,17804.0,EIRE
537388,10007,REGENCY CAKESTAND 3 TIER,18,01/02/2020 06:00,1.85,14548.0,United Kingdom
537092,10002,RED WOOLLY HOTTIE MUG,2,02/19/2020 12:00,0.56,17667.0,United Kingdom
537384,10015,TRAVEL SEWING KIT,2,01/05/2020 09:00,0.55,14877.0,United Kingdom
538175,10003,GLASS JAR CANDLE,1,12/17/2019 11:00,0.44,,United Kingdom
538050,10000,WHITE HANGING HEART T-LIGHT HOLDER,15,01/19/2020 06:00,7.27,14348.0,United Kingdom
536769,10006,PACK OF 72 RETRO SPOT CAKE CASES,12,02/01/2020 19:00,0.52,18001.0,Germany
538187,10016,VINTAGE SNAKES AND LADDERS,4,12/22/2019 16:00,17.29,15111.0,EIRE
537186,10015,TRAVEL SEWING KIT,1,12/29/2019 17:00,1.18,15189.0,United Kingdom
537686,10006,PACK OF 72 RETRO SPOT CAKE CASES,1,11/27/2019 03:00,13.98,16169.0,United Kingdom
537797,10010,LUNCH BAG WOODLAND,5,02/12/2020 19:00,1.71,15648.0,United Kingdom
537270,10019,HAND WARMER OWL DESIGN,7,02/13/2020 01:00,0.51,15560.0,France
537221,10014,STRAWBERRY CERAMIC TRINKET BOX,1,11/21/2019 23:00,8.88,14598.0,Belgium
537220,10015,TRAVEL SEWING KIT,3,12/12/2019 12:00,9.99,13321.0,France
537982,10001,WOODEN PICTURE FRAME,20,12/03/2019 15:00,0.99,18254.0,Netherlands
537089,10004,VINTAGE UNION JACK BUNTING,3,02/19/2020 18:00,1.77,15264.0,France
536889,10002,RED WOOLLY HOTTIE MUG,18,11/08/2019 19:00,0.99,,United Kingdom
537042,10019,HAND WARMER OWL DESIGN,8,11/25/2019 21:00,2.18,,United Kingdom
536730,10006,PACK OF 72 RETRO SPOT CAKE CASES,1,12/08/2019 19:00,2.74,,United Kingdom
537099,10009,PARTY BUNTING,3,01/07/2020 05:00,1.73,15588.0,United Kingdom
536578,10011,RECIPE BOX PANTRY DESIGN,4,11/30/2019 21:00,0.4,18083.0,Spain
536533,10010,LUNCH BAG WOODLAND,2,01/04/2020 09:00,1.38,13003.0,France
537722,10001,WOODEN PICTURE FRAME,2,01/29/2020 16:00,4.97,15420.0,United Kingdom
536510,10018,ALARM CLOCK BAKELIKE RED,18,02/08/2020 11:00,2.0,13258.0,United Kingdom
537430,10007,REGENCY CAKESTAND 3 TIER,2,11/12/2019 21:00,1.77,,France
537827,10018,ALARM CLOCK BAKELIKE RED,12,11/17/2019 16:00,0.97,15496.0,United Kingdom
537723,10015,TRAVEL SEWING KIT,3,11/12/2019 10:00,1.34,17829.0,United Kingdom
537201,10013,SPACEBOY LUNCH BOX,4,02/18/2020 05:00,10.06,,United Kingdom
536728,10014,STRAWBERRY CERAMIC TRINKET BOX,7,01/18/2020 06:00,0.79,13313.0,United Kingdom
538110,10019,HAND WARMER OWL DESIGN,2,01/03/2020 19:00,5.06,,United Kingdom
537930,10006,PACK OF 72 RETRO SPOT CAKE CASES,7,02/03/2020 22:00,2.58,13212.0,United Kingdom
537512,10006,PACK OF 72 RETRO SPOT CAKE CASES,1,01/10/2020 08:00,3.14,14560.0,United Kingdom
536527,10013,SPACEBOY LUNCH BOX,6,11/29/2019 06:00,1.18,,United Kingdom
536430,10004,VINTAGE UNION JACK BUNTING,1,01/01/2020 05:00,1.73,13657.0,Netherlands
536956,10016,VINTAGE SNAKES AND LADDERS,3,01/24/2020 09:00,2.45,13122.0,United Kingdom
536660,10000,WHITE HANGING HEART T-LIGHT HOLDER,10,11/05/2019 07:00,1.46,16245.0,United Kingdom
537978,10017,WOODEN FRAME ANTIQUE WHITE,8,01/12/2020 18:00,3.43,16850.0,Germany
536750,10006,PACK OF 72 RETRO SPOT CAKE CASES,1,12/30/2019 16:00,3.89,,United Kingdom
536894,10000,WHITE HANGING HEART T-LIGHT HOLDER,1,11/09/2019 08:00,21.6,14015.0,United Kingdom
538194,10012,ROUND SNACK BOXES SET OF 4,2,12/02/2019 15:00,3.25,,Switzerland
537899,10005,SET OF 3 CAKE TINS,5,12/24/2019 20:00,0.36,16368.0,United Kingdom
536775,10006,PACK OF 72 RETRO SPOT CAKE CASES,1,12/12/2019 03:00,7.87,17151.0,United Kingdom
537084,10009,PARTY BUNTING,4,12/05/2019 19:00,2.01,,United Kingdom
537332,10011,RECIPE BOX PANTRY DESIGN,6,01/17/2020 22:00,18.39,14911.0,United Kingdom
537610,10002,RED WOOLLY HOTTIE MUG,3,12/19/2019 12:00,10.71,16197.0,United Kingdom
538120,10000,WHITE HANGING HEART T-LIGHT HOLDER,7,12/30/2019 17:00,1.48,,EIRE
537998,10009,PARTY BUNTING,5,02/04/2020 19:00,5.06,18225.0,United Kingdom
538197,10007,REGENCY CAKESTAND 3 TIER,2,11/12/2019 04:00,1.36,13494.0,Switzerland
536441,10011,RECIPE BOX PANTRY DESIGN,1,12/14/2019 04:00,2.47,15178.0,Switzerland
536808,10014,STRAWBERRY CERAMIC TRINKET BOX,5,11/09/2019 18:00,4.84,17552.0,United Kingdom
537420,10012,ROUND SNACK BOXES SET OF 4,2,02/20/2020 07:00,7.49,16105.0,Portugal
536457,10002,RED WOOLLY HOTTIE MUG,2,11/23/2019 06:00,6.02,17193.0,United Kingdom
537031,10019,HAND WARMER OWL DESIGN,7,02/07/2020 10:00,2.65,18262.0,Switzerland
536653,10014,STRAWBERRY CERAMIC TRINKET BOX,17,11/23/2019 21:00,29.47,12963.0,United Kingdom
538114,10000,WHITE HANGING HEART T-LIGHT HOLDER,4,12/09/2019 21:00,1.71,15984.0,United Kingdom
536483,10015,TRAVEL SEWING KIT,7,01/13/2020 00:00,0.49,15504.0,EIRE
536643,10017,WOODEN FRAME ANTIQUE WHITE,1,02/08/2020 19:00,0.6,14037.0,Switzerland
536730,10011,RECIPE BOX PANTRY DESIGN,5,11/22/2019 08:00,10.74,,Spain
536643,10016,VINTAGE SNAKES AND LADDERS,4,11/26/2019 14:00,2.28,,United Kingdom
537431,10017,WOODEN FRAME ANTIQUE WHITE,14,02/14/2020 20:00,2.88,15289.0,United Kingdom
537048,10019,HAND WARMER OWL DESIGN,2,12/09/2019 15:00,1.43,,United Kingdom
538075,10019,HAND WARMER OWL DESIGN,3,11/26/2019 04:00,1.56,14664.0,Spain
536854,10003,GLASS JAR CANDLE,12,01/29/2020 06:00,1.12,15994.0,EIRE
537372,10000,WHITE HANGING HEART T-LIGHT HOLDER,4,11/11/2019 22:00,3.94,17953.0,United Kingdom
537602,10013,SPACEBOY LUNCH BOX,1,02/13/2020 01:00,2.23,,France
537538,10013,SPACEBOY LUNCH BOX,52,02/14/2020 03:00,3.8,16509.0,United Kingdom
537858,10011,RECIPE BOX PANTRY DESIGN,1,02/11/2020 19:00,3.45,14312.0,United Kingdom
536743,10004,VINTAGE UNION JACK BUNTING,4,12/06/2019 10:00,1.61,18084.0,United Kingdom
537316,10018,ALARM CLOCK BAKELIKE RED,6,11/14/2019 17:00,0.57,18277.0,Germany
537866,10008,JUMBO BAG RED RETROSPOT,5,12/22/2019 01:00,0.52,17373.0,United Kingdom
537983,10014,STRAWBERRY CERAMIC TRINKET BOX,3,12/11/2019 03:00,50.74,17533.0,United Kingdom
537523,10012,ROUND SNACK BOXES SET OF 4,3,02/24/2020 02:00,10.79,17200.0,Belgium
537587,10017,WOODEN FRAME ANTIQUE WHITE,3,01/15/2020 19:00,9.4,16861.0,United Kingdom
537985,10014,STRAWBERRY CERAMIC TRINKET BOX,1,02/22/2020 08:00,1.25,,United Kingdom
537536,10012,ROUND SNACK BOXES SET OF 4,35,01/30/2020 03:00,2.48,16138.0,United Kingdom
538144,10016,VINTAGE SNAKES AND LADDERS,3,01/25/2020 19:00,1.09,16184.0,Germany
536604,10001,WOODEN PICTURE FRAME,7,11/14/2019 10:00,0.66,14661.0,Belgium
537017,10014,STRAWBERRY CERAMIC TRINKET BOX,3,11/09/2019 06:00,1.37,17614.0,United Kingdom
536575,10011,RECIPE BOX PANTRY DESIGN,3,11/06/2019 13:00,9.26,16116.0,United Kingdom
536534,10015,TRAVEL SEWING KIT,3,01/11/2020 05:00,5.7,15990.0,France
537249,10004,VINTAGE UNION JACK BUNTING,1,11/25/2019 05:00,0.93,16753.0,United Kingdom
536788,10011,RECIPE BOX PANTRY DESIGN,3,02/27/2020 17:00,1.8,12793.0,United Kingdom
537128,10005,SET OF 3 CAKE TINS,3,11/16/2019 22:00,5.2,17805.0,United Kingdom
537185,10002,RED WOOLLY HOTTIE MUG,13,02/22/2020 16:00,1.39,15807.0,Belgium
537529,10011,RECIPE BOX PANTRY DESIGN,1,01/20/2020 03:00,2.66,17956.0,United Kingdom
538138,10000,WHITE HANGING HEART T-LIGHT HOLDER,2,11/13/2019 17:00,3.68,12956.0,United Kingdom
537957,10001,WOODEN PICTURE FRAME,2,11/08/2019 00:00,3.64,13733.0,Australia
537074,10010,LUNCH BAG WOODLAND,17,12/18/2019 12:00,3.17,17985.0,France
536975,10017,WOODEN FRAME ANTIQUE WHITE,2,12/11/2019 16:00,1.28,,United Kingdom
537810,10014,STRAWBERRY CERAMIC TRINKET BOX,7,12/08/2019 21:00,1.42,16187.0,United Kingdom
536596,10000,WHITE HANGING HEART T-LIGHT HOLDER,11,01/03/2020 10:00,0.79,,United Kingdom
537378,10002,RED WOOLLY HOTTIE MUG,4,11/16/2019 13:00,0.52,15647.0,United Kingdom
537158,10008,JUMBO BAG RED RETROSPOT,1,11/16/2019 12:00,2.19,,France
536707,10008,JUMBO BAG RED RETROSPOT,1,01/23/2020 09:00,5.56,13521.0,Belgium
537520,10000,WHITE HANGING HEART T-LIGHT HOLDER,10,02/27/2020 21:00,0.62,15712.0,Switzerland
536966,10005,SET OF 3 CAKE TINS,1,12/03/2019 20:00,3.23,15410.0,United Kingdom
536712,10002,RED WOOLLY HOTTIE MUG,6,02/20/2020 20:00,5.39,14205.0,Netherlands
537589,10011,RECIPE BOX PANTRY DESIGN,5,12/12/2019 09:00,0.39,14380.0,Netherlands
536691,10013,SPACEBOY LUNCH BOX,6,12/11/2019 07:00,1.88,16907.0,United Kingdom
537626,10007,REGENCY CAKESTAND 3 TIER,6,11/11/2019 20:00,12.76,16358.0,United Kingdom
536668,10011,RECIPE BOX PANTRY DESIGN,2,12/21/2019 19:00,4.27,15137.0,United Kingdom
537180,10004,VINTAGE UNION JACK BUNTING,2,12/30/2019 18:00,0.38,15936.0,United Kingdom
537879,10017,WOODEN FRAME ANTIQUE WHITE,8,01/19/2020 16:00,4.75,13779.0,EIRE
536793,10000,WHITE HANGING HEART T-LIGHT HOLDER,2,11/19/2019 23:00,1.16,15312.0,Netherlands
537804,10010,LUNCH BAG WOODLAND,1,11/23/2019 15:00,4.91,15683.0,United Kingdom
537718,10006,PACK OF 72 RETRO SPOT CAKE CASES,8,12/22/2019 20:00,1.23,13847.0,Netherlands
538057,10009,PARTY BUNTING,1,11/09/2019 08:00,2.33,,EIRE
536681,10010,LUNCH BAG WOODLAND,6,11/18/2019 04:00,1.44,15469.0,United Kingdom
537705,10012,ROUND SNACK BOXES SET OF 4,16,01/15/2020 12:00,2.47,17935.0,United Kingdom
538121,10018,ALARM CLOCK BAKELIKE RED,4,02/23/2020 12:00,1.39,15088.0,United Kingdom
537795,10011,RECIPE BOX PANTRY DESIGN,11,01/08/2020 18:00,1.97,17701.0,United Kingdom
536717,10004,VINTAGE UNION JACK BUNTING,5,11/18/2019 09:00,0.76,17403.0,France
537906,10010,LUNCH BAG WOODLAND,20,02/27/2020 23:00,4.02,16770.0,United Kingdom
536566,10010,LUNCH BAG WOODLAND,1,01/02/2020 15:00,2.93,,United Kingdom
537469,10017,WOODEN FRAME ANTIQUE WHITE,4,01/26/2020 01:00,0.49,14789.0,United Kingdom
537298,10011,RECIPE BOX PANTRY DESIGN,8,11/24/2019 15:00,6.64,16856.0,Belgium
537360,10017,WOODEN FRAME ANTIQUE WHITE,3,01/09/2020 10:00,2.06,13205.0,United Kingdom
537339,10012,ROUND SNACK BOXES SET OF 4,13,11/10/2019 03:00,2.89,14244.0,United Kingdom
536424,10011,RECIPE BOX PANTRY DESIGN,3,01/15/2020 02:00,5.28,,United Kingdom
537317,10006,PACK OF 72 RETRO SPOT CAKE CASES,32,11/25/2019 06:00,3.42,12572.0,United Kingdom
538121,10005,SET OF 3 CAKE TINS,34,02/18/2020 04:00,7.89,,United Kingdom
537183,10001,WOODEN PICTURE FRAME,5,11/07/2019 13:00,1.83,17843.0,France
536884,10010,LUNCH BAG WOODLAND,7,01/18/2020 08:00,6.92,,United Kingdom
538230,10018,ALARM CLOCK BAKELIKE RED,13,11/17/2019 17:00,2.78,18239.0,United Kingdom
536550,10000,WHITE HANGING HEART T-LIGHT HOLDER,1,01/22/2020 11:00,4.09,12869.0,United Kingdom
537276,10019,HAND WARMER OWL DESIGN,1,12/30/2019 05:00,3.68,13100.0,United Kingdom
537326,10017,WOODEN FRAME ANTIQUE WHITE,14,02/25/2020 03:00,8.51,16875.0,Germany
537261,10008,JUMBO BAG RED RETROSPOT,5,01/18/2020 05:00,5.06,16419.0,United Kingdom
538093,10006,PACK OF 72 RETRO SPOT CAKE CASES,3,12/15/2019 15:00,1.58,,United Kingdom
537155,10011,RECIPE BOX PANTRY DESIGN,4,11/11/2019 11:00,1.3,14871.0,Portugal
538189,10017,WOODEN FRAME ANTIQUE WHITE,1,01/11/2020 12:00,2.34,,EIRE
536490,10000,WHITE HANGING HEART T-LIGHT HOLDER,3,12/23/2019 22:00,1.15,13228.0,United Kingdom
537741,10008,JUMBO BAG RED RETROSPOT,2,11/07/2019 07:00,0.86,16456.0,United Kingdom
537476,10000,WHITE HANGING HEART T-LIGHT HOLDER,10,01/09/2020 18:00,0.29,,Australia
536816,10012,ROUND SNACK BOXES SET OF 4,11,11/26/2019 04:00,0.52,15891.0,United Kingdom
536792,10001,WOODEN PICTURE FRAME,7,11/29/2019 02:00,17.91,17890.0,United Kingdom
537714,10006,PACK OF 72 RETRO SPOT CAKE CASES,6,11/02/2019 01:00,1.28,14684.0,United Kingdom
537560,10014,STRAWBERRY CERAMIC TRINKET BOX,1,12/15/2019 15:00,16.5,,United Kingdom
537510,10015,TRAVEL SEWING KIT,7,11/27/2019 04:00,3.68,,Spain
536460,10004,VINTAGE UNION JACK BUNTING,8,11/09/2019 14:00,2.34,13200.0,United Kingdom
537486,10010,LUNCH BAG WOODLAND,14,12/23/2019 03:00,0.55,14500.0,United Kingdom
538205,10003,GLASS JAR CANDLE,34,11/27/2019 10:00,2.47,15268.0,United Kingdom
536397,10011,RECIPE BOX PANTRY DESIGN,1,11/17/2019 02:00,16.32,,Belgium
537244,10000,WHITE HANGING HEART T-LIGHT HOLDER,3,12/27/2019 00:00,11.68,,United Kingdom
537291,10016,VINTAGE SNAKES AND LADDERS,2,11/08/2019 14:00,3.24,13766.0,France
538046,10000,WHITE HANGING HEART T-LIGHT HOLDER,5,02/27/2020 21:00,0.78,16357.0,United Kingdom
536895,10012,ROUND SNACK BOXES SET OF 4,4,12/27/2019 12:00,0.94,17811.0,United Kingdom
537256,10008,JUMBO BAG RED RETROSPOT,3,02/28/2020 14:00,1.05,14927.0,United Kingdom
537709,10004,VINTAGE UNION JACK BUNTING,11,02/14/2020 19:00,8.83,15966.0,United Kingdom
536478,10010,LUNCH BAG WOODLAND,1,02/26/2020 14:00,12.58,15415.0,Germany
537867,10002,RED WOOLLY HOTTIE MUG,1,01/05/2020 03:00,2.99,16885.0,United Kingdom
537906,10011,RECIPE BOX PANTRY DESIGN,1,12/21/2019 18:00,1.82,12575.0,United Kingdom
537714,10012,ROUND SNACK BOXES SET OF 4,3,01/26/2020 10:00,11.57,14482.0,United Kingdom
537580,10009,PARTY BUNTING,1,11/10/2019 16:00,0.92,15979.0,United Kingdom
537766,10007,REGENCY CAKESTAND 3 TIER,4,02/09/2020 20:00,2.59,12888.0,United Kingdom
537830,10009,PARTY BUNTING,3,12/09/2019 20:00,3.91,17453.0,United Kingdom
538058,10019,HAND WARMER OWL DESIGN,2,11/01/2019 21:00,1.04,,United Kingdom
537167,10015,TRAVEL SEWING KIT,10,11/29/2019 12:00,1.3,12362.0,United Kingdom
537220,10000,WHITE HANGING HEART T-LIGHT HOLDER,4,11/30/2019 02:00,1.2,12418.0,Germany
537561,10005,SET OF 3 CAKE TINS,12,11/02/2019 16:00,10.14,13296.0,France
536727,10000,WHITE HANGING HEART T-LIGHT HOLDER,3,01/20/2020 06:00,16.68,16290.0,United Kingdom
537970,10004,VINTAGE UNION JACK BUNTING,4,11/12/2019 10:00,2.76,15423.0,France
537809,10015,TRAVEL SEWING KIT,2,02/10/2020 15:00,1.88,15211.0,Netherlands
537548,10017,WOODEN FRAME ANTIQUE WHITE,4,12/25/2019 09:00,1.35,15678.0,EIRE
536930,10009,PARTY BUNTING,8,01/26/2020 05:00,2.46,15285.0,EIRE
537016,10013,SPACEBOY LUNCH BOX,3,12/11/2019 18:00,1.42,14385.0,United Kingdom
537180,10007,REGENCY CAKESTAND 3 TIER,7,11/16/2019 20:00,2.23,,United Kingdom
537607,10009,PARTY BUNTING,2,11/22/2019 15:00,3.72,,United Kingdom
537823,10016,VINTAGE SNAKES AND LADDERS,9,01/17/2020 12:00,1.64,16439.0,Portugal
537624,10005,SET OF 3 CAKE TINS,2,01/25/2020 23:00,2.03,16763.0,EIRE
538108,10006,PACK OF 72 RETRO SPOT CAKE CASES,10,12/03/2019 02:00,2.04,,United Kingdom
538166,10002,RED WOOLLY HOTTIE MUG,4,12/13/2019 20:00,1.79,13789.0,Belgium
537686,10004,VINTAGE UNION JACK BUNTING,19,02/22/2020 10:00,1.58,14769.0,United Kingdom
537060,10000,WHITE HANGING HEART T-LIGHT HOLDER,1,02/11/2020 06:00,5.27,,United Kingdom
537488,10016,VINTAGE SNAKES AND LADDERS,1,12/20/2019 13:00,0.42,15871.0,United Kingdom
537162,10017,WOODEN FRAME ANTIQUE WHITE,2,11/29/2019 22:00,11.87,15667.0,United Kingdom
537544,10008,JUMBO BAG RED RETROSPOT,1,12/07/2019 04:00,2.82,12564.0,France
537887,10011,RECIPE BOX PANTRY DESIGN,1,01/04/2020 15:00,4.53,14905.0,France
537057,10004,VINTAGE UNION JACK BUNTING,8,01/08/2020 00:00,5.08,16817.0,United Kingdom
537313,10000,WHITE HANGING HEART T-LIGHT HOLDER,4,11/23/2019 02:00,1.21,15852.0,Australia
536450,10010,LUNCH BAG WOODLAND,3,11/08/2019 21:00,0.99,,United Kingdom
537746,10003,GLASS JAR CANDLE,3,12/30/2019 10:00,0.88,,United Kingdom
537283,10016,VINTAGE SNAKES AND LADDERS,2,02/04/2020 17:00,1.92,17691.0,United Kingdom
537226,10005,SET OF 3 CAKE TINS,21,11/19/2019 07:00,4.95,15745.0,United Kingdom
537363,10014,STRAWBERRY CERAMIC TRINKET BOX,2,12/20/2019 00:00,1.37,15728.0,United Kingdom
536769,10005,SET OF 3 CAKE TINS,1,11/20/2019 09:00,4.52,15658.0,EIRE
537486,10002,RED WOOLLY HOTTIE MUG,9,11/30/2019 01:00,0.25,13917.0,United Kingdom
537762,10010,LUNCH BAG WOODLAND,3,01/13/2020 11:00,1.67,14936.0,Germany
537020,10003,GLASS JAR CANDLE,31,12/05/2019 08:00,7.9,13348.0,United Kingdom
536610,10007,REGENCY CAKESTAND 3 TIER,2,12/02/2019 15:00,2.07,14900.0,United Kingdom
537090,10005,SET OF 3 CAKE TINS,9,02/28/2020 12:00,1.07,13235.0,United Kingdom
536737,10017,WOODEN FRAME ANTIQUE WHITE,12,11/21/2019 16:00,1.28,15262.0,United Kingdom
537066,10010,LUNCH BAG WOODLAND,2,11/23/2019 17:00,0.25,18014.0,United Kingdom
537540,10014,STRAWBERRY CERAMIC TRINKET BOX,2,02/20/2020 14:00,0.89,15031.0,United Kingdom
536577,10011,RECIPE BOX PANTRY DESIGN,9,01/06/2020 01:00,7.08,16734.0,Germany
537766,10018,ALARM CLOCK BAKELIKE RED,7,11/06/2019 03:00,1.37,14954.0,Germany
536786,10008,JUMBO BAG RED RETROSPOT,1,12/22/2019 00:00,1.55,,United Kingdom
538042,10017,WOODEN FRAME ANTIQUE WHITE,1,01/07/2020 20:00,0.25,13595.0,France
537738,10017,WOODEN FRAME ANTIQUE WHITE,1,12/01/2019 09:00,0.48,,United Kingdom
536876,10018,ALARM CLOCK BAKELIKE RED,7,01/05/2020 19:00,8.09,16652.0,United Kingdom
537421,10013,SPACEBOY LUNCH BOX,3,01/17/2020 20:00,4.56,17626.0,United Kingdom
536572,10019,HAND WARMER OWL DESIGN,3,12/01/2019 02:00,0.67,13135.0,United Kingdom
536552,10014,STRAWBERRY CERAMIC TRINKET BOX,1,02/06/2020 12:00,1.31,17661.0,United Kingdom
538157,10006,PACK OF 72 RETRO SPOT CAKE CASES,1,12/25/2019 08:00,2.39,17744.0,Germany
537869,10003,GLASS JAR CANDLE,3,02/24/2020 15:00,0.74,14104.0,Germany
536654,10004,VINTAGE UNION JACK BUNTING,2,11/11/2019 12:00,0.33,16058.0,United Kingdom
536895,10011,RECIPE BOX PANTRY DESIGN,5,12/09/2019 22:00,2.1,15831.0,United Kingdom
536735,10003,GLASS JAR CANDLE,7,01/26/2020 13:00,4.36,12636.0,United Kingdom
537105,10004,VINTAGE UNION JACK BUNTING,39,02/16/2020 10:00,4.45,15466.0,Portugal
536911,10012,ROUND SNACK BOXES SET OF 4,4,11/27/2019 14:00,5.9,,United Kingdom
536980,10006,PACK OF 72 RETRO SPOT CAKE CASES,12,02/26/2020 16:00,0.52,13564.0,United Kingdom
537357,10013,SPACEBOY LUNCH BOX,2,11/24/2019 05:00,2.61,14493.0,United Kingdom
536719,10019,HAND WARMER OWL DESIGN,1,12/20/2019 22:00,1.88,15823.0,United Kingdom
538020,10001,WOODEN PICTURE FRAME,3,12/08/2019 19:00,2.25,17869.0,France
537729,10012,ROUND SNACK BOXES SET OF 4,1,12/21/2019 22:00,1.99,12705.0,EIRE
537791,10016,VINTAGE SNAKES AND LADDERS,4,02/17/2020 07:00,1.27,17907.0,United Kingdom
536682,10002,RED WOOLLY HOTTIE MUG,2,01/27/2020 22:00,0.25,17194.0,United Kingdom
537692,10015,TRAVEL SEWING KIT,1,02/04/2020 14:00,7.86,17371.0,France
537932,10010,LUNCH BAG WOODLAND,23,12/01/2019 11:00,3.42,12628.0,United Kingdom
536693,10012,ROUND SNACK BOXES SET OF 4,2,02/22/2020 15:00,0.56,15719.0,United Kingdom
537773,10001,WOODEN PICTURE FRAME,1,12/23/2019 06:00,3.95,,United Kingdom
537035,10008,JUMBO BAG RED RETROSPOT,10,01/18/2020 06:00,1.57,,United Kingdom
537841,10007,REGENCY CAKESTAND 3 TIER,2,01/23/2020 18:00,1.62,,United Kingdom
537262,10003,GLASS JAR CANDLE,12,01/19/2020 13:00,1.14,16206.0,Spain
537869,10015,TRAVEL SEWING KIT,2,01/12/2020 05:00,4.21,12511.0,United Kingdom
536641,10010,LUNCH BAG WOODLAND,2,12/28/2019 14:00,1.11,17545.0,United Kingdom
537094,10017,WOODEN FRAME ANTIQUE WHITE,6,01/17/2020 17:00,0.82,15255.0,United Kingdom
536877,10003,GLASS JAR CANDLE,7,02/17/2020 15:00,7.63,13296.0,France
536830,10014,STRAWBERRY CERAMIC TRINKET BOX,9,12/17/2019 18:00,2.06,17538.0,United Kingdom
536943,10012,ROUND SNACK BOXES SET OF 4,4,01/01/2020 07:00,2.12,17717.0,United Kingdom
537082,10013,SPACEBOY LUNCH BOX,7,11/22/2019 14:00,4.92,15296.0,United Kingdom
536603,10006,PACK OF 72 RETRO SPOT CAKE CASES,9,12/13/2019 14:00,1.26,16276.0,Australia
537690,10013,SPACEBOY LUNCH BOX,5,02/01/2020 16:00,1.54,15972.0,United Kingdom
537396,10004,VINTAGE UNION JACK BUNTING,4,01/16/2020 20:00,3.34,14147.0,United Kingdom
537919,10015,TRAVEL SEWING KIT,1,11/26/2019 08:00,0.53,16792.0,United Kingdom
537686,10008,JUMBO BAG RED RETROSPOT,7,01/05/2020 13:00,3.07,18274.0,United Kingdom
536644,10009,PARTY BUNTING,4,02/06/2020 11:00,1.16,,United Kingdom
536496,10011,RECIPE BOX PANTRY DESIGN,3,11/15/2019 21:00,5.79,16426.0,United Kingdom
537157,10001,WOODEN PICTURE FRAME,15,11/08/2019 10:00,4.25,14486.0,United Kingdom
537267,10007,REGENCY CAKESTAND 3 TIER,1,12/18/2019 03:00,3.72,17742.0,United Kingdom
536815,10004,VINTAGE UNION JACK BUNTING,21,01/18/2020 19:00,0.49,17855.0,Switzerland
537831,10019,HAND WARMER OWL DESIGN,4,12/08/2019 14:00,2.22,12379.0,United Kingdom
537455,10008,JUMBO BAG RED RETROSPOT,6,02/07/2020 13:00,0.76,14356.0,United Kingdom
537767,10000,WHITE HANGING HEART T-LIGHT HOLDER,3,02/10/2020 15:00,2.37,,United Kingdom
536569,10000,WHITE HANGING HEART T-LIGHT HOLDER,1,01/03/2020 22:00,0.25,,United Kingdom
537893,10018,ALARM CLOCK BAKELIKE RED,4,12/16/2019 11:00,0.53,16579.0,United Kingdom
536751,10003,GLASS JAR CANDLE,6,11/06/2019 00:00,8.08,15397.0,United Kingdom
537205,10000,WHITE HANGING HEART T-LIGHT HOLDER,8,02/07/2020 14:00,3.56,12427.0,United Kingdom
537188,10004,VINTAGE UNION JACK BUNTING,3,02/16/2020 11:00,1.73,13330.0,United Kingdom
537903,10004,VINTAGE UNION JACK BUNTING,1,12/24/2019 02:00,0.99,16876.0,Germany
536884,10001,WOODEN PICTURE FRAME,1,01/01/2020 23:00,0.83,16465.0,United Kingdom
536816,10019,HAND WARMER OWL DESIGN,32,01/30/2020 10:00,3.0,16216.0,United Kingdom
537001,10001,WOODEN PICTURE FRAME,1,01/23/2020 11:00,1.74,14965.0,United Kingdom
537041,10014,STRAWBERRY CERAMIC TRINKET BOX,17,11/17/2019 05:00,11.55,13978.0,United Kingdom
536705,10016,VINTAGE SNAKES AND LADDERS,2,01/20/2020 16:00,2.04,14176.0,United Kingdom
536695,10012,ROUND SNACK BOXES SET OF 4,3,02/19/2020 23:00,2.61,16439.0,Belgium
536798,10002,RED WOOLLY HOTTIE MUG,8,01/30/2020 02:00,0.61,15342.0,United Kingdom
537241,10014,STRAWBERRY CERAMIC TRINKET BOX,2,12/28/2019 16:00,1.71,,United Kingdom
537008,10006,PACK OF 72 RETRO SPOT CAKE CASES,20,01/02/2020 19:00,2.94,14719.0,United Kingdom
537100,10008,JUMBO BAG RED RETROSPOT,4,12/02/2019 04:00,1.69,17241.0,United Kingdom
537713,10005,SET OF 3 CAKE TINS,6,01/19/2020 07:00,1.51,,France
536816,10015,TRAVEL SEWING KIT,3,11/29/2019 23:00,3.41,17492.0,United Kingdom
538071,10011,RECIPE BOX PANTRY DESIGN,8,12/12/2019 00:00,11.19,15367.0,United Kingdom
537774,10003,GLASS JAR CANDLE,20,12/02/2019 19:00,2.84,15230.0,United Kingdom
536692,10008,JUMBO BAG RED RETROSPOT,4,12/11/2019 06:00,7.72,,United Kingdom
536953,10015,TRAVEL SEWING KIT,23,12/15/2019 00:00,4.58,15360.0,United Kingdom
536709,10018,ALARM CLOCK BAKELIKE RED,2,11/10/2019 23:00,7.27,13148.0,United Kingdom
536876,10018,ALARM CLOCK BAKELIKE RED,9,01/26/2020 03:00,1.34,14734.0,EIRE
537050,10002,RED WOOLLY HOTTIE MUG,7,12/23/2019 22:00,2.0,16193.0,United Kingdom
536610,10017,WOODEN FRAME ANTIQUE WHITE,1,02/22/2020 23:00,2.01,14397.0,United Kingdom
536392,10011,RECIPE BOX PANTRY DESIGN,5,11/22/2019 17:00,4.25,14783.0,Spain
537187,10014,STRAWBERRY CERAMIC TRINKET BOX,4,01/20/2020 07:00,5.43,17531.0,Portugal
537679,10007,REGENCY CAKESTAND 3 TIER,2,11/22/2019 12:00,2.79,14931.0,Switzerland
536933,10013,SPACEBOY LUNCH BOX,6,01/05/2020 16:00,5.91,14157.0,Germany
537978,10005,SET OF 3 CAKE TINS,5,12/29/2019 22:00,1.4,,United Kingdom
537057,10010,LUNCH BAG WOODLAND,4,12/24/2019 20:00,5.96,14739.0,Portugal
538053,10004,VINTAGE UNION JACK BUNTING,4,01/18/2020 14:00,6.79,,United Kingdom
536807,10007,REGENCY CAKESTAND 3 TIER,4,02/08/2020 10:00,4.84,14127.0,United Kingdom
537376,10008,JUMBO BAG RED RETROSPOT,3,12/09/2019 00:00,2.81,15142.0,United Kingdom
537795,10017,WOODEN FRAME ANTIQUE WHITE,5,02/10/2020 23:00,5.02,16247.0,United Kingdom
536475,10012,ROUND SNACK BOXES SET OF 4,2,11/23/2019 04:00,1.01,17858.0,France
538108,10012,ROUND SNACK BOXES SET OF 4,58,12/06/2019 04:00,3.0,17183.0,Germany
537049,10005,SET OF 3 CAKE TINS,1,12/08/2019 07:00,3.32,14046.0,United Kingdom
537298,10008,JUMBO BAG RED RETROSPOT,2,02/23/2020 10:00,0.65,,Germany
537543,10009,PARTY BUNTING,2,11/15/2019 05:00,3.95,16331.0,Germany
537570,10015,TRAVEL SEWING KIT,31,12/18/2019 10:00,0.71,13859.0,United Kingdom
536409,10003,GLASS JAR CANDLE,1,12/21/2019 22:00,1.6,14677.0,United Kingdom
537990,10001,WOODEN PICTURE FRAME,6,02/05/2020 01:00,2.56,,United Kingdom
537534,10010,LUNCH BAG WOODLAND,5,12/29/2019 07:00,1.18,16946.0,United Kingdom
538237,10016,VINTAGE SNAKES AND LADDERS,6,02/25/2020 01:00,2.67,13297.0,United Kingdom
537249,10014,STRAWBERRY CERAMIC TRINKET BOX,14,01/28/2020 20:00,2.63,14607.0,United Kingdom
537515,10016,VINTAGE SNAKES AND LADDERS,14,01/24/2020 11:00,1.08,,United Kingdom
537191,10007,REGENCY CAKESTAND 3 TIER,3,01/30/2020 09:00,4.34,12598.0,Spain
538033,10004,VINTAGE UNION JACK BUNTING,5,11/20/2019 09:00,1.15,16955.0,Netherlands
537925,10013,SPACEBOY LUNCH BOX,1,12/24/2019 21:00,24.24,,France
538068,10000,WHITE HANGING HEART T-LIGHT HOLDER,4,01/10/2020 08:00,2.2,15563.0,Germany
537310,10017,WOODEN FRAME ANTIQUE WHITE,2,11/26/2019 00:00,0.76,13403.0,United Kingdom
537848,10014,STRAWBERRY CERAMIC TRINKET BOX,3,11/15/2019 06:00,0.92,,United Kingdom
537037,10010,LUNCH BAG WOODLAND,1,11/17/2019 07:00,7.75,12676.0,United Kingdom
537229,10003,GLASS JAR CANDLE,6,02/03/2020 17:00,1.63,16059.0,United Kingdom
537790,10005,SET OF 3 CAKE TINS,1,01/18/2020 20:00,0.63,16788.0,United Kingdom
536517,10019,HAND WARMER OWL DESIGN,5,12/04/2019 18:00,5.78,,United Kingdom
537697,10000,WHITE HANGING HEART T-LIGHT HOLDER,1,01/28/2020 11:00,1.62,17100.0,United Kingdom
536394,10000,WHITE HANGING HEART T-LIGHT HOLDER,2,01/23/2020 10:00,4.73,,EIRE
537453,10006,PACK OF 72 RETRO SPOT CAKE CASES,13,02/07/2020 00:00,6.27,12353.0,United Kingdom
537259,10004,VINTAGE UNION JACK BUNTING,7,02/18/2020 05:00,3.24,13801.0,Netherlands
537243,10013,SPACEBOY LUNCH BOX,13,02/14/2020 21:00,27.0,17021.0,United Kingdom
537291,10000,WHITE HANGING HEART T-LIGHT HOLDER,19,11/22/2019 17:00,0.44,16884.0,United Kingdom
537287,10015,TRAVEL SEWING KIT,2,02/01/2020 08:00,1.09,,United Kingdom
537128,10015,TRAVEL SEWING KIT,18,12/18/2019 03:00,1.9,12488.0,United Kingdom
537211,10004,VINTAGE UNION JACK BUNTING,1,12/19/2019 09:00,23.6,16960.0,United Kingdom
537430,10011,RECIPE BOX PANTRY DESIGN,9,01/17/2020 16:00,14.85,17191.0,Switzerland
537796,10013,SPACEBOY LUNCH BOX,2,01/12/2020 06:00,8.92,13694.0,Netherlands
537400,10016,VINTAGE SNAKES AND LADDERS,2,12/21/2019 09:00,1.11,17124.0,United Kingdom
537569,10014,STRAWBERRY CERAMIC TRINKET BOX,7,02/28/2020 23:00,1.25,16146.0,United Kingdom
537933,10019,HAND WARMER OWL DESIGN,10,11/21/2019 23:00,1.07,17621.0,Spain
538220,10002,RED WOOLLY HOTTIE MUG,10,11/12/2019 15:00,1.12,16067.0,United Kingdom
536568,10012,ROUND SNACK BOXES SET OF 4,5,11/04/2019 11:00,10.94,12877.0,United Kingdom
537701,10015,TRAVEL SEWING KIT,5,02/06/2020 17:00,1.93,16189.0,Spain
536787,10004,VINTAGE UNION JACK BUNTING,7,12/19/2019 19:00,2.2,12986.0,United Kingdom
536733,10004,VINTAGE UNION JACK BUNTING,5,12/23/2019 11:00,5.34,13883.0,United Kingdom
537851,10001,WOODEN PICTURE FRAME,7,01/17/2020 22:00,0.47,17531.0,United Kingdom
536493,10019,HAND WARMER OWL DESIGN,5,12/23/2019 06:00,2.59,,Netherlands
537954,10017,WOODEN FRAME ANTIQUE WHITE,9,01/08/2020 21:00,0.82,15169.0,United Kingdom
537809,10002,RED WOOLLY HOTTIE MUG,1,11/08/2019 00:00,1.83,14075.0,United Kingdom
538230,10004,VINTAGE UNION JACK BUNTING,4,11/19/2019 18:00,1.37,,EIRE
537617,10009,PARTY BUNTING,1,02/20/2020 21:00,1.3,,United Kingdom
538001,10017,WOODEN FRAME ANTIQUE WHITE,5,12/25/2019 02:00,3.08,,Germany
536587,10016,VINTAGE SNAKES AND LADDERS,21,11/21/2019 02:00,3.07,14848.0,France
538033,10017,WOODEN FRAME ANTIQUE WHITE,3,12/15/2019 08:00,1.97,12694.0,United Kingdom
536665,10016,VINTAGE SNAKES AND LADDERS,5,12/11/2019 04:00,3.56,15970.0,United Kingdom
536954,10012,ROUND SNACK BOXES SET OF 4,9,12/03/2019 21:00,1.03,16170.0,United Kingdom
536605,10005,SET OF 3 CAKE TINS,1,12/06/2019 05:00,4.86,16308.0,United Kingdom
537118,10012,ROUND SNACK BOXES SET OF 4,2,01/27/2020 13:00,2.0,17960.0,France
537769,10009,PARTY BUNTING,6,11/13/2019 19:00,1.52,16528.0,United Kingdom
536867,10019,HAND WARMER OWL DESIGN,1,12/08/2019 04:00,1.11,16360.0,Belgium
537906,10008,JUMBO BAG RED RETROSPOT,2,12/27/2019 04:00,1.93,13603.0,France
537501,10015,TRAVEL SEWING KIT,12,01/04/2020 20:00,15.97,,United Kingdom
537544,10003,GLASS JAR CANDLE,11,02/14/2020 16:00,2.31,14927.0,United Kingdom
538125,10013,SPACEBOY LUNCH BOX,6,02/19/2020 19:00,0.78,18054.0,France
537174,10009,PARTY BUNTING,10,12/06/2019 16:00,6.16,15164.0,United Kingdom
537011,10008,JUMBO BAG RED RETROSPOT,5,01/04/2020 17:00,1.53,16436.0,United Kingdom
538229,10015,TRAVEL SEWING KIT,7,11/03/2019 16:00,3.27,15557.0,United Kingdom
537409,10009,PARTY BUNTING,3,01/14/2020 01:00,1.34,12684.0,Netherlands
537517,10001,WOODEN PICTURE FRAME,5,11/19/2019 08:00,8.85,17904.0,United Kingdom
536920,10007,REGENCY CAKESTAND 3 TIER,2,11/09/2019 19:00,1.36,16326.0,United Kingdom
536768,10019,HAND WARMER OWL DESIGN,14,01/20/2020 15:00,9.95,13714.0,United Kingdom
536683,10018,ALARM CLOCK BAKELIKE RED,19,11/22/2019 09:00,0.86,12700.0,United Kingdom
536784,10012,ROUND SNACK BOXES SET OF 4,16,12/28/2019 07:00,1.84,17911.0,Belgium
536730,10012,ROUND SNACK BOXES SET OF 4,3,11/13/2019 02:00,9.97,14171.0,Germany
537765,10005,SET OF 3 CAKE TINS,2,01/29/2020 12:00,2.91,12447.0,United Kingdom
536473,10015,TRAVEL SEWING KIT,15,01/31/2020 19:00,23.84,16003.0,Germany
537545,10011,RECIPE BOX PANTRY DESIGN,7,01/09/2020 00:00,1.88,12443.0,United Kingdom
538144,10000,WHITE HANGING HEART T-LIGHT HOLDER,6,02/09/2020 08:00,3.18,13626.0,Germany
537800,10018,ALARM CLOCK BAKELIKE RED,2,12/23/2019 10:00,16.53,17653.0,Switzerland
537120,10017,WOODEN FRAME ANTIQUE WHITE,6,11/23/2019 09:00,0.54,12572.0,United Kingdom
536476,10001,WOODEN PICTURE FRAME,1,11/19/2019 03:00,0.48,16814.0,United Kingdom
537928,10008,JUMBO BAG RED RETROSPOT,8,11/27/2019 07:00,1.11,,Germany
536370,10014,STRAWBERRY CERAMIC TRINKET BOX,16,11/25/2019 01:00,5.55,14163.0,EIRE
537642,10014,STRAWBERRY CERAMIC TRINKET BOX,21,12/09/2019 19:00,0.49,,EIRE
537623,10003,GLASS JAR CANDLE,8,11/26/2019 17:00,4.47,15167.0,Portugal
536724,10000,WHITE HANGING HEART T-LIGHT HOLDER,1,01/10/2020 22:00,4.16,15512.0,United Kingdom
537752,10019,HAND WARMER OWL DESIGN,5,11/18/2019 19:00,18.44,,Netherlands
536693,10017,WOODEN FRAME ANTIQUE WHITE,34,01/14/2020 15:00,7.0,13897.0,United Kingdom
536788,10014,STRAWBERRY CERAMIC TRINKET BOX,2,12/11/2019 02:00,3.54,15852.0,United Kingdom
537887,10013,SPACEBOY LUNCH BOX,4,01/22/2020 10:00,9.57,16424.0,Spain
538200,10013,SPACEBOY LUNCH BOX,17,01/01/2020 13:00,4.22,12421.0,Netherlands
536861,10009,PARTY BUNTING,8,02/17/2020 15:00,1.55,17667.0,United Kingdom
538092,10013,SPACEBOY LUNCH BOX,48,12/23/2019 19:00,0.78,18239.0,United Kingdom
538077,10006,PACK OF 72 RETRO SPOT CAKE CASES,2,12/06/2019 10:00,1.39,,United Kingdom
537807,10001,WOODEN PICTURE FRAME,2,01/10/2020 17:00,2.36,13901.0,Spain
536627,10006,PACK OF 72 RETRO SPOT CAKE CASES,14,01/19/2020 01:00,2.93,17017.0,Spain
536926,10005,SET OF 3 CAKE TINS,1,12/23/2019 17:00,0.29,17153.0,United Kingdom
537635,10006,PACK OF 72 RETRO SPOT CAKE CASES,3,01/07/2020 04:00,1.97,13273.0,United Kingdom
538238,10009,PARTY BUNTING,4,12/27/2019 12:00,2.53,,France
537892,10002,RED WOOLLY HOTTIE MUG,11,12/07/2019 17:00,4.25,14303.0,France
537153,10008,JUMBO BAG RED RETROSPOT,7,12/08/2019 15:00,12.51,,United Kingdom
536806,10009,PARTY BUNTING,6,02/17/2020 22:00,2.96,,United Kingdom
538165,10003,GLASS JAR CANDLE,3,01/21/2020 01:00,0.99,16335.0,United Kingdom
536882,10009,PARTY BUNTING,14,11/12/2019 11:00,0.4,13571.0,United Kingdom
537006,10013,SPACEBOY LUNCH BOX,227,02/24/2020 11:00,4.89,15571.0,United Kingdom
538173,10008,JUMBO BAG RED RETROSPOT,8,01/25/2020 11:00,1.03,,Portugal
537418,10000,WHITE HANGING HEART T-LIGHT HOLDER,4,11/07/2019 00:00,5.85,13218.0,United Kingdom
536861,10014,STRAWBERRY CERAMIC TRINKET BOX,1,01/27/2020 09:00,9.95,16911.0,France
536375,10011,RECIPE BOX PANTRY DESIGN,2,01/10/2020 18:00,0.53,14625.0,United Kingdom
537171,10008,JUMBO BAG RED RETROSPOT,3,02/18/2020 21:00,4.28,,United Kingdom
538213,10000,WHITE HANGING HEART T-LIGHT HOLDER,2,12/29/2019 17:00,8.96,16728.0,United Kingdom
537175,10001,WOODEN PICTURE FRAME,4,01/02/2020 06:00,6.81,18268.0,Belgium
537676,10001,WOODEN PICTURE FRAME,24,12/08/2019 18:00,0.3,13163.0,Spain
536839,10017,WOODEN FRAME ANTIQUE WHITE,14,12/09/2019 14:00,1.05,17898.0,Belgium
537819,10006,PACK OF 72 RETRO SPOT CAKE CASES,3,01/14/2020 04:00,0.68,,Portugal
537819,10008,JUMBO BAG RED RETROSPOT,1,02/08/2020 08:00,4.15,14928.0,France
537505,10013,SPACEBOY LUNCH BOX,15,02/15/2020 22:00,3.72,13149.0,United Kingdom
537812,10013,SPACEBOY LUNCH BOX,4,02/01/2020 12:00,0.25,13138.0,United Kingdom
537450,10001,WOODEN PICTURE FRAME,1,01/13/2020 04:00,1.82,15380.0,EIRE
537074,10018,ALARM CLOCK BAKELIKE RED,8,12/31/2019 01:00,5.48,,United Kingdom
537748,10005,SET OF 3 CAKE TINS,11,12/11/2019 18:00,2.85,12914.0,United Kingdom
537930,10015,TRAVEL SEWING KIT,1,02/01/2020 04:00,2.85,15503.0,Germany
537941,10016,VINTAGE SNAKES AND LADDERS,2,12/09/2019 04:00,1.71,15691.0,United Kingdom
536764,10010,LUNCH BAG WOODLAND,4,12/03/2019 03:00,0.85,17458.0,Netherlands
537633,10003,GLASS JAR CANDLE,8,02/13/2020 04:00,2.42,18135.0,United Kingdom
536373,10010,LUNCH BAG WOODLAND,2,01/10/2020 18:00,2.59,13937.0,United Kingdom
537437,10004,VINTAGE UNION JACK BUNTING,2,12/13/2019 12:00,4.55,14308.0,United Kingdom
537435,10016,VINTAGE SNAKES AND LADDERS,8,02/12/2020 20:00,4.94,13527.0,United Kingdom
537046,10015,TRAVEL SEWING KIT,3,02/24/2020 13:00,2.68,13680.0,United Kingdom
538228,10016,VINTAGE SNAKES AND LADDERS,7,12/09/2019 04:00,7.35,14953.0,United Kingdom
538020,10016,VINTAGE SNAKES AND LADDERS,1,01/02/2020 14:00,1.69,18246.0,United Kingdom
536437,10003,GLASS JAR CANDLE,1,12/29/2019 01:00,0.58,17654.0,United Kingdom
536756,10000,WHITE HANGING HEART T-LIGHT HOLDER,3367,01/24/2020 05:00,3.96,,United Kingdom
536754,10012,ROUND SNACK BOXES SET OF 4,5,02/23/2020 03:00,2.79,15029.0,United Kingdom
538047,10012,ROUND SNACK BOXES SET OF 4,10,01/05/2020 20:00,4.04,16251.0,Netherlands
537337,10017,WOODEN FRAME ANTIQUE WHITE,2,02/04/2020 19:00,0.69,16639.0,United Kingdom
537731,10012,ROUND SNACK BOXES SET OF 4,2,01/11/2020 11:00,14.74,13790.0,United Kingdom
537883,10016,VINTAGE SNAKES AND LADDERS,16,02/15/2020 11:00,5.01,,United Kingdom
537804,10006,PACK OF 72 RETRO SPOT CAKE CASES,1,12/19/2019 13:00,1.84,15614.0,United Kingdom
536531,10002,RED WOOLLY HOTTIE MUG,14,12/17/2019 05:00,0.97,,United Kingdom
536628,10000,WHITE HANGING HEART T-LIGHT HOLDER,15,12/21/2019 16:00,7.22,,United Kingdom
537106,10008,JUMBO BAG RED RETROSPOT,10,02/28/2020 14:00,0.82,14965.0,United Kingdom
536999,10000,WHITE HANGING HEART T-LIGHT HOLDER,2,01/13/2020 09:00,23.6,12709.0,United Kingdom
537765,10010,LUNCH BAG WOODLAND,2,11/19/2019 07:00,1.33,16911.0,Netherlands
536657,10008,JUMBO BAG RED RETROSPOT,3,11/05/2019 21:00,13.74,17695.0,United Kingdom
537061,10005,SET OF 3 CAKE TINS,1,01/02/2020 06:00,2.05,16827.0,United Kingdom
536808,10011,RECIPE BOX PANTRY DESIGN,2,02/05/2020 17:00,11.95,17892.0,United Kingdom
536719,10013,SPACEBOY LUNCH BOX,8,12/28/2019 12:00,1.18,,United Kingdom
536689,10000,WHITE HANGING HEART T-LIGHT HOLDER,8,01/07/2020 05:00,2.51,12677.0,United Kingdom
536731,10009,PARTY BUNTING,1,02/04/2020 20:00,5.5,13935.0,United Kingdom
537423,10018,ALARM CLOCK BAKELIKE RED,8,01/01/2020 23:00,4.77,17419.0,United Kingdom
537133,10005,SET OF 3 CAKE TINS,6,02/18/2020 01:00,7.39,13172.0,United Kingdom
537181,10015,TRAVEL SEWING KIT,18,01/16/2020 13:00,1.51,15596.0,United Kingdom
537263,10006,PACK OF 72 RETRO SPOT CAKE CASES,7,01/27/2020 18:00,2.68,,United Kingdom
537754,10005,SET OF 3 CAKE TINS,12,02/02/2020 19:00,8.57,14269.0,United Kingdom
537980,10017,WOODEN FRAME ANTIQUE WHITE,7,01/15/2020 05:00,1.22,13018.0,Switzerland
537352,10007,REGENCY CAKESTAND 3 TIER,11,11/07/2019 00:00,4.36,13019.0,EIRE
537569,10017,WOODEN FRAME ANTIQUE WHITE,1,12/22/2019 07:00,1.98,13324.0,United Kingdom
537749,10013,SPACEBOY LUNCH BOX,4,11/17/2019 23:00,3.02,15543.0,United Kingdom
537659,10016,VINTAGE SNAKES AND LADDERS,4,01/01/2020 06:00,2.68,,United Kingdom
536616,10016,VINTAGE SNAKES AND LADDERS,3,11/18/2019 04:00,1.12,14058.0,Switzerland
538208,10018,ALARM CLOCK BAKELIKE RED,6,01/01/2020 03:00,1.9,17205.0,France
536674,10011,RECIPE BOX PANTRY DESIGN,8,12/12/2019 06:00,2.84,14674.0,United Kingdom
537137,10019,HAND WARMER OWL DESIGN,6,11/03/2019 10:00,2.22,16724.0,Belgium
537588,10001,WOODEN PICTURE FRAME,3,11/15/2019 23:00,11.85,15492.0,United Kingdom
537121,10009,PARTY BUNTING,2,12/31/2019 09:00,6.75,16642.0,United Kingdom
536820,10007,REGENCY CAKESTAND 3 TIER,12,11/10/2019 11:00,3.29,18160.0,France
538096,10001,WOODEN PICTURE FRAME,6,02/11/2020 18:00,1.15,18253.0,United Kingdom
536499,10017,WOODEN FRAME ANTIQUE WHITE,1,01/31/2020 01:00,1.08,15834.0,United Kingdom
536826,10016,VINTAGE SNAKES AND LADDERS,3,01/25/2020 03:00,17.7,18064.0,United Kingdom
538226,10014,STRAWBERRY CERAMIC TRINKET BOX,1,11/21/2019 15:00,0.9,16513.0,United Kingdom
537733,10012,ROUND SNACK BOXES SET OF 4,4,02/04/2020 12:00,2.76,13943.0,United Kingdom
536528,10012,ROUND SNACK BOXES SET OF 4,3,01/16/2020 04:00,3.53,17902.0,Switzerland
537779,10007,REGENCY CAKESTAND 3 TIER,2,12/17/2019 20:00,1.8,13208.0,United Kingdom
538182,10013,SPACEBOY LUNCH BOX,20,11/01/2019 01:00,0.9,15127.0,United Kingdom
536548,10019,HAND WARMER OWL DESIGN,1,01/03/2020 11:00,1.12,13256.0,United Kingdom
537141,10005,SET OF 3 CAKE TINS,8,02/04/2020 13:00,1.42,17006.0,United Kingdom
537242,10006,PACK OF 72 RETRO SPOT CAKE CASES,36,11/05/2019 00:00,1.21,17666.0,United Kingdom
536610,10002,RED WOOLLY HOTTIE MUG,12,11/07/2019 07:00,9.28,17210.0,United Kingdom
536741,10018,ALARM CLOCK BAKELIKE RED,4,12/16/2019 23:00,2.44,12954.0,United Kingdom
536690,10010,LUNCH BAG WOODLAND,1,01/01/2020 09:00,1.46,13954.0,Belgium
536712,10011,RECIPE BOX PANTRY DESIGN,1,12/27/2019 22:00,2.74,14366.0,Germany
537121,10005,SET OF 3 CAKE TINS,3,12/22/2019 03:00,4.8,13033.0,United Kingdom
537234,10000,WHITE HANGING HEART T-LIGHT HOLDER,2,12/01/2019 15:00,1.74,15496.0,United Kingdom
536811,10016,VINTAGE SNAKES AND LADDERS,2,11/08/2019 04:00,6.06,12548.0,United Kingdom
536907,10017,WOODEN FRAME ANTIQUE WHITE,3,11/04/2019 18:00,0.69,15990.0,United Kingdom
536725,10006,PACK OF 72 RETRO SPOT CAKE CASES,4,11/12/2019 20:00,7.94,15760.0,United Kingdom
537857,10015,TRAVEL SEWING KIT,7,01/22/2020 21:00,2.44,15885.0,France
536762,10011,RECIPE BOX PANTRY DESIGN,1,02/03/2020 08:00,2.34,,United Kingdom
538066,10012,ROUND SNACK BOXES SET OF 4,2,12/23/2019 05:00,1.23,17018.0,United Kingdom
537375,10003,GLASS JAR CANDLE,3,11/10/2019 07:00,0.72,,Belgium
537870,10012,ROUND SNACK BOXES SET OF 4,3,12/20/2019 21:00,0.46,15742.0,United Kingdom
537558,10003,GLASS JAR CANDLE,25,02/27/2020 07:00,1.15,17113.0,United Kingdom
536863,10004,VINTAGE UNION JACK BUNTING,5,12/01/2019 00:00,4.43,17402.0,United Kingdom
537492,10007,REGENCY CAKESTAND 3 TIER,1,12/29/2019 22:00,0.94,16167.0,United Kingdom
536879,10004,VINTAGE UNION JACK BUNTING,6,01/04/2020 13:00,0.52,,United Kingdom
536587,10018,ALARM CLOCK BAKELIKE RED,7,12/10/2019 14:00,0.99,14928.0,Netherlands
536842,10000,WHITE HANGING HEART T-LIGHT HOLDER,4,12/23/2019 13:00,1.67,17449.0,United Kingdom
536881,10018,ALARM CLOCK BAKELIKE RED,1,12/27/2019 15:00,1.74,,United Kingdom
536618,10003,GLASS JAR CANDLE,24,12/27/2019 21:00,2.16,15851.0,United Kingdom
536409,10017,WOODEN FRAME ANTIQUE WHITE,1,01/26/2020 03:00,6.91,15557.0,United Kingdom
538134,10006,PACK OF 72 RETRO SPOT CAKE CASES,8,01/09/2020 17:00,8.58,13670.0,United Kingdom
537327,10018,ALARM CLOCK BAKELIKE RED,5,11/07/2019 09:00,18.27,14390.0,Germany
537118,10010,LUNCH BAG WOODLAND,7,11/01/2019 18:00,0.48,18154.0,United Kingdom
538108,10009,PARTY BUNTING,22,12/20/2019 07:00,1.05,15884.0,Switzerland
536786,10002,RED WOOLLY HOTTIE MUG,7,02/17/2020 23:00,4.95,17928.0,United Kingdom
537120,10008,JUMBO BAG RED RETROSPOT,2,11/05/2019 10:00,1.56,15146.0,Germany
537952,10011,RECIPE BOX PANTRY DESIGN,12,11/09/2019 12:00,5.82,17370.0,EIRE
537550,10019,HAND WARMER OWL DESIGN,2,01/21/2020 12:00,3.03,16028.0,Germany
537113,10005,SET OF 3 CAKE TINS,5,12/25/2019 03:00,11.93,17761.0,Portugal
536844,10001,WOODEN PICTURE FRAME,1,11/28/2019 16:00,6.98,14287.0,United Kingdom
536430,10005,SET OF 3 CAKE TINS,1,11/25/2019 21:00,7.11,14616.0,United Kingdom
536524,10004,VINTAGE UNION JACK BUNTING,4,01/19/2020 19:00,1.63,12586.0,United Kingdom
536668,10018,ALARM CLOCK BAKELIKE RED,6,01/02/2020 21:00,2.23,13699.0,United Kingdom
537839,10003,GLASS JAR CANDLE,1,01/16/2020 14:00,1.81,13168.0,United Kingdom
537563,10019,HAND WARMER OWL DESIGN,7,12/04/2019 15:00,0.55,13432.0,France
537177,10002,RED WOOLLY HOTTIE MUG,2,01/03/2020 04:00,10.72,14178.0,France
537832,10016,VINTAGE SNAKES AND LADDERS,15,02/12/2020 05:00,5.18,,United Kingdom
536666,10008,JUMBO BAG RED RETROSPOT,3,12/09/2019 00:00,1.74,,France
536760,10001,WOODEN PICTURE FRAME,1,12/18/2019 13:00,9.07,,United Kingdom
537101,10012,ROUND SNACK BOXES SET OF 4,4,11/20/2019 15:00,1.31,17185.0,Germany
538085,10014,STRAWBERRY CERAMIC TRINKET BOX,2,01/16/2020 16:00,0.39,18173.0,Belgium
537516,10016,VINTAGE SNAKES AND LADDERS,14,11/04/2019 21:00,6.74,15367.0,EIRE
537960,10003,GLASS JAR CANDLE,4,11/30/2019 21:00,0.68,17385.0,United Kingdom
536830,10012,ROUND SNACK BOXES SET OF 4,3,01/25/2020 14:00,2.02,14837.0,United Kingdom
537955,10011,RECIPE BOX PANTRY DESIGN,7,11/03/2019 07:00,3.02,16102.0,United Kingdom
536500,10008,JUMBO BAG RED RETROSPOT,1,02/27/2020 17:00,3.62,17163.0,EIRE
536791,10017,WOODEN FRAME ANTIQUE WHITE,1,12/19/2019 12:00,5.75,13191.0,United Kingdom
537345,10008,JUMBO BAG RED RETROSPOT,6,12/18/2019 20:00,4.4,12687.0,United Kingdom
536459,10007,REGENCY CAKESTAND 3 TIER,1,01/04/2020 09:00,4.26,13325.0,United Kingdom
537974,10010,LUNCH BAG WOODLAND,1,01/16/2020 17:00,1.12,16630.0,United Kingdom
537991,10018,ALARM CLOCK BAKELIKE RED,9,12/26/2019 03:00,3.3,15160.0,United Kingdom
537380,10017,WOODEN FRAME ANTIQUE WHITE,7,02/15/2020 03:00,0.55,14009.0,United Kingdom
536938,10014,STRAWBERRY CERAMIC TRINKET BOX,1,02/24/2020 11:00,11.73,,United Kingdom
536550,10001,WOODEN PICTURE FRAME,2,11/25/2019 01:00,0.6,12435.0,United Kingdom
537525,10006,PACK OF 72 RETRO SPOT CAKE CASES,2,01/24/2020 20:00,1.74,13375.0,Germany
537373,10000,WHITE HANGING HEART T-LIGHT HOLDER,24,12/07/2019 02:00,0.66,15137.0,Netherlands
537789,10001,WOODEN PICTURE FRAME,10,02/28/2020 12:00,1.19,17785.0,United Kingdom
537494,10016,VINTAGE SNAKES AND LADDERS,3,12/01/2019 09:00,2.49,16795.0,United Kingdom
536605,10016,VINTAGE SNAKES AND LADDERS,7,12/06/2019 10:00,1.45,,Belgium
536593,10002,RED WOOLLY HOTTIE MUG,1,01/25/2020 17:00,7.72,16569.0,United Kingdom
537829,10009,PARTY BUNTING,2,02/03/2020 17:00,3.09,,United Kingdom
536663,10005,SET OF 3 CAKE TINS,5,11/16/2019 10:00,1.55,15006.0,United Kingdom
538124,10001,WOODEN PICTURE FRAME,6,01/06/2020 16:00,2.15,17608.0,United Kingdom
536563,10007,REGENCY CAKESTAND 3 TIER,4,12/12/2019 11:00,8.33,16680.0,United Kingdom
537730,10002,RED WOOLLY HOTTIE MUG,5,01/13/2020 10:00,6.1,15902.0,United Kingdom
538193,10014,STRAWBERRY CERAMIC TRINKET BOX,4,01/06/2020 19:00,0.79,12838.0,United Kingdom
537192,10019,HAND WARMER OWL DESIGN,3,02/27/2020 08:00,1.25,16701.0,United Kingdom
536471,10008,JUMBO BAG RED RETROSPOT,3,02/21/2020 01:00,3.95,14518.0,Portugal
538008,10004,VINTAGE UNION JACK BUNTING,3,01/18/2020 12:00,3.5,14635.0,United Kingdom
536716,10009,PARTY BUNTING,5,01/21/2020 13:00,0.86,16349.0,United Kingdom
537353,10019,HAND WARMER OWL DESIGN,6,02/16/2020 21:00,5.2,14684.0,United Kingdom
538211,10003,GLASS JAR CANDLE,5,11/23/2019 00:00,1.01,,United Kingdom
537761,10013,SPACEBOY LUNCH BOX,1,01/27/2020 02:00,9.06,12420.0,United Kingdom
536451,10001,WOODEN PICTURE FRAME,1,02/01/2020 16:00,4.18,13445.0,United Kingdom
537903,10006,PACK OF 72 RETRO SPOT CAKE CASES,6,11/16/2019 06:00,0.79,15541.0,United Kingdom
536667,10008,JUMBO BAG RED RETROSPOT,18,02/14/2020 19:00,1.45,18035.0,France
537770,10007,REGENCY CAKESTAND 3 TIER,5,01/23/2020 23:00,1.42,16865.0,United Kingdom
537529,10003,GLASS JAR CANDLE,3,12/12/2019 16:00,2.89,14826.0,United Kingdom
536904,10015,TRAVEL SEWING KIT,5,12/29/2019 03:00,2.01,18101.0,United Kingdom
537159,10013,SPACEBOY LUNCH BOX,1,12/29/2019 18:00,0.78,13982.0,Spain
536585,10008,JUMBO BAG RED RETROSPOT,15,02/19/2020 07:00,0.61,17646.0,United Kingdom
538215,10008,JUMBO BAG RED RETROSPOT,5,02/25/2020 08:00,4.26,,United Kingdom
536811,10001,WOODEN PICTURE FRAME,2,02/05/2020 20:00,3.27,12862.0,United Kingdom
536943,10013,SPACEBOY LUNCH BOX,3,01/18/2020 07:00,2.73,,France
537307,10004,VINTAGE UNION JACK BUNTING,2,11/13/2019 12:00,3.22,18171.0,France
537625,10006,PACK OF 72 RETRO SPOT CAKE CASES,15,02/18/2020 19:00,1.32,16161.0,United Kingdom
537312,10017,WOODEN FRAME ANTIQUE WHITE,3,11/17/2019 01:00,2.96,,Germany
537312,10012,ROUND SNACK BOXES SET OF 4,5,11/21/2019 00:00,31.14,18239.0,United Kingdom
537457,10013,SPACEBOY LUNCH BOX,7,11/09/2019 08:00,7.96,12590.0,United Kingdom
537973,10005,SET OF 3 CAKE TINS,2,02/22/2020 18:00,1.84,,France
537105,10010,LUNCH BAG WOODLAND,5,12/30/2019 05:00,1.46,16795.0,United Kingdom
537925,10000,WHITE HANGING HEART T-LIGHT HOLDER,5,11/29/2019 07:00,0.25,,Spain
537840,10004,VINTAGE UNION JACK BUNTING,1,11/10/2019 16:00,7.16,17727.0,United Kingdom
538166,10016,VINTAGE SNAKES AND LADDERS,5,12/20/2019 10:00,5.4,16374.0,United Kingdom
538077,10009,PARTY BUNTING,4,01/26/2020 20:00,1.43,,United Kingdom
537861,10012,ROUND SNACK BOXES SET OF 4,5,02/28/2020 09:00,0.59,,United Kingdom
536827,10015,TRAVEL SEWING KIT,4,01/06/2020 07:00,0.77,,United Kingdom
537816,10018,ALARM CLOCK BAKELIKE RED,5,01/12/2020 21:00,3.84,13697.0,Germany
537745,10001,WOODEN PICTURE FRAME,15,02/09/2020 08:00,2.25,,United Kingdom
536907,10011,RECIPE BOX PANTRY DESIGN,1,02/17/2020 06:00,4.91,13784.0,United Kingdom
537636,10019,HAND WARMER OWL DESIGN,3,12/04/2019 14:00,2.68,13260.0,Portugal
536839,10003,GLASS JAR CANDLE,8,02/28/2020 01:00,6.47,16292.0,United Kingdom
537345,10017,WOODEN FRAME ANTIQUE WHITE,7,01/02/2020 07:00,3.56,12696.0,France
537858,10011,RECIPE BOX PANTRY DESIGN,6,02/20/2020 15:00,5.63,14891.0,United Kingdom
536718,10006,PACK OF 72 RETRO SPOT CAKE CASES,64,11/15/2019 02:00,0.3,15803.0,United Kingdom
536996,10015,TRAVEL SEWING KIT,7,11/12/2019 16:00,0.72,15547.0,United Kingdom
537856,10017,WOODEN FRAME ANTIQUE WHITE,13,02/15/2020 04:00,1.71,,United Kingdom
537215,10002,RED WOOLLY HOTTIE MUG,3,01/20/2020 17:00,7.24,,Netherlands
538166,10013,SPACEBOY LUNCH BOX,2,11/22/2019 00:00,16.13,,United Kingdom
536379,10018,ALARM CLOCK BAKELIKE RED,3,02/16/2020 10:00,2.09,18217.0,EIRE
537718,10013,SPACEBOY LUNCH BOX,8,11/13/2019 06:00,1.33,,United Kingdom
537891,10010,LUNCH BAG WOODLAND,6,01/21/2020 21:00,0.35,,United Kingdom
538085,10002,RED WOOLLY HOTTIE MUG,6,11/25/2019 14:00,5.83,15716.0,United Kingdom
536658,10009,PARTY BUNTING,3,11/09/2019 11:00,1.42,14537.0,United Kingdom
538210,10018,ALARM CLOCK BAKELIKE RED,3,02/05/2020 18:00,47.39,16641.0,United Kingdom
537100,10015,TRAVEL SEWING KIT,3,02/10/2020 17:00,1.17,14581.0,France
537025,10009,PARTY BUNTING,8,11/13/2019 16:00,20.19,14806.0,United Kingdom
537031,10006,PACK OF 72 RETRO SPOT CAKE CASES,9,11/12/2019 04:00,5.2,17119.0,United Kingdom
537561,10016,VINTAGE SNAKES AND LADDERS,1,01/13/2020 18:00,0.88,,United Kingdom
537601,10019,HAND WARMER OWL DESIGN,9,11/04/2019 10:00,3.1,16501.0,United Kingdom
537253,10005,SET OF 3 CAKE TINS,2,01/29/2020 13:00,5.32,16300.0,United Kingdom
536498,10016,VINTAGE SNAKES AND LADDERS,6,02/18/2020 22:00,1.96,12527.0,United Kingdom
538214,10006,PACK OF 72 RETRO SPOT CAKE CASES,3,01/30/2020 03:00,5.69,16410.0,United Kingdom
536781,10016,VINTAGE SNAKES AND LADDERS,19,11/28/2019 16:00,5.56,17106.0,United Kingdom
536540,10019,HAND WARMER OWL DESIGN,3,11/23/2019 19:00,4.47,13952.0,Switzerland
537485,10013,SPACEBOY LUNCH BOX,5,01/21/2020 16:00,2.42,17778.0,United Kingdom
537138,10009,PARTY BUNTING,7,11/08/2019 09:00,0.76,12463.0,United Kingdom
537519,10006,PACK OF 72 RETRO SPOT CAKE CASES,2,01/04/2020 13:00,2.28,,EIRE
538006,10001,WOODEN PICTURE FRAME,4,12/24/2019 21:00,2.93,17964.0,United Kingdom
536547,10001,WOODEN PICTURE FRAME,3,01/29/2020 09:00,0.38,17428.0,United Kingdom
536897,10016,VINTAGE SNAKES AND LADDERS,2,11/25/2019 07:00,2.91,16833.0,United Kingdom
537333,10013,SPACEBOY LUNCH BOX,3,01/31/2020 12:00,2.23,15934.0,Germany
537842,10004,VINTAGE UNION JACK BUNTING,12,01/23/2020 22:00,0.67,13540.0,United Kingdom
537491,10011,RECIPE BOX PANTRY DESIGN,2,11/29/2019 15:00,1.76,,United Kingdom
537082,10017,WOODEN FRAME ANTIQUE WHITE,7,12/13/2019 19:00,1.8,15706.0,United Kingdom
537508,10012,ROUND SNACK BOXES SET OF 4,6,11/08/2019 22:00,16.95,12878.0,United Kingdom
538202,10018,ALARM CLOCK BAKELIKE RED,1,12/24/2019 22:00,3.07,15880.0,United Kingdom
537265,10002,RED WOOLLY HOTTIE MUG,7,12/02/2019 06:00,6.93,12876.0,United Kingdom
538021,10001,WOODEN PICTURE FRAME,1,11/14/2019 14:00,2.19,13094.0,United Kingdom
537827,10013,SPACEBOY LUNCH BOX,8,01/07/2020 05:00,0.38,13356.0,United Kingdom
536929,10011,RECIPE BOX PANTRY DESIGN,2,01/08/2020 03:00,4.82,13484.0,United Kingdom
536832,10013,SPACEBOY LUNCH BOX,4,11/11/2019 07:00,1.27,12833.0,United Kingdom
537809,10019,HAND WARMER OWL DESIGN,1,11/23/2019 06:00,1.76,18029.0,United Kingdom
536754,10002,RED WOOLLY HOTTIE MUG,5,11/10/2019 21:00,0.86,17114.0,United Kingdom
536996,10018,ALARM CLOCK BAKELIKE RED,10,01/21/2020 12:00,2.65,15364.0,United Kingdom
536806,10001,WOODEN PICTURE FRAME,2,12/11/2019 13:00,7.14,14536.0,Switzerland
537501,10010,LUNCH BAG WOODLAND,2,11/09/2019 13:00,6.25,13483.0,United Kingdom
536916,10016,VINTAGE SNAKES AND LADDERS,6,11/23/2019 23:00,12.02,17984.0,Germany
537599,10013,SPACEBOY LUNCH BOX,7,02/26/2020 03:00,13.85,17084.0,United Kingdom
538117,10004,VINTAGE UNION JACK BUNTING,1,12/01/2019 16:00,0.32,,Belgium
537920,10012,ROUND SNACK BOXES SET OF 4,30,01/22/2020 04:00,0.75,15141.0,Belgium
538142,10018,ALARM CLOCK BAKELIKE RED,7,12/27/2019 05:00,0.4,12509.0,United Kingdom
536410,10004,VINTAGE UNION JACK BUNTING,8,11/22/2019 19:00,4.63,16138.0,United Kingdom
537218,10018,ALARM CLOCK BAKELIKE RED,4,12/07/2019 21:00,1.23,15242.0,Netherlands
536777,10013,SPACEBOY LUNCH BOX,1,11/02/2019 16:00,1.51,14113.0,Spain
538086,10001,WOODEN PICTURE FRAME,8,01/29/2020 16:00,1.98,14217.0,United Kingdom
537699,10006,PACK OF 72 RETRO SPOT CAKE CASES,2,12/11/2019 03:00,3.61,12690.0,United Kingdom
536965,10017,WOODEN FRAME ANTIQUE WHITE,7,12/30/2019 22:00,0.56,17524.0,United Kingdom
537421,10006,PACK OF 72 RETRO SPOT CAKE CASES,3,11/19/2019 08:00,0.7,13325.0,United Kingdom
537500,10018,ALARM CLOCK BAKELIKE RED,5,02/07/2020 22:00,2.46,,United Kingdom
537294,10008,JUMBO BAG RED RETROSPOT,2,11/27/2019 05:00,8.16,18126.0,United Kingdom
537254,10006,PACK OF 72 RETRO SPOT CAKE CASES,10,01/07/2020 23:00,2.4,12619.0,United Kingdom
536468,10017,WOODEN FRAME ANTIQUE WHITE,1,02/13/2020 18:00,1.11,16050.0,United Kingdom
537213,10015,TRAVEL SEWING KIT,38,01/25/2020 14:00,0.29,12742.0,Switzerland
537018,10004,VINTAGE UNION JACK BUNTING,38,01/12/2020 09:00,6.38,,United Kingdom
537899,10015,TRAVEL SEWING KIT,21,02/15/2020 14:00,1.18,15359.0,United Kingdom
537987,10005,SET OF 3 CAKE TINS,15,11/22/2019 04:00,0.78,12473.0,United Kingdom
537772,10017,WOODEN FRAME ANTIQUE WHITE,4,02/24/2020 15:00,0.44,16934.0,United Kingdom
536422,10000,WHITE HANGING HEART T-LIGHT HOLDER,13,01/06/2020 19:00,0.58,,United Kingdom
537942,10013,SPACEBOY LUNCH BOX,4,12/20/2019 04:00,0.94,17840.0,United Kingdom
537108,10003,GLASS JAR CANDLE,1,12/01/2019 16:00,1.94,15227.0,United Kingdom
537145,10013,SPACEBOY LUNCH BOX,18,01/29/2020 10:00,0.73,,Spain
538137,10019,HAND WARMER OWL DESIGN,13,02/26/2020 04:00,2.96,16298.0,France
537991,10013,SPACEBOY LUNCH BOX,4,01/22/2020 20:00,1.92,15470.0,United Kingdom
536460,10008,JUMBO BAG RED RETROSPOT,1,11/04/2019 22:00,22.69,14474.0,United Kingdom
537039,10016,VINTAGE SNAKES AND LADDERS,2,12/27/2019 07:00,0.45,14086.0,Belgium
537770,10003,GLASS JAR CANDLE,1,01/27/2020 21:00,2.89,16034.0,United Kingdom
537375,10010,LUNCH BAG WOODLAND,10,12/18/2019 17:00,2.93,16739.0,United Kingdom
536848,10019,HAND WARMER OWL DESIGN,1,02/01/2020 19:00,0.88,12557.0,United Kingdom
537348,10007,REGENCY CAKESTAND 3 TIER,5,01/24/2020 21:00,2.71,14793.0,United Kingdom
537989,10000,WHITE HANGING HEART T-LIGHT HOLDER,2,11/09/2019 01:00,5.31,12616.0,Netherlands
536783,10008,JUMBO BAG RED RETROSPOT,1,01/06/2020 23:00,2.71,14702.0,United Kingdom
537763,10009,PARTY BUNTING,5,11/21/2019 15:00,9.82,17091.0,Switzerland
537742,10016,VINTAGE SNAKES AND LADDERS,3,12/29/2019 09:00,0.28,16449.0,France
538025,10016,VINTAGE SNAKES AND LADDERS,9,12/17/2019 03:00,1.06,13085.0,United Kingdom
536923,10006,PACK OF 72 RETRO SPOT CAKE CASES,1,02/05/2020 20:00,10.75,16604.0,Germany
536769,10015,TRAVEL SEWING KIT,2,02/13/2020 05:00,6.12,12429.0,United Kingdom
537391,10002,RED WOOLLY HOTTIE MUG,1,12/26/2019 09:00,4.22,12419.0,United Kingdom
537361,10003,GLASS JAR CANDLE,1,01/04/2020 11:00,8.44,17766.0,United Kingdom
537132,10012,ROUND SNACK BOXES SET OF 4,24,01/15/2020 03:00,0.36,12540.0,France
537826,10014,STRAWBERRY CERAMIC TRINKET BOX,33,01/18/2020 15:00,5.45,13923.0,United Kingdom
537863,10016,VINTAGE SNAKES AND LADDERS,4,01/16/2020 06:00,7.13,13129.0,United Kingdom
536825,10012,ROUND SNACK BOXES SET OF 4,2,02/02/2020 23:00,1.27,15805.0,France
537856,10002,RED WOOLLY HOTTIE MUG,3,02/26/2020 21:00,34.1,15448.0,United Kingdom
536797,10013,SPACEBOY LUNCH BOX,10,02/08/2020 09:00,2.99,17330.0,United Kingdom
537129,10008,JUMBO BAG RED RETROSPOT,2,11/17/2019 04:00,0.27,18210.0,United Kingdom
536415,10005,SET OF 3 CAKE TINS,5,12/28/2019 04:00,3.6,16777.0,France
537003,10006,PACK OF 72 RETRO SPOT CAKE CASES,4,12/26/2019 08:00,1.2,15118.0,Germany
538162,10016,VINTAGE SNAKES AND LADDERS,2,01/01/2020 01:00,7.89,,United Kingdom
537194,10003,GLASS JAR CANDLE,2,01/03/2020 10:00,4.25,17826.0,United Kingdom
537696,10011,RECIPE BOX PANTRY DESIGN,5,01/26/2020 04:00,1.35,15678.0,Spain
536567,10001,WOODEN PICTURE FRAME,2,12/21/2019 12:00,11.05,13637.0,United Kingdom
537556,10014,STRAWBERRY CERAMIC TRINKET BOX,6,12/02/2019 14:00,6.29,15564.0,United Kingdom
537061,10002,RED WOOLLY HOTTIE MUG,3,12/25/2019 22:00,1.07,,Netherlands
537759,10018,ALARM CLOCK BAKELIKE RED,5,02/11/2020 13:00,2.11,,United Kingdom
538105,10017,WOODEN FRAME ANTIQUE WHITE,16,12/08/2019 09:00,4.12,15039.0,EIRE
537361,10017,WOODEN FRAME ANTIQUE WHITE,3,11/03/2019 11:00,1.71,16822.0,United Kingdom
536557,10006,PACK OF 72 RETRO SPOT CAKE CASES,10,02/26/2020 04:00,1.76,13319.0,Germany
537257,10015,TRAVEL SEWING KIT,1,11/24/2019 12:00,2.55,18073.0,United Kingdom
536595,10002,RED WOOLLY HOTTIE MUG,3,01/12/2020 08:00,0.85,12716.0,United Kingdom
537207,10005,SET OF 3 CAKE TINS,4,02/05/2020 01:00,0.26,13220.0,Netherlands
536479,10002,RED WOOLLY HOTTIE MUG,28,12/03/2019 22:00,3.12,,United Kingdom
537565,10001,WOODEN PICTURE FRAME,1,12/11/2019 20:00,0.34,13208.0,United Kingdom
536947,10007,REGENCY CAKESTAND 3 TIER,4,12/04/2019 16:00,0.91,16966.0,United Kingdom
536742,10011,RECIPE BOX PANTRY DESIGN,17,11/18/2019 23:00,0.42,,Belgium
536397,10017,WOODEN FRAME ANTIQUE WHITE,2,11/19/2019 08:00,0.47,14899.0,Spain
538030,10000,WHITE HANGING HEART T-LIGHT HOLDER,3,11/23/2019 10:00,3.77,15045.0,United Kingdom
537934,10008,JUMBO BAG RED RETROSPOT,6,12/25/2019 23:00,1.97,18286.0,United Kingdom
537887,10014,STRAWBERRY CERAMIC TRINKET BOX,5,01/03/2020 17:00,1.9,17070.0,United Kingdom
536474,10004,VINTAGE UNION JACK BUNTING,19,11/02/2019 22:00,0.66,16100.0,United Kingdom
537020,10014,STRAWBERRY CERAMIC TRINKET BOX,6,02/10/2020 13:00,1.28,13184.0,United Kingdom
538186,10011,RECIPE BOX PANTRY DESIGN,15,01/21/2020 03:00,3.58,15849.0,United Kingdom
537449,10011,RECIPE BOX PANTRY DESIGN,3,11/09/2019 11:00,2.33,12582.0,United Kingdom
536605,10002,RED WOOLLY HOTTIE MUG,2,02/10/2020 03:00,5.6,13842.0,United Kingdom
536629,10003,GLASS JAR CANDLE,3,11/04/2019 15:00,6.46,16492.0,EIRE
536858,10017,WOODEN FRAME ANTIQUE WHITE,1,01/07/2020 06:00,1.91,14767.0,United Kingdom
538188,10017,WOODEN FRAME ANTIQUE WHITE,7,12/26/2019 20:00,0.39,18255.0,United Kingdom
536683,10009,PARTY BUNTING,3,12/31/2019 06:00,1.15,,United Kingdom
538057,10011,RECIPE BOX PANTRY DESIGN,2,02/23/2020 18:00,2.23,12909.0,United Kingdom
537636,10010,LUNCH BAG WOODLAND,7,02/20/2020 06:00,1.13,17594.0,United Kingdom
538093,10010,LUNCH BAG WOODLAND,1,12/04/2019 11:00,0.86,,United Kingdom
537913,10014,STRAWBERRY CERAMIC TRINKET BOX,9,01/09/2020 14:00,2.64,,United Kingdom
536987,10011,RECIPE BOX PANTRY DESIGN,3,02/24/2020 03:00,27.95,14635.0,Germany
537917,10002,RED WOOLLY HOTTIE MUG,13,01/27/2020 11:00,1.51,17981.0,United Kingdom
536682,10001,WOODEN PICTURE FRAME,3,02/15/2020 13:00,2.45,12445.0,Belgium
536910,10017,WOODEN FRAME ANTIQUE WHITE,8,12/23/2019 04:00,0.66,,United Kingdom
536762,10014,STRAWBERRY CERAMIC TRINKET BOX,5,12/04/2019 23:00,8.53,,France
536614,10003,GLASS JAR CANDLE,9,01/01/2020 07:00,5.9,18008.0,United Kingdom
536533,10001,WOODEN PICTURE FRAME,5,02/07/2020 01:00,5.51,14002.0,United Kingdom
536716,10004,VINTAGE UNION JACK BUNTING,1,02/20/2020 11:00,9.58,16937.0,United Kingdom
536590,10011,RECIPE BOX PANTRY DESIGN,11,01/22/2020 07:00,1.6,16465.0,United Kingdom
537078,10011,RECIPE BOX PANTRY DESIGN,4,01/24/2020 19:00,1.82,,United Kingdom
536498,10003,GLASS JAR CANDLE,9,01/01/2020 10:00,13.6,14056.0,United Kingdom
536479,10003,GLASS JAR CANDLE,8,12/09/2019 08:00,4.63,16053.0,Spain
538220,10004,VINTAGE UNION JACK BUNTING,2,12/21/2019 18:00,0.27,15207.0,Belgium
536529,10008,JUMBO BAG RED RETROSPOT,2,12/30/2019 17:00,3.88,13755.0,United Kingdom
536503,10004,VINTAGE UNION JACK BUNTING,8,02/06/2020 21:00,1.37,13537.0,United Kingdom
536421,10009,PARTY BUNTING,3,01/06/2020 15:00,6.04,15656.0,United Kingdom
536613,10000,WHITE HANGING HEART T-LIGHT HOLDER,10,02/04/2020 04:00,3.7,17265.0,Switzerland
537354,10018,ALARM CLOCK BAKELIKE RED,3,11/04/2019 06:00,0.43,14799.0,Netherlands
537916,10017,WOODEN FRAME ANTIQUE WHITE,11,01/30/2020 20:00,3.22,17843.0,France
537742,10006,PACK OF 72 RETRO SPOT CAKE CASES,6,12/31/2019 20:00,3.04,16309.0,Spain
537452,10016,VINTAGE SNAKES AND LADDERS,5,02/28/2020 19:00,3.54,14742.0,Germany
536524,10010,LUNCH BAG WOODLAND,3,12/27/2019 15:00,4.37,16545.0,United Kingdom
537817,10000,WHITE HANGING HEART T-LIGHT HOLDER,5,12/28/2019 10:00,10.98,,France
536434,10005,SET OF 3 CAKE TINS,13,11/16/2019 07:00,3.72,,United Kingdom
537547,10001,WOODEN PICTURE FRAME,4,02/05/2020 20:00,2.52,18184.0,United Kingdom
537132,10014,STRAWBERRY CERAMIC TRINKET BOX,7,01/24/2020 05:00,7.75,,United Kingdom
538019,10015,TRAVEL SEWING KIT,4,02/12/2020 12:00,23.17,,United Kingdom
536941,10012,ROUND SNACK BOXES SET OF 4,5,11/12/2019 03:00,6.14,12771.0,United Kingdom
537562,10000,WHITE HANGING HEART T-LIGHT HOLDER,23,11/26/2019 09:00,3.02,17150.0,United Kingdom
537189,10004,VINTAGE UNION JACK BUNTING,13,02/14/2020 06:00,3.79,17379.0,United Kingdom
537343,10009,PARTY BUNTING,4,11/06/2019 01:00,3.18,15716.0,United Kingdom
538125,10002,RED WOOLLY HOTTIE MUG,5,01/01/2020 00:00,2.51,,Switzerland
537701,10002,RED WOOLLY HOTTIE MUG,2,12/19/2019 14:00,21.44,17578.0,Germany
537142,10006,PACK OF 72 RETRO SPOT CAKE CASES,3,02/21/2020 18:00,1.16,,United Kingdom
537203,10011,RECIPE BOX PANTRY DESIGN,6,02/11/2020 20:00,7.81,,United Kingdom
537686,10001,WOODEN PICTURE FRAME,9,02/16/2020 15:00,2.17,14521.0,United Kingdom
537013,10019,HAND WARMER OWL DESIGN,9,12/05/2019 16:00,0.56,14105.0,Spain
536679,10009,PARTY BUNTING,1,01/10/2020 12:00,2.04,,Germany
537241,10003,GLASS JAR CANDLE,11,01/24/2020 00:00,1.42,14281.0,Spain
536492,10000,WHITE HANGING HEART T-LIGHT HOLDER,4,02/25/2020 03:00,4.38,,United Kingdom
536683,10019,HAND WARMER OWL DESIGN,2,11/01/2019 21:00,2.69,12444.0,United Kingdom
537153,10011,RECIPE BOX PANTRY DESIGN,15,02/26/2020 06:00,0.89,14501.0,Germany
537858,10017,WOODEN FRAME ANTIQUE WHITE,18,12/13/2019 15:00,10.71,,United Kingdom
537830,10015,TRAVEL SEWING KIT,5,11/16/2019 09:00,7.32,,United Kingdom
536853,10019,HAND WARMER OWL DESIGN,8,01/13/2020 21:00,12.01,18254.0,United Kingdom
537156,10017,WOODEN FRAME ANTIQUE WHITE,9,02/02/2020 19:00,3.12,,United Kingdom
536652,10015,TRAVEL SEWING KIT,16,11/16/2019 13:00,2.37,13825.0,United Kingdom
537781,10017,WOODEN FRAME ANTIQUE WHITE,8,11/05/2019 21:00,4.97,15394.0,France
536826,10017,WOODEN FRAME ANTIQUE WHITE,1,02/16/2020 15:00,1.38,12464.0,United Kingdom
537864,10005,SET OF 3 CAKE TINS,30,02/21/2020 02:00,2.8,14799.0,United Kingdom
537943,10011,RECIPE BOX PANTRY DESIGN,12,11/19/2019 18:00,2.06,14000.0,Germany
537657,10019,HAND WARMER OWL DESIGN,2,02/17/2020 12:00,0.57,15326.0,Portugal
536984,10017,WOODEN FRAME ANTIQUE WHITE,1,02/18/2020 05:00,2.79,14772.0,Germany
538151,10002,RED WOOLLY HOTTIE MUG,7,02/28/2020 17:00,1.58,,Belgium
537651,10002,RED WOOLLY HOTTIE MUG,3,11/26/2019 23:00,1.93,,United Kingdom
537575,10004,VINTAGE UNION JACK BUNTING,6,01/09/2020 11:00,3.54,17923.0,United Kingdom
537970,10014,STRAWBERRY CERAMIC TRINKET BOX,9,02/28/2020 08:00,8.78,12753.0,EIRE
538017,10007,REGENCY CAKESTAND 3 TIER,2,02/17/2020 08:00,1.05,17957.0,United Kingdom
536510,10012,ROUND SNACK BOXES SET OF 4,1,01/12/2020 14:00,1.76,17041.0,United Kingdom
538017,10002,RED WOOLLY HOTTIE MUG,6,11/24/2019 15:00,1.14,16581.0,United Kingdom
537799,10001,WOODEN PICTURE FRAME,2,11/11/2019 02:00,1.07,17250.0,Australia
536752,10015,TRAVEL SEWING KIT,5,12/02/2019 02:00,1.36,12645.0,United Kingdom
536941,10005,SET OF 3 CAKE TINS,1,11/08/2019 20:00,2.02,13612.0,France
537776,10000,WHITE HANGING HEART T-LIGHT HOLDER,3,11/24/2019 10:00,4.42,12350.0,United Kingdom
536771,10004,VINTAGE UNION JACK BUNTING,8,11/09/2019 23:00,3.39,17089.0,Germany
537213,10006,PACK OF 72 RETRO SPOT CAKE CASES,7,01/31/2020 11:00,0.85,14452.0,United Kingdom
537656,10008,JUMBO BAG RED RETROSPOT,2,01/10/2020 19:00,8.97,,United Kingdom
537584,10017,WOODEN FRAME ANTIQUE WHITE,1,01/02/2020 04:00,6.32,,United Kingdom
538070,10003,GLASS JAR CANDLE,4,02/06/2020 04:00,1.0,14859.0,EIRE
536574,10012,ROUND SNACK BOXES SET OF 4,7,12/20/2019 07:00,8.37,16131.0,France
536918,10005,SET OF 3 CAKE TINS,6,12/19/2019 08:00,3.41,17909.0,United Kingdom
538211,10009,PARTY BUNTING,2,11/25/2019 20:00,2.1,14318.0,United Kingdom
537431,10005,SET OF 3 CAKE TINS,5,12/24/2019 09:00,3.52,,United Kingdom
536831,10006,PACK OF 72 RETRO SPOT CAKE CASES,18,11/21/2019 22:00,2.4,15508.0,United Kingdom
536908,10011,RECIPE BOX PANTRY DESIGN,5,01/10/2020 17:00,4.24,14574.0,United Kingdom
537001,10011,RECIPE BOX PANTRY DESIGN,1,02/28/2020 17:00,2.97,,France
537404,10002,RED WOOLLY HOTTIE MUG,5,01/03/2020 23:00,1.76,15245.0,United Kingdom
536898,10003,GLASS JAR CANDLE,31,12/06/2019 21:00,0.32,13104.0,United Kingdom
537530,10004,VINTAGE UNION JACK BUNTING,1,01/22/2020 14:00,4.17,,United Kingdom
537199,10017,WOODEN FRAME ANTIQUE WHITE,4,02/07/2020 10:00,1.69,17369.0,United Kingdom
537509,10006,PACK OF 72 RETRO SPOT CAKE CASES,3,12/27/2019 15:00,5.35,15408.0,United Kingdom
536655,10011,RECIPE BOX PANTRY DESIGN,4,12/01/2019 01:00,3.98,15673.0,United Kingdom
537534,10008,JUMBO BAG RED RETROSPOT,5,01/25/2020 16:00,1.74,16397.0,France
538098,10007,REGENCY CAKESTAND 3 TIER,13,11/23/2019 11:00,6.84,13501.0,United Kingdom
536618,10000,WHITE HANGING HEART T-LIGHT HOLDER,4,02/28/2020 17:00,3.02,,United Kingdom
536978,10008,JUMBO BAG RED RETROSPOT,15,12/09/2019 03:00,2.9,,United Kingdom
537665,10019,HAND WARMER OWL DESIGN,4,12/13/2019 01:00,2.14,17810.0,Belgium
537522,10018,ALARM CLOCK BAKELIKE RED,3,01/27/2020 06:00,13.24,13101.0,Germany
537630,10006,PACK OF 72 RETRO SPOT CAKE CASES,2,11/02/2019 11:00,1.21,16616.0,EIRE
537414,10010,LUNCH BAG WOODLAND,1,11/25/2019 08:00,1.78,18163.0,United Kingdom
537644,10005,SET OF 3 CAKE TINS,5,11/16/2019 01:00,0.71,,United Kingdom
537507,10018,ALARM CLOCK BAKELIKE RED,32,12/17/2019 22:00,5.09,,Australia
536503,10011,RECIPE BOX PANTRY DESIGN,6,01/06/2020 10:00,1.37,17508.0,France
537773,10018,ALARM CLOCK BAKELIKE RED,8,11/22/2019 13:00,1.54,12990.0,United Kingdom
537202,10017,WOODEN FRAME ANTIQUE WHITE,3,12/12/2019 07:00,1.47,16764.0,United Kingdom
536461,10006,PACK OF 72 RETRO SPOT CAKE CASES,3,02/01/2020 16:00,2.62,17082.0,United Kingdom
537131,10009,PARTY BUNTING,11,02/21/2020 20:00,0.7,14206.0,United Kingdom
537180,10011,RECIPE BOX PANTRY DESIGN,30,11/02/2019 17:00,0.26,14078.0,United Kingdom
536527,10004,VINTAGE UNION JACK BUNTING,18,01/15/2020 07:00,3.89,15443.0,Portugal
538232,10016,VINTAGE SNAKES AND LADDERS,9,11/04/2019 01:00,0.3,,United Kingdom
536781,10011,RECIPE BOX PANTRY DESIGN,4,01/02/2020 11:00,5.78,17456.0,Belgium
536984,10004,VINTAGE UNION JACK BUNTING,5,02/14/2020 13:00,11.69,15865.0,Germany
537191,10009,PARTY BUNTING,2,02/04/2020 19:00,2.09,18097.0,United Kingdom
537925,10016,VINTAGE SNAKES AND LADDERS,1,11/28/2019 22:00,9.02,13771.0,United Kingdom
537757,10008,JUMBO BAG RED RETROSPOT,1,12/02/2019 00:00,2.4,,EIRE
537810,10014,STRAWBERRY CERAMIC TRINKET BOX,4,02/03/2020 01:00,12.17,13778.0,Germany
536809,10019,HAND WARMER OWL DESIGN,3,02/07/2020 09:00,1.56,16210.0,United Kingdom
537950,10006,PACK OF 72 RETRO SPOT CAKE CASES,1,12/04/2019 17:00,0.25,12545.0,United Kingdom
537920,10019,HAND WARMER OWL DESIGN,4,11/01/2019 08:00,2.27,,Belgium
537234,10008,JUMBO BAG RED RETROSPOT,3,12/24/2019 08:00,13.57,16931.0,United Kingdom
537388,10011,RECIPE BOX PANTRY DESIGN,1,01/14/2020 09:00,4.2,18216.0,United Kingdom
536434,10015,TRAVEL SEWING KIT,3,12/24/2019 06:00,1.47,,Australia
537790,10001,WOODEN PICTURE FRAME,3,02/21/2020 05:00,3.42,12766.0,United Kingdom
538166,10014,STRAWBERRY CERAMIC TRINKET BOX,2,02/06/2020 15:00,6.5,,United Kingdom
537251,10011,RECIPE BOX PANTRY DESIGN,10,02/03/2020 13:00,2.26,15338.0,France
537378,10013,SPACEBOY LUNCH BOX,1,11/03/2019 10:00,34.0,,Belgium
537300,10019,HAND WARMER OWL DESIGN,1,02/11/2020 11:00,1.47,17536.0,United Kingdom
536519,10009,PARTY BUNTING,4,01/30/2020 15:00,6.7,15810.0,United Kingdom
537526,10018,ALARM CLOCK BAKELIKE RED,4,12/18/2019 15:00,5.27,12364.0,United Kingdom
537717,10011,RECIPE BOX PANTRY DESIGN,6,01/10/2020 18:00,1.22,17483.0,Netherlands
538104,10004,VINTAGE UNION JACK BUNTING,2,02/07/2020 22:00,1.61,14943.0,France
538108,10013,SPACEBOY LUNCH BOX,2,02/17/2020 18:00,6.81,,Netherlands
537287,10003,GLASS JAR CANDLE,4,01/06/2020 02:00,2.84,15816.0,France
538163,10017,WOODEN FRAME ANTIQUE WHITE,3,11/05/2019 23:00,3.45,17761.0,United Kingdom
537356,10003,GLASS JAR CANDLE,19,01/14/2020 06:00,0.48,15473.0,United Kingdom
537568,10009,PARTY BUNTING,3,01/21/2020 15:00,4.74,13579.0,United Kingdom
537493,10016,VINTAGE SNAKES AND LADDERS,4,11/08/2019 01:00,3.28,16699.0,Germany
538237,10000,WHITE HANGING HEART T-LIGHT HOLDER,48,02/07/2020 02:00,2.31,16106.0,United Kingdom
537747,10009,PARTY BUNTING,3,11/25/2019 04:00,3.53,12735.0,United Kingdom
536590,10010,LUNCH BAG WOODLAND,7,02/15/2020 21:00,1.63,15510.0,Switzerland
536499,10006,PACK OF 72 RETRO SPOT CAKE CASES,8,01/06/2020 03:00,1.36,17012.0,United Kingdom
537133,10013,SPACEBOY LUNCH BOX,8,12/09/2019 16:00,1.93,17598.0,United Kingdom
537331,10006,PACK OF 72 RETRO SPOT CAKE CASES,5,11/08/2019 01:00,1.55,,United Kingdom
537618,10007,REGENCY CAKESTAND 3 TIER,5,11/03/2019 03:00,21.77,15450.0,United Kingdom
537267,10005,SET OF 3 CAKE TINS,4,01/29/2020 00:00,6.12,,United Kingdom
537329,10012,ROUND SNACK BOXES SET OF 4,2,12/16/2019 06:00,0.93,15814.0,United Kingdom
538093,10017,WOODEN FRAME ANTIQUE WHITE,6,02/09/2020 20:00,18.85,14838.0,United Kingdom
536992,10003,GLASS JAR CANDLE,31,11/28/2019 16:00,1.6,13440.0,United Kingdom
537290,10008,JUMBO BAG RED RETROSPOT,14,02/19/2020 11:00,2.53,12600.0,Belgium
537410,10004,VINTAGE UNION JACK BUNTING,5,02/22/2020 00:00,6.03,16445.0,Spain
537243,10004,VINTAGE UNION JACK BUNTING,10,11/13/2019 05:00,0.34,18072.0,EIRE
538180,10019,HAND WARMER OWL DESIGN,2,01/17/2020 15:00,1.94,15915.0,United Kingdom
538169,10014,STRAWBERRY CERAMIC TRINKET BOX,3,02/21/2020 19:00,1.39,16983.0,United Kingdom
537327,10018,ALARM CLOCK BAKELIKE RED,10,12/09/2019 18:00,3.02,16369.0,United Kingdom
537209,10012,ROUND SNACK BOXES SET OF 4,18,11/09/2019 02:00,3.56,14412.0,United Kingdom
537469,10013,SPACEBOY LUNCH BOX,2,02/14/2020 02:00,2.28,15452.0,United Kingdom
536704,10014,STRAWBERRY CERAMIC TRINKET BOX,3,12/27/2019 21:00,2.17,,Spain
537163,10013,SPACEBOY LUNCH BOX,36,11/04/2019 05:00,7.14,13672.0,United Kingdom
536771,10016,VINTAGE SNAKES AND LADDERS,4,02/09/2020 20:00,3.33,15845.0,Spain
536635,10006,PACK OF 72 RETRO SPOT CAKE CASES,25,01/21/2020 11:00,2.56,,United Kingdom
536543,10002,RED WOOLLY HOTTIE MUG,5,11/09/2019 10:00,2.85,18211.0,United Kingdom
537465,10009,PARTY BUNTING,5,12/02/2019 01:00,15.42,13749.0,Australia
536366,10000,WHITE HANGING HEART T-LIGHT HOLDER,3,11/03/2019 04:00,2.92,14069.0,United Kingdom
537576,10000,WHITE HANGING HEART T-LIGHT HOLDER,10,02/23/2020 14:00,1.47,13332.0,United Kingdom
537174,10001,WOODEN PICTURE FRAME,16,11/03/2019 23:00,0.36,17979.0,United Kingdom
537052,10001,WOODEN PICTURE FRAME,1,02/04/2020 12:00,0.59,16988.0,United Kingdom
537807,10014,STRAWBERRY CERAMIC TRINKET BOX,3,01/01/2020 08:00,1.54,14308.0,United Kingdom
537375,10011,RECIPE BOX PANTRY DESIGN,10,01/09/2020 22:00,2.21,18102.0,United Kingdom
537740,10018,ALARM CLOCK BAKELIKE RED,4,02/06/2020 10:00,1.41,,United Kingdom
537695,10005,SET OF 3 CAKE TINS,2,02/16/2020 10:00,3.49,15176.0,United Kingdom
536425,10006,PACK OF 72 RETRO SPOT CAKE CASES,11,11/16/2019 07:00,1.39,14613.0,United Kingdom
536769,10009,PARTY BUNTING,12,11/03/2019 03:00,0.99,,Australia
537433,10015,TRAVEL SEWING KIT,3,11/15/2019 23:00,4.54,12851.0,France
538194,10018,ALARM CLOCK BAKELIKE RED,5,01/21/2020 22:00,9.67,13368.0,United Kingdom
536654,10014,STRAWBERRY CERAMIC TRINKET BOX,1,01/08/2020 05:00,0.81,17907.0,Netherlands
536562,10010,LUNCH BAG WOODLAND,2,11/11/2019 01:00,3.14,13573.0,United Kingdom
538129,10019,HAND WARMER OWL DESIGN,5,11/29/2019 03:00,0.37,13319.0,United Kingdom
538177,10003,GLASS JAR CANDLE,4,01/04/2020 11:00,0.56,17454.0,United Kingdom
536678,10009,PARTY BUNTING,2,01/27/2020 15:00,1.37,17958.0,United Kingdom
537118,10004,VINTAGE UNION JACK BUNTING,2,12/12/2019 05:00,7.65,17205.0,United Kingdom
537539,10003,GLASS JAR CANDLE,1,02/22/2020 23:00,1.13,12959.0,United Kingdom
536731,10007,REGENCY CAKESTAND 3 TIER,6,02/28/2020 02:00,1.09,17330.0,Belgium
536976,10015,TRAVEL SEWING KIT,1,01/31/2020 22:00,2.55,13931.0,United Kingdom
537106,10006,PACK OF 72 RETRO SPOT CAKE CASES,1,12/25/2019 12:00,2.55,12411.0,United Kingdom
537567,10016,VINTAGE SNAKES AND LADDERS,1,02/14/2020 07:00,1.12,17817.0,United Kingdom
536942,10012,ROUND SNACK BOXES SET OF 4,6,01/27/2020 09:00,17.93,,United Kingdom
537137,10014,STRAWBERRY CERAMIC TRINKET BOX,1,01/02/2020 08:00,1.89,16258.0,Portugal
536907,10004,VINTAGE UNION JACK BUNTING,4,12/24/2019 06:00,2.76,12784.0,United Kingdom
537789,10017,WOODEN FRAME ANTIQUE WHITE,21,02/08/2020 21:00,1.65,13471.0,United Kingdom
536651,10004,VINTAGE UNION JACK BUNTING,22,01/06/2020 20:00,3.82,17578.0,United Kingdom
536797,10007,REGENCY CAKESTAND 3 TIER,1,11/22/2019 22:00,8.46,15863.0,Germany
536833,10015,TRAVEL SEWING KIT,5,02/29/2020 00:00,12.98,,United Kingdom
538063,10013,SPACEBOY LUNCH BOX,2,11/09/2019 04:00,1.15,13417.0,United Kingdom
538135,10005,SET OF 3 CAKE TINS,1,01/23/2020 10:00,7.39,17637.0,EIRE
537302,10005,SET OF 3 CAKE TINS,4,01/18/2020 17:00,4.26,,United Kingdom
536658,10008,JUMBO BAG RED RETROSPOT,14,01/10/2020 08:00,6.52,17836.0,Spain
537782,10008,JUMBO BAG RED RETROSPOT,7,11/07/2019 05:00,2.24,12642.0,Spain
537287,10001,WOODEN PICTURE FRAME,2,12/30/2019 03:00,2.04,,United Kingdom
537958,10004,VINTAGE UNION JACK BUNTING,8,02/16/2020 03:00,6.27,15493.0,Belgium
537039,10003,GLASS JAR CANDLE,1,11/29/2019 18:00,6.39,13033.0,United Kingdom
538237,10003,GLASS JAR CANDLE,2,01/23/2020 00:00,11.77,12723.0,United Kingdom
537878,10007,REGENCY CAKESTAND 3 TIER,2,02/12/2020 02:00,3.0,17166.0,United Kingdom
536784,10000,WHITE HANGING HEART T-LIGHT HOLDER,4,02/23/2020 07:00,2.21,16475.0,Netherlands
537725,10013,SPACEBOY LUNCH BOX,3,01/01/2020 22:00,0.25,17360.0,United Kingdom
536902,10013,SPACEBOY LUNCH BOX,4,12/08/2019 16:00,0.49,17905.0,United Kingdom
537020,10004,VINTAGE UNION JACK BUNTING,3,01/23/2020 23:00,1.66,13193.0,United Kingdom
536834,10017,WOODEN FRAME ANTIQUE WHITE,4,12/29/2019 08:00,0.82,17283.0,France
537644,10011,RECIPE BOX PANTRY DESIGN,7,01/15/2020 06:00,5.55,12606.0,EIRE
536857,10006,PACK OF 72 RETRO SPOT CAKE CASES,5,01/29/2020 00:00,0.66,,United Kingdom
537562,10003,GLASS JAR CANDLE,3,01/25/2020 06:00,1.49,14113.0,United Kingdom
537457,10008,JUMBO BAG RED RETROSPOT,6,11/30/2019 03:00,1.55,13753.0,United Kingdom
537772,10019,HAND WARMER OWL DESIGN,9,01/30/2020 17:00,8.2,16614.0,United Kingdom
538227,10000,WHITE HANGING HEART T-LIGHT HOLDER,2,01/05/2020 01:00,1.34,13065.0,Germany
536381,10000,WHITE HANGING HEART T-LIGHT HOLDER,4,02/20/2020 17:00,3.87,17152.0,Germany
538221,10008,JUMBO BAG RED RETROSPOT,13,01/19/2020 03:00,2.99,17536.0,EIRE
536570,10018,ALARM CLOCK BAKELIKE RED,1,02/16/2020 01:00,6.07,16300.0,France
537352,10005,SET OF 3 CAKE TINS,25,02/26/2020 11:00,5.76,12827.0,EIRE
537004,10014,STRAWBERRY CERAMIC TRINKET BOX,1,02/28/2020 09:00,2.38,15890.0,United Kingdom
537563,10011,RECIPE BOX PANTRY DESIGN,3,01/29/2020 09:00,0.45,16081.0,United Kingdom
537718,10003,GLASS JAR CANDLE,2,01/11/2020 16:00,1.95,14562.0,United Kingdom
537977,10018,ALARM CLOCK BAKELIKE RED,36,11/15/2019 04:00,2.41,14527.0,EIRE
537118,10003,GLASS JAR CANDLE,2,12/17/2019 08:00,3.27,15133.0,United Kingdom
538114,10010,LUNCH BAG WOODLAND,2,12/28/2019 01:00,1.18,,United Kingdom
536969,10013,SPACEBOY LUNCH BOX,3,02/02/2020 16:00,7.7,12367.0,Germany
536747,10013,SPACEBOY LUNCH BOX,4,01/10/2020 16:00,2.49,,United Kingdom
537075,10017,WOODEN FRAME ANTIQUE WHITE,3,12/23/2019 17:00,0.98,14228.0,United Kingdom
537356,10014,STRAWBERRY CERAMIC TRINKET BOX,4,11/18/2019 14:00,1.56,15606.0,United Kingdom
537617,10013,SPACEBOY LUNCH BOX,1,01/25/2020 22:00,16.92,12369.0,Switzerland
537926,10003,GLASS JAR CANDLE,4,12/22/2019 20:00,4.78,17799.0,United Kingdom
536786,10006,PACK OF 72 RETRO SPOT CAKE CASES,4,11/05/2019 08:00,7.02,15061.0,Germany
536933,10006,PACK OF 72 RETRO SPOT CAKE CASES,11,12/05/2019 02:00,0.87,18106.0,United Kingdom
538125,10007,REGENCY CAKESTAND 3 TIER,15,02/14/2020 13:00,1.24,13262.0,United Kingdom
537189,10002,RED WOOLLY HOTTIE MUG,3,11/15/2019 06:00,1.24,15813.0,United Kingdom
536817,10001,WOODEN PICTURE FRAME,9,12/19/2019 18:00,2.96,,United Kingdom
538213,10008,JUMBO BAG RED RETROSPOT,1,01/01/2020 11:00,2.07,17076.0,United Kingdom
537206,10014,STRAWBERRY CERAMIC TRINKET BOX,9,11/11/2019 01:00,1.51,12399.0,United Kingdom
538211,10017,WOODEN FRAME ANTIQUE WHITE,2,11/20/2019 21:00,1.71,,United Kingdom
538088,10018,ALARM CLOCK BAKELIKE RED,1,02/21/2020 20:00,1.11,13224.0,United Kingdom
538063,10009,PARTY BUNTING,3,01/10/2020 21:00,2.05,14885.0,United Kingdom
537455,10017,WOODEN FRAME ANTIQUE WHITE,16,11/26/2019 05:00,7.49,12663.0,United Kingdom
537862,10009,PARTY BUNTING,5,11/21/2019 08:00,0.54,12686.0,Germany
538166,10009,PARTY BUNTING,18,12/22/2019 02:00,1437.8,16898.0,United Kingdom
536869,10004,VINTAGE UNION JACK BUNTING,2,01/26/2020 20:00,9.78,,United Kingdom
536435,10012,ROUND SNACK BOXES SET OF 4,12,01/27/2020 16:00,2.05,17664.0,United Kingdom
536966,10006,PACK OF 72 RETRO SPOT CAKE CASES,2,11/24/2019 10:00,1.45,16506.0,United Kingdom
537559,10009,PARTY BUNTING,5,01/27/2020 02:00,6.2,,United Kingdom
537391,10018,ALARM CLOCK BAKELIKE RED,5,02/16/2020 14:00,0.92,,United Kingdom
536516,10010,LUNCH BAG WOODLAND,8,11/28/2019 04:00,2.4,,United Kingdom
537416,10006,PACK OF 72 RETRO SPOT CAKE CASES,5,11/04/2019 03:00,0.87,13712.0,Belgium
536691,10013,SPACEBOY LUNCH BOX,2,02/24/2020 02:00,0.38,12979.0,United Kingdom
537312,10014,STRAWBERRY CERAMIC TRINKET BOX,10,01/02/2020 15:00,2.11,,Australia
537444,10012,ROUND SNACK BOXES SET OF 4,23,02/02/2020 04:00,0.7,,Germany
537558,10000,WHITE HANGING HEART T-LIGHT HOLDER,2,12/09/2019 10:00,2.43,13235.0,United Kingdom
537138,10004,VINTAGE UNION JACK BUNTING,1,12/06/2019 21:00,7.5,15609.0,United Kingdom
537130,10002,RED WOOLLY HOTTIE MUG,7,11/28/2019 00:00,15.71,16450.0,Belgium
537637,10019,HAND WARMER OWL DESIGN,3,11/27/2019 01:00,2.7,15309.0,Australia
537769,10006,PACK OF 72 RETRO SPOT CAKE CASES,4,12/27/2019 14:00,6.82,16611.0,United Kingdom
537879,10009,PARTY BUNTING,7,11/13/2019 16:00,3.67,15343.0,United Kingdom
536990,10018,ALARM CLOCK BAKELIKE RED,3,02/10/2020 01:00,1.68,,Netherlands
537160,10019,HAND WARMER OWL DESIGN,3,01/01/2020 08:00,0.36,13673.0,United Kingdom
536985,10004,VINTAGE UNION JACK BUNTING,4,02/18/2020 20:00,12.51,13879.0,United Kingdom
537354,10017,WOODEN FRAME ANTIQUE WHITE,18,12/31/2019 06:00,0.86,,France
536603,10014,STRAWBERRY CERAMIC TRINKET BOX,4,12/07/2019 09:00,9.8,14562.0,United Kingdom
537171,10012,ROUND SNACK BOXES SET OF 4,1,01/01/2020 19:00,4.21,16600.0,United Kingdom
536718,10003,GLASS JAR CANDLE,1,11/19/2019 12:00,0.93,14479.0,United Kingdom
537363,10013,SPACEBOY LUNCH BOX,5,02/07/2020 22:00,3.36,15467.0,United Kingdom
537959,10012,ROUND SNACK BOXES SET OF 4,1,01/26/2020 10:00,20.76,15952.0,France
538212,10008,JUMBO BAG RED RETROSPOT,1,11/18/2019 15:00,11.42,,United Kingdom
537201,10011,RECIPE BOX PANTRY DESIGN,8,01/09/2020 20:00,1.47,16765.0,United Kingdom
536470,10004,VINTAGE UNION JACK BUNTING,8,01/04/2020 13:00,1.21,17836.0,Switzerland
536792,10012,ROUND SNACK BOXES SET OF 4,3,11/25/2019 03:00,2.72,17465.0,United Kingdom
536561,10003,GLASS JAR CANDLE,5,11/15/2019 15:00,2.08,17820.0,United Kingdom
537788,10005,SET OF 3 CAKE TINS,5,01/31/2020 06:00,8.16,,United Kingdom
538211,10009,PARTY BUNTING,7,12/02/2019 16:00,5.15,16857.0,United Kingdom
537403,10003,GLASS JAR CANDLE,7,01/02/2020 07:00,0.45,16662.0,Switzerland
536696,10018,ALARM CLOCK BAKELIKE RED,1,11/30/2019 17:00,3.89,14796.0,United Kingdom
536404,10017,WOODEN FRAME ANTIQUE WHITE,3,01/18/2020 10:00,2.06,14212.0,United Kingdom
538195,10009,PARTY BUNTING,7,11/06/2019 21:00,2.55,12661.0,Belgium
536958,10011,RECIPE BOX PANTRY DESIGN,3,12/14/2019 03:00,3.15,,Germany
536575,10005,SET OF 3 CAKE TINS,4,01/05/2020 16:00,8.16,17337.0,United Kingdom
536696,10004,VINTAGE UNION JACK BUNTING,9,12/23/2019 17:00,6.54,12795.0,United Kingdom
536843,10019,HAND WARMER OWL DESIGN,4,01/13/2020 12:00,1.16,15804.0,United Kingdom
537594,10008,JUMBO BAG RED RETROSPOT,18,11/22/2019 15:00,2.32,15620.0,Netherlands
538037,10019,HAND WARMER OWL DESIGN,13,12/24/2019 00:00,1.57,13370.0,United Kingdom
536880,10001,WOODEN PICTURE FRAME,4,01/30/2020 19:00,0.46,15605.0,United Kingdom
537653,10002,RED WOOLLY HOTTIE MUG,3,12/11/2019 01:00,2.2,17168.0,United Kingdom
536486,10009,PARTY BUNTING,1,11/19/2019 20:00,15.56,14285.0,United Kingdom
536383,10015,TRAVEL SEWING KIT,3,02/10/2020 18:00,0.44,16657.0,United Kingdom
536468,10008,JUMBO BAG RED RETROSPOT,1,02/02/2020 10:00,2.4,18110.0,United Kingdom
538095,10016,VINTAGE SNAKES AND LADDERS,5,01/21/2020 16:00,2.33,15047.0,Netherlands
537455,10002,RED WOOLLY HOTTIE MUG,5,02/04/2020 19:00,3.28,12981.0,United Kingdom
537874,10017,WOODEN FRAME ANTIQUE WHITE,8,02/02/2020 11:00,0.94,14112.0,Portugal
536405,10008,JUMBO BAG RED RETROSPOT,16,01/29/2020 14:00,0.59,13156.0,United Kingdom
536406,10005,SET OF 3 CAKE TINS,4,01/01/2020 03:00,0.62,14441.0,United Kingdom
537956,10012,ROUND SNACK BOXES SET OF 4,40,11/03/2019 07:00,9.31,16173.0,United Kingdom
536557,10015,TRAVEL SEWING KIT,5,01/11/2020 16:00,0.92,13549.0,United Kingdom
536656,10018,ALARM CLOCK BAKELIKE RED,1,12/03/2019 18:00,1.49,15401.0,United Kingdom
537338,10001,WOODEN PICTURE FRAME,2,02/01/2020 19:00,20.18,18275.0,United Kingdom
537502,10014,STRAWBERRY CERAMIC TRINKET BOX,3,12/27/2019 05:00,1.18,13917.0,United Kingdom
536794,10006,PACK OF 72 RETRO SPOT CAKE CASES,7,02/17/2020 16:00,3.46,17573.0,United Kingdom
537198,10010,LUNCH BAG WOODLAND,2,01/11/2020 11:00,7.13,,United Kingdom
537630,10009,PARTY BUNTING,3,01/06/2020 02:00,6.79,15994.0,United Kingdom
537195,10015,TRAVEL SEWING KIT,3,02/19/2020 08:00,0.65,13278.0,United Kingdom
537082,10007,REGENCY CAKESTAND 3 TIER,3,12/28/2019 00:00,1.21,13938.0,United Kingdom
536499,10005,SET OF 3 CAKE TINS,9,12/16/2019 02:00,3.33,17501.0,Netherlands
537212,10009,PARTY BUNTING,8,12/15/2019 14:00,16.93,15849.0,United Kingdom
537870,10013,SPACEBOY LUNCH BOX,13,02/14/2020 00:00,1.15,15729.0,United Kingdom
537540,10016,VINTAGE SNAKES AND LADDERS,3,01/30/2020 18:00,1.5,15380.0,United Kingdom
538039,10000,WHITE HANGING HEART T-LIGHT HOLDER,13,11/20/2019 14:00,3.74,13800.0,United Kingdom
536601,10011,RECIPE BOX PANTRY DESIGN,1,12/30/2019 02:00,4.57,17866.0,United Kingdom
536385,10001,WOODEN PICTURE FRAME,1,12/15/2019 13:00,4.86,14683.0,United Kingdom
537392,10012,ROUND SNACK BOXES SET OF 4,1,01/17/2020 15:00,1.06,12414.0,United Kingdom
536699,10012,ROUND SNACK BOXES SET OF 4,4,11/07/2019 06:00,1.44,17732.0,France
537478,10017,WOODEN FRAME ANTIQUE WHITE,13,01/25/2020 17:00,3.05,12622.0,United Kingdom
538059,10003,GLASS JAR CANDLE,2,01/29/2020 03:00,8.69,,France
536997,10015,TRAVEL SEWING KIT,3,11/28/2019 04:00,1.94,,United Kingdom
537395,10013,SPACEBOY LUNCH BOX,3,11/19/2019 02:00,2.41,12756.0,Belgium
537643,10013,SPACEBOY LUNCH BOX,7,01/15/2020 07:00,0.88,13655.0,United Kingdom
536646,10012,ROUND SNACK BOXES SET OF 4,3,12/01/2019 20:00,15.85,16232.0,United Kingdom
538047,10010,LUNCH BAG WOODLAND,2,02/22/2020 00:00,2.87,15588.0,United Kingdom
536745,10001,WOODEN PICTURE FRAME,1,02/02/2020 01:00,7.23,,United Kingdom
537880,10016,VINTAGE SNAKES AND LADDERS,2,02/23/2020 15:00,2.53,14129.0,France
537602,10007,REGENCY CAKESTAND 3 TIER,13,01/04/2020 04:00,2.68,13598.0,United Kingdom
536629,10002,RED WOOLLY HOTTIE MUG,4,02/21/2020 15:00,0.55,16227.0,United Kingdom
537724,10012,ROUND SNACK BOXES SET OF 4,2,11/02/2019 16:00,0.29,,France
536733,10018,ALARM CLOCK BAKELIKE RED,14,12/05/2019 19:00,8.6,13861.0,United Kingdom
537488,10014,STRAWBERRY CERAMIC TRINKET BOX,2,11/01/2019 06:00,2.66,17664.0,United Kingdom
538164,10004,VINTAGE UNION JACK BUNTING,17,01/21/2020 08:00,3.02,14770.0,United Kingdom
538152,10016,VINTAGE SNAKES AND LADDERS,17,01/01/2020 07:00,0.71,12837.0,United Kingdom
537998,10016,VINTAGE SNAKES AND LADDERS,4,12/05/2019 12:00,1.0,14261.0,France
537291,10006,PACK OF 72 RETRO SPOT CAKE CASES,1,12/07/2019 14:00,7.12,17537.0,United Kingdom
537414,10010,LUNCH BAG WOODLAND,40,01/17/2020 06:00,14.02,17149.0,United Kingdom
536928,10016,VINTAGE SNAKES AND LADDERS,6,11/22/2019 15:00,1.32,16673.0,France
538091,10003,GLASS JAR CANDLE,3,01/01/2020 18:00,4.81,14714.0,Spain
537259,10007,REGENCY CAKESTAND 3 TIER,11,01/13/2020 15:00,2.97,16954.0,United Kingdom
537811,10009,PARTY BUNTING,8,11/29/2019 19:00,2.18,16565.0,Germany
537039,10000,WHITE HANGING HEART T-LIGHT HOLDER,15,11/28/2019 10:00,15.67,17050.0,EIRE
537753,10003,GLASS JAR CANDLE,2,12/13/2019 12:00,1.56,15659.0,United Kingdom
536785,10012,ROUND SNACK BOXES SET OF 4,6,01/11/2020 02:00,8.51,15359.0,United Kingdom
537740,10005,SET OF 3 CAKE TINS,1,12/01/2019 12:00,3.6,18089.0,United Kingdom
536451,10004,VINTAGE UNION JACK BUNTING,8,12/16/2019 12:00,2.42,17971.0,France
536561,10005,SET OF 3 CAKE TINS,4,01/05/2020 05:00,9.7,15531.0,France
537025,10002,RED WOOLLY HOTTIE MUG,5,11/23/2019 10:00,3.29,13536.0,United Kingdom
537268,10012,ROUND SNACK BOXES SET OF 4,4,01/08/2020 07:00,2.23,14775.0,United Kingdom
537698,10005,SET OF 3 CAKE TINS,3,11/17/2019 13:00,9.77,,United Kingdom
537038,10013,SPACEBOY LUNCH BOX,2,11/18/2019 02:00,8.58,,Netherlands
536399,10016,VINTAGE SNAKES AND LADDERS,9,11/29/2019 10:00,8.18,14238.0,France
536975,10009,PARTY BUNTING,18,12/05/2019 09:00,0.25,12615.0,United Kingdom
537188,10018,ALARM CLOCK BAKELIKE RED,2,11/04/2019 13:00,3.82,17232.0,United Kingdom
537384,10003,GLASS JAR CANDLE,7,02/24/2020 10:00,3.04,17984.0,United Kingdom
537572,10019,HAND WARMER OWL DESIGN,6,12/07/2019 23:00,2.38,12837.0,United Kingdom
536829,10006,PACK OF 72 RETRO SPOT CAKE CASES,4,02/05/2020 14:00,4.53,14238.0,United Kingdom
537509,10006,PACK OF 72 RETRO SPOT CAKE CASES,1,02/17/2020 06:00,3.19,14922.0,United Kingdom
537549,10019,HAND WARMER OWL DESIGN,1,02/05/2020 02:00,4.84,16863.0,United Kingdom
537821,10009,PARTY BUNTING,2,02/08/2020 19:00,1.88,16941.0,United Kingdom
537343,10014,STRAWBERRY CERAMIC TRINKET BOX,1,11/13/2019 00:00,11.0,14385.0,United Kingdom
537884,10016,VINTAGE SNAKES AND LADDERS,17,12/15/2019 15:00,5.36,14201.0,United Kingdom
536780,10008,JUMBO BAG RED RETROSPOT,6,01/29/2020 13:00,4.23,,United Kingdom
537699,10006,PACK OF 72 RETRO SPOT CAKE CASES,4,01/09/2020 02:00,4.03,13774.0,United Kingdom
536450,10009,PARTY BUNTING,1,11/01/2019 16:00,7.82,14939.0,United Kingdom
536557,10007,REGENCY CAKESTAND 3 TIER,1,01/08/2020 02:00,6.83,13905.0,United Kingdom
537986,10008,JUMBO BAG RED RETROSPOT,4,02/05/2020 13:00,2.2,,United Kingdom
537255,10004,VINTAGE UNION JACK BUNTING,29,02/08/2020 11:00,6.62,16585.0,United Kingdom
537529,10018,ALARM CLOCK BAKELIKE RED,2,12/17/2019 01:00,2.93,17022.0,United Kingdom
537496,10011,RECIPE BOX PANTRY DESIGN,10,11/29/2019 08:00,16.73,14049.0,United Kingdom
537667,10015,TRAVEL SEWING KIT,3,12/08/2019 03:00,7.37,14727.0,United Kingdom
536825,10013,SPACEBOY LUNCH BOX,4,12/06/2019 13:00,1.32,14738.0,United Kingdom
536699,10007,REGENCY CAKESTAND 3 TIER,14,12/12/2019 14:00,25.3,12477.0,Spain
536444,10006,PACK OF 72 RETRO SPOT CAKE CASES,3,12/07/2019 05:00,0.3,15587.0,Germany
537986,10019,HAND WARMER OWL DESIGN,2,12/25/2019 21:00,4.65,,United Kingdom
536784,10000,WHITE HANGING HEART T-LIGHT HOLDER,17,11/05/2019 21:00,1.23,17935.0,United Kingdom
537443,10005,SET OF 3 CAKE TINS,4,12/04/2019 00:00,16.15,,United Kingdom
537217,10014,STRAWBERRY CERAMIC TRINKET BOX,12,12/08/2019 18:00,3.17,17065.0,Belgium
536669,10010,LUNCH BAG WOODLAND,2,11/19/2019 09:00,1.11,,France
537141,10012,ROUND SNACK BOXES SET OF 4,17,02/14/2020 09:00,1.88,13446.0,Germany
536521,10000,WHITE HANGING HEART T-LIGHT HOLDER,5,01/21/2020 02:00,1.2,14417.0,United Kingdom
536696,10004,VINTAGE UNION JACK BUNTING,6,02/18/2020 11:00,1.81,17592.0,United Kingdom
536626,10011,RECIPE BOX PANTRY DESIGN,5,01/07/2020 09:00,1.77,,United Kingdom
537910,10006,PACK OF 72 RETRO SPOT CAKE CASES,2,11/14/2019 03:00,1.16,,EIRE
537428,10009,PARTY BUNTING,4,02/17/2020 14:00,3.22,16299.0,United Kingdom
538100,10019,HAND WARMER OWL DESIGN,3,12/25/2019 23:00,3.64,16773.0,United Kingdom
537182,10012,ROUND SNACK BOXES SET OF 4,11,01/22/2020 03:00,0.91,16816.0,United Kingdom
536742,10012,ROUND SNACK BOXES SET OF 4,3,12/16/2019 18:00,0.47,15416.0,United Kingdom
537506,10003,GLASS JAR CANDLE,1,12/30/2019 08:00,3.36,15921.0,EIRE
538107,10011,RECIPE BOX PANTRY DESIGN,1,12/29/2019 17:00,4.19,,United Kingdom
537363,10019,HAND WARMER OWL DESIGN,1,12/05/2019 04:00,5.1,16499.0,United Kingdom
536398,10012,ROUND SNACK BOXES SET OF 4,8,01/06/2020 14:00,4.27,16573.0,United Kingdom
536934,10015,TRAVEL SEWING KIT,1,01/28/2020 01:00,11.85,12962.0,United Kingdom
538099,10019,HAND WARMER OWL DESIGN,5,11/03/2019 10:00,6.67,,United Kingdom
537336,10018,ALARM CLOCK BAKELIKE RED,5,11/16/2019 17:00,35.87,15369.0,United Kingdom
538149,10006,PACK OF 72 RETRO SPOT CAKE CASES,4,02/10/2020 02:00,54.63,,United Kingdom
537319,10005,SET OF 3 CAKE TINS,6,01/08/2020 09:00,0.42,,United Kingdom
536387,10005,SET OF 3 CAKE TINS,5,02/25/2020 21:00,0.27,12405.0,United Kingdom
538001,10015,TRAVEL SEWING KIT,1,01/12/2020 14:00,2.44,13585.0,United Kingdom
537795,10007,REGENCY CAKESTAND 3 TIER,3,01/18/2020 10:00,4.07,13718.0,United Kingdom
537706,10016,VINTAGE SNAKES AND LADDERS,6,02/16/2020 22:00,2.28,13605.0,United Kingdom
538184,10016,VINTAGE SNAKES AND LADDERS,21,01/19/2020 06:00,4.97,15944.0,United Kingdom
536732,10013,SPACEBOY LUNCH BOX,22,12/10/2019 13:00,1.88,14848.0,United Kingdom
538063,10002,RED WOOLLY HOTTIE MUG,1,01/03/2020 09:00,1.23,13013.0,United Kingdom
536801,10014,STRAWBERRY CERAMIC TRINKET BOX,3,11/29/2019 06:00,1.43,12844.0,United Kingdom
538185,10004,VINTAGE UNION JACK BUNTING,1,12/11/2019 03:00,2.01,16239.0,United Kingdom
536723,10011,RECIPE BOX PANTRY DESIGN,19,01/21/2020 15:00,5.72,17898.0,United Kingdom
537396,10004,VINTAGE UNION JACK BUNTING,11,11/18/2019 21:00,1.51,17215.0,France
537845,10001,WOODEN PICTURE FRAME,6,01/20/2020 15:00,1.84,16847.0,Belgium
536511,10012,ROUND SNACK BOXES SET OF 4,5,01/10/2020 02:00,4.35,14236.0,United Kingdom
536490,10009,PARTY BUNTING,16,12/08/2019 00:00,2.02,16528.0,United Kingdom
537958,10012,ROUND SNACK BOXES SET OF 4,14,11/06/2019 09:00,7.51,12833.0,United Kingdom
536478,10009,PARTY BUNTING,13,01/24/2020 14:00,0.98,,Switzerland
537515,10007,REGENCY CAKESTAND 3 TIER,6,02/07/2020 23:00,0.79,13175.0,United Kingdom
538124,10000,WHITE HANGING HEART T-LIGHT HOLDER,3,01/27/2020 15:00,3.34,,France
537517,10005,SET OF 3 CAKE TINS,9,12/21/2019 12:00,3.69,14472.0,Belgium
537266,10017,WOODEN FRAME ANTIQUE WHITE,9,01/18/2020 10:00,1.04,12605.0,United Kingdom
537147,10015,TRAVEL SEWING KIT,3,12/20/2019 18:00,9.43,,United Kingdom
537561,10009,PARTY BUNTING,3,12/14/2019 00:00,16.86,16594.0,United Kingdom
537437,10000,WHITE HANGING HEART T-LIGHT HOLDER,13,12/10/2019 06:00,1.31,,United Kingdom
537305,10019,HAND WARMER OWL DESIGN,21,11/26/2019 07:00,10.88,13388.0,United Kingdom
536652,10014,STRAWBERRY CERAMIC TRINKET BOX,2,02/25/2020 08:00,0.25,17502.0,EIRE
537607,10000,WHITE HANGING HEART T-LIGHT HOLDER,3,01/19/2020 23:00,7.21,12383.0,United Kingdom
537752,10004,VINTAGE UNION JACK BUNTING,6,11/21/2019 23:00,1.04,18253.0,United Kingdom
537694,10003,GLASS JAR CANDLE,7,02/12/2020 20:00,6.53,16663.0,Netherlands
536505,10018,ALARM CLOCK BAKELIKE RED,2,11/19/2019 03:00,0.94,,France
537682,10019,HAND WARMER OWL DESIGN,27,01/11/2020 06:00,2.3,13515.0,Germany
537733,10008,JUMBO BAG RED RETROSPOT,6,11/20/2019 20:00,1.09,,United Kingdom
536708,10003,GLASS JAR CANDLE,7,12/14/2019 08:00,1.99,,Belgium
537956,10012,ROUND SNACK BOXES SET OF 4,24,01/19/2020 01:00,15.33,15117.0,Spain
537347,10005,SET OF 3 CAKE TINS,3,02/28/2020 22:00,2.21,,United Kingdom
537250,10002,RED WOOLLY HOTTIE MUG,4,02/28/2020 01:00,20.29,,United Kingdom
537720,10005,SET OF 3 CAKE TINS,1,02/16/2020 12:00,1.67,,United Kingdom
537320,10005,SET OF 3 CAKE TINS,3,11/29/2019 06:00,10.93,14280.0,United Kingdom
537386,10001,WOODEN PICTURE FRAME,1,11/12/2019 05:00,0.48,,France
536950,10014,STRAWBERRY CERAMIC TRINKET BOX,9,02/17/2020 17:00,1.85,14380.0,United Kingdom
538104,10007,REGENCY CAKESTAND 3 TIER,6,02/19/2020 19:00,1.44,13793.0,United Kingdom
538182,10011,RECIPE BOX PANTRY DESIGN,3,12/04/2019 10:00,11.45,16363.0,United Kingdom
536609,10011,RECIPE BOX PANTRY DESIGN,4,11/03/2019 07:00,2.96,16019.0,United Kingdom
537739,10015,TRAVEL SEWING KIT,9,01/17/2020 18:00,0.3,16034.0,United Kingdom
536408,10015,TRAVEL SEWING KIT,1,11/10/2019 03:00,0.66,15340.0,Belgium
537056,10011,RECIPE BOX PANTRY DESIGN,5,11/05/2019 20:00,0.89,14238.0,Portugal
538183,10016,VINTAGE SNAKES AND LADDERS,8,02/21/2020 11:00,6.26,13876.0,Netherlands
536692,10011,RECIPE BOX PANTRY DESIGN,1,12/30/2019 11:00,5.5,13050.0,Germany
537071,10000,WHITE HANGING HEART T-LIGHT HOLDER,8,11/14/2019 10:00,1.82,13449.0,United Kingdom
536776,10017,WOODEN FRAME ANTIQUE WHITE,1,01/18/2020 13:00,1.42,,France
537730,10015,TRAVEL SEWING KIT,4,12/15/2019 07:00,5.03,14758.0,United Kingdom
537234,10008,JUMBO BAG RED RETROSPOT,1,01/04/2020 09:00,0.79,16738.0,United Kingdom
537477,10007,REGENCY CAKESTAND 3 TIER,17,02/16/2020 21:00,3.89,17124.0,United Kingdom
538132,10017,WOODEN FRAME ANTIQUE WHITE,1,11/29/2019 13:00,3.57,15664.0,Netherlands
537341,10008,JUMBO BAG RED RETROSPOT,1,01/17/2020 14:00,1.87,12967.0,Portugal
537741,10007,REGENCY CAKESTAND 3 TIER,5,02/08/2020 10:00,3.66,12367.0,Germany
536548,10014,STRAWBERRY CERAMIC TRINKET BOX,3,12/21/2019 20:00,2.72,13703.0,United Kingdom
536768,10006,PACK OF 72 RETRO SPOT CAKE CASES,1,02/25/2020 10:00,4.04,14023.0,United Kingdom
538140,10008,JUMBO BAG RED RETROSPOT,7,12/24/2019 19:00,0.65,12783.0,Germany
537976,10015,TRAVEL SEWING KIT,1,12/26/2019 02:00,4.55,16971.0,United Kingdom
537596,10004,VINTAGE UNION JACK BUNTING,1,02/15/2020 03:00,6.87,14526.0,United Kingdom
537074,10000,WHITE HANGING HEART T-LIGHT HOLDER,2,01/16/2020 08:00,3.39,16757.0,United Kingdom
536739,10006,PACK OF 72 RETRO SPOT CAKE CASES,9,02/13/2020 06:00,4.49,,EIRE
537961,10003,GLASS JAR CANDLE,15,02/03/2020 21:00,2.2,,United Kingdom
537837,10007,REGENCY CAKESTAND 3 TIER,12,01/25/2020 12:00,6.0,13159.0,United Kingdom
536818,10001,WOODEN PICTURE FRAME,3,11/29/2019 23:00,2.63,15140.0,United Kingdom
537470,10011,RECIPE BOX PANTRY DESIGN,1,12/18/2019 21:00,0.78,,United Kingdom
537524,10010,LUNCH BAG WOODLAND,6,02/12/2020 18:00,5.59,14944.0,United Kingdom
537260,10005,SET OF 3 CAKE TINS,18,01/13/2020 22:00,0.48,,United Kingdom
538102,10012,ROUND SNACK BOXES SET OF 4,14,12/04/2019 15:00,3.26,16221.0,United Kingdom
536597,10002,RED WOOLLY HOTTIE MUG,6,12/10/2019 07:00,1.67,16694.0,Spain
536848,10000,WHITE HANGING HEART T-LIGHT HOLDER,1,02/02/2020 03:00,1.57,13088.0,United Kingdom
536543,10009,PARTY BUNTING,2,11/22/2019 09:00,2.92,15111.0,Spain
537664,10003,GLASS JAR CANDLE,28,11/14/2019 10:00,1.21,16037.0,Netherlands
537572,10017,WOODEN FRAME ANTIQUE WHITE,1,01/31/2020 20:00,4.11,,Switzerland
538216,10006,PACK OF 72 RETRO SPOT CAKE CASES,1,12/05/2019 14:00,2.6,17971.0,United Kingdom
537381,10008,JUMBO BAG RED RETROSPOT,10,01/31/2020 21:00,1.33,15172.0,United Kingdom
536647,10005,SET OF 3 CAKE TINS,3,01/04/2020 01:00,9.38,,EIRE
537210,10008,JUMBO BAG RED RETROSPOT,1,02/28/2020 18:00,3.02,,United Kingdom
536530,10001,WOODEN PICTURE FRAME,19,01/03/2020 00:00,4.62,14350.0,United Kingdom
537622,10018,ALARM CLOCK BAKELIKE RED,6,02/13/2020 03:00,10.14,,United Kingdom
537629,10003,GLASS JAR CANDLE,3,02/11/2020 02:00,9.98,12513.0,Portugal
537973,10007,REGENCY CAKESTAND 3 TIER,1,11/26/2019 10:00,4.39,,United Kingdom
537002,10016,VINTAGE SNAKES AND LADDERS,31,02/28/2020 13:00,1.82,12686.0,France
536946,10008,JUMBO BAG RED RETROSPOT,4,01/29/2020 12:00,0.59,14828.0,EIRE
536498,10014,STRAWBERRY CERAMIC TRINKET BOX,16,11/13/2019 20:00,3.02,17880.0,Netherlands
537143,10001,WOODEN PICTURE FRAME,10,11/01/2019 17:00,7.35,12769.0,United Kingdom
537256,10005,SET OF 3 CAKE TINS,2,12/03/2019 13:00,3.51,18141.0,United Kingdom
537779,10015,TRAVEL SEWING KIT,2,11/02/2019 22:00,0.25,17508.0,Germany
537778,10005,SET OF 3 CAKE TINS,17,12/13/2019 22:00,5.87,12379.0,United Kingdom
536627,10008,JUMBO BAG RED RETROSPOT,18,02/28/2020 14:00,6.24,12437.0,France
536899,10001,WOODEN PICTURE FRAME,1,12/28/2019 11:00,1.82,17696.0,United Kingdom
537324,10010,LUNCH BAG WOODLAND,7,11/03/2019 20:00,6.61,15823.0,Belgium
536993,10006,PACK OF 72 RETRO SPOT CAKE CASES,4,12/30/2019 06:00,4.61,13379.0,United Kingdom
536412,10017,WOODEN FRAME ANTIQUE WHITE,1,11/27/2019 07:00,1.24,18012.0,United Kingdom
537950,10007,REGENCY CAKESTAND 3 TIER,5,02/11/2020 18:00,8.77,15681.0,Germany
537736,10016,VINTAGE SNAKES AND LADDERS,1,11/11/2019 20:00,0.69,16119.0,United Kingdom
537340,10018,ALARM CLOCK BAKELIKE RED,3,02/01/2020 11:00,2.32,16374.0,United Kingdom
536960,10016,VINTAGE SNAKES AND LADDERS,2,12/24/2019 12:00,2.1,13543.0,United Kingdom
537945,10014,STRAWBERRY CERAMIC TRINKET BOX,2,11/03/2019 06:00,1.08,,United Kingdom
536431,10011,RECIPE BOX PANTRY DESIGN,4,01/20/2020 19:00,3.33,13110.0,United Kingdom
537201,10009,PARTY BUNTING,1,12/25/2019 14:00,9.12,15488.0,Spain
537866,10001,WOODEN PICTURE FRAME,20,02/01/2020 14:00,8.57,18211.0,United Kingdom
538151,10002,RED WOOLLY HOTTIE MUG,7,01/14/2020 04:00,5.07,16074.0,United Kingdom
536836,10007,REGENCY CAKESTAND 3 TIER,24,02/03/2020 12:00,0.45,,EIRE
537585,10013,SPACEBOY LUNCH BOX,3,12/26/2019 06:00,0.65,13498.0,Germany
536720,10000,WHITE HANGING HEART T-LIGHT HOLDER,2,11/01/2019 22:00,2.9,15565.0,United Kingdom
536582,10018,ALARM CLOCK BAKELIKE RED,24,11/16/2019 16:00,2.38,,United Kingdom
537026,10019,HAND WARMER OWL DESIGN,2,12/26/2019 02:00,1.49,,United Kingdom
538024,10001,WOODEN PICTURE FRAME,3,12/18/2019 17:00,16.53,13557.0,United Kingdom
537657,10001,WOODEN PICTURE FRAME,8,02/04/2020 08:00,2.73,16622.0,United Kingdom
537282,10016,VINTAGE SNAKES AND LADDERS,1,12/20/2019 09:00,4.23,12407.0,United Kingdom
536895,10003,GLASS JAR CANDLE,8,02/12/2020 06:00,6.61,,United Kingdom
536630,10003,GLASS JAR CANDLE,7,11/23/2019 12:00,2.6,17955.0,United Kingdom
536872,10003,GLASS JAR CANDLE,14,12/17/2019 04:00,32.82,,Germany
536651,10014,STRAWBERRY CERAMIC TRINKET BOX,10,01/30/2020 18:00,0.96,,EIRE
536715,10002,RED WOOLLY HOTTIE MUG,15,11/15/2019 21:00,1.34,14306.0,Germany
537654,10003,GLASS JAR CANDLE,4,12/09/2019 13:00,0.96,14714.0,Spain
536613,10007,REGENCY CAKESTAND 3 TIER,2,01/30/2020 06:00,11.74,13879.0,Switzerland
536453,10012,ROUND SNACK BOXES SET OF 4,33,01/10/2020 16:00,5.49,13983.0,United Kingdom
537381,10019,HAND WARMER OWL DESIGN,1,02/02/2020 09:00,1.43,16865.0,United Kingdom
536902,10004,VINTAGE UNION JACK BUNTING,1,01/01/2020 21:00,1.04,12499.0,United Kingdom
537217,10005,SET OF 3 CAKE TINS,7,02/12/2020 03:00,9.82,13115.0,United Kingdom
536627,10010,LUNCH BAG WOODLAND,21,02/14/2020 07:00,3.53,13917.0,EIRE
536758,10008,JUMBO BAG RED RETROSPOT,5,02/25/2020 23:00,10.08,,Spain
537192,10012,ROUND SNACK BOXES SET OF 4,11,11/15/2019 15:00,2.32,14682.0,United Kingdom
537658,10004,VINTAGE UNION JACK BUNTING,1,01/10/2020 23:00,4.1,12552.0,United Kingdom
537141,10012,ROUND SNACK BOXES SET OF 4,2,11/14/2019 17:00,3.32,15437.0,United Kingdom
537380,10018,ALARM CLOCK BAKELIKE RED,1,11/28/2019 11:00,1.32,16073.0,United Kingdom
537343,10013,SPACEBOY LUNCH BOX,9,12/07/2019 01:00,2.13,15064.0,United Kingdom
536869,10014,STRAWBERRY CERAMIC TRINKET BOX,1,01/17/2020 13:00,0.75,12872.0,United Kingdom
536889,10001,WOODEN PICTURE FRAME,1,12/22/2019 18:00,4.03,17568.0,France
537163,10018,ALARM CLOCK BAKELIKE RED,7,02/12/2020 19:00,5.27,17444.0,Australia
536425,10014,STRAWBERRY CERAMIC TRINKET BOX,12,12/06/2019 20:00,6.62,,United Kingdom
537650,10012,ROUND SNACK BOXES SET OF 4,3,01/14/2020 02:00,4.79,,United Kingdom
537516,10003,GLASS JAR CANDLE,7,01/31/2020 14:00,2.16,14230.0,United Kingdom
536938,10011,RECIPE BOX PANTRY DESIGN,7,02/26/2020 16:00,11.61,14851.0,United Kingdom
537065,10013,SPACEBOY LUNCH BOX,3,11/30/2019 10:00,6.0,18046.0,Switzerland
536981,10012,ROUND SNACK BOXES SET OF 4,1,01/28/2020 01:00,9.86,15018.0,Belgium
537586,10002,RED WOOLLY HOTTIE MUG,7,11/11/2019 04:00,10.5,17484.0,Belgium
537789,10000,WHITE HANGING HEART T-LIGHT HOLDER,7,01/05/2020 05:00,2.17,16194.0,United Kingdom
536568,10009,PARTY BUNTING,10,12/20/2019 16:00,3.63,17857.0,United Kingdom
537139,10014,STRAWBERRY CERAMIC TRINKET BOX,6,02/24/2020 01:00,5.34,12407.0,United Kingdom
536390,10007,REGENCY CAKESTAND 3 TIER,1,02/01/2020 20:00,0.78,16542.0,United Kingdom
537212,10013,SPACEBOY LUNCH BOX,8,02/20/2020 07:00,0.8,17103.0,United Kingdom
536830,10019,HAND WARMER OWL DESIGN,4,02/11/2020 02:00,0.67,13523.0,Belgium
536994,10017,WOODEN FRAME ANTIQUE WHITE,3,12/20/2019 07:00,2.21,16715.0,United Kingdom
537221,10012,ROUND SNACK BOXES SET OF 4,3,01/28/2020 00:00,1.76,13505.0,United Kingdom
536971,10014,STRAWBERRY CERAMIC TRINKET BOX,2,11/04/2019 15:00,0.59,,United Kingdom
537103,10001,WOODEN PICTURE FRAME,10,01/06/2020 23:00,2.86,17744.0,France
537798,10001,WOODEN PICTURE FRAME,1,11/06/2019 16:00,2.24,12368.0,United Kingdom
537884,10014,STRAWBERRY CERAMIC TRINKET BOX,2,01/26/2020 22:00,8.02,15358.0,United Kingdom
536375,10016,VINTAGE SNAKES AND LADDERS,3,02/25/2020 01:00,18.41,14618.0,United Kingdom
537073,10003,GLASS JAR CANDLE,20,01/21/2020 19:00,3.88,17636.0,United Kingdom
537952,10011,RECIPE BOX PANTRY DESIGN,12,02/09/2020 19:00,1.23,,France
537359,10005,SET OF 3 CAKE TINS,1,11/29/2019 03:00,4.7,16626.0,EIRE
536749,10002,RED WOOLLY HOTTIE MUG,16,02/28/2020 07:00,2.48,13039.0,United Kingdom
537477,10007,REGENCY CAKESTAND 3 TIER,16,01/06/2020 02:00,1.93,13608.0,United Kingdom
536636,10008,JUMBO BAG RED RETROSPOT,1,01/20/2020 23:00,1.04,,Spain
536405,10015,TRAVEL SEWING KIT,1,02/01/2020 12:00,1.55,14631.0,United Kingdom
537550,10017,WOODEN FRAME ANTIQUE WHITE,1391,01/16/2020 18:00,2.06,16895.0,United Kingdom
537330,10018,ALARM CLOCK BAKELIKE RED,12,12/09/2019 01:00,5.5,18095.0,United Kingdom
537783,10002,RED WOOLLY HOTTIE MUG,20,01/13/2020 09:00,4.1,18080.0,United Kingdom
537011,10018,ALARM CLOCK BAKELIKE RED,2,01/18/2020 12:00,15.27,12462.0,France
537966,10010,LUNCH BAG WOODLAND,23,02/11/2020 21:00,4.83,13728.0,Germany
537154,10003,GLASS JAR CANDLE,1,12/28/2019 19:00,3.76,16591.0,United Kingdom
537748,10012,ROUND SNACK BOXES SET OF 4,3,12/31/2019 05:00,1.81,17852.0,United Kingdom
536553,10001,WOODEN PICTURE FRAME,3,12/31/2019 09:00,0.87,18160.0,France
536547,10009,PARTY BUNTING,13,11/14/2019 17:00,1.39,16625.0,France
537832,10016,VINTAGE SNAKES AND LADDERS,15,11/11/2019 19:00,1.22,12964.0,United Kingdom
537928,10019,HAND WARMER OWL DESIGN,11,11/03/2019 10:00,0.25,16757.0,United Kingdom
538132,10005,SET OF 3 CAKE TINS,1,01/19/2020 23:00,0.9,13961.0,United Kingdom
536973,10003,GLASS JAR CANDLE,10,12/21/2019 06:00,12.21,17149.0,United Kingdom
536406,10011,RECIPE BOX PANTRY DESIGN,7,02/12/2020 22:00,3.56,15595.0,Australia
538202,10003,GLASS JAR CANDLE,1,01/24/2020 07:00,1.69,13438.0,United Kingdom
537492,10019,HAND WARMER OWL DESIGN,1,11/17/2019 23:00,3.66,,Spain
536828,10006,,11,11/13/2019 00:00,0.35,18220.0,United Kingdom
537797,10003,GLASS JAR CANDLE,3,12/14/2019 22:00,3.26,15355.0,Spain
538059,10004,VINTAGE UNION JACK BUNTING,1,02/19/2020 13:00,8.82,,United Kingdom
536899,10007,REGENCY CAKESTAND 3 TIER,3,11/06/2019 20:00,2.18,12700.0,United Kingdom
537808,10014,STRAWBERRY CERAMIC TRINKET BOX,6,11/23/2019 11:00,0.42,13957.0,United Kingdom
537841,10017,WOODEN FRAME ANTIQUE WHITE,4,11/04/2019 13:00,1.63,13101.0,United Kingdom
537305,10014,STRAWBERRY CERAMIC TRINKET BOX,1,12/20/2019 15:00,8.84,14032.0,United Kingdom
537550,10012,ROUND SNACK BOXES SET OF 4,27,02/27/2020 19:00,3.19,14579.0,United Kingdom
536870,10005,SET OF 3 CAKE TINS,11,01/22/2020 01:00,0.6,,United Kingdom
538107,10018,ALARM CLOCK BAKELIKE RED,3,12/30/2019 05:00,26.25,14262.0,United Kingdom
538208,10019,HAND WARMER OWL DESIGN,3,11/18/2019 08:00,0.7,15582.0,United Kingdom
538204,10012,ROUND SNACK BOXES SET OF 4,6,12/13/2019 16:00,1.93,13651.0,United Kingdom
537747,10015,TRAVEL SEWING KIT,1,01/02/2020 23:00,0.87,,United Kingdom
536444,10006,PACK OF 72 RETRO SPOT CAKE CASES,6,12/03/2019 23:00,0.87,17337.0,United Kingdom
537052,10008,JUMBO BAG RED RETROSPOT,1,01/24/2020 15:00,1.56,15686.0,United Kingdom
537199,10016,VINTAGE SNAKES AND LADDERS,4,02/26/2020 15:00,4.65,12505.0,United Kingdom
538164,10008,JUMBO BAG RED RETROSPOT,1,11/25/2019 17:00,8.94,,United Kingdom
537390,10015,TRAVEL SEWING KIT,1,12/01/2019 06:00,1.67,,United Kingdom
537370,10017,WOODEN FRAME ANTIQUE WHITE,21,11/16/2019 03:00,0.9,13416.0,United Kingdom
536640,10018,ALARM CLOCK BAKELIKE RED,4,01/27/2020 02:00,3.97,17821.0,United Kingdom
537853,10005,SET OF 3 CAKE TINS,5,12/26/2019 10:00,4.09,14103.0,United Kingdom
536995,10009,PARTY BUNTING,1,12/05/2019 01:00,3.13,16089.0,United Kingdom
536537,10007,REGENCY CAKESTAND 3 TIER,2,11/27/2019 07:00,3.24,15168.0,Germany
538216,10010,LUNCH BAG WOODLAND,6,11/09/2019 11:00,2.2,16061.0,United Kingdom
536721,10014,STRAWBERRY CERAMIC TRINKET BOX,5,12/28/2019 03:00,2.71,17083.0,Germany
536395,10006,PACK OF 72 RETRO SPOT CAKE CASES,1,01/22/2020 00:00,2.05,13231.0,United Kingdom
536510,10004,VINTAGE UNION JACK BUNTING,5,11/29/2019 05:00,7.17,14438.0,United Kingdom
537213,10005,SET OF 3 CAKE TINS,6,11/01/2019 04:00,22.84,15722.0,United Kingdom
536557,10015,TRAVEL SEWING KIT,15,12/27/2019 19:00,2.94,13894.0,United Kingdom
537944,10019,HAND WARMER OWL DESIGN,2,01/21/2020 02:00,2.44,14574.0,Netherlands
537325,10002,RED WOOLLY HOTTIE MUG,1,12/12/2019 09:00,3.18,17608.0,EIRE
536972,10019,HAND WARMER OWL DESIGN,1,12/01/2019 01:00,1.27,13706.0,United Kingdom
536370,10000,WHITE HANGING HEART T-LIGHT HOLDER,1,11/19/2019 12:00,5.29,13473.0,Netherlands
537264,10010,LUNCH BAG WOODLAND,8,01/29/2020 13:00,3.82,,EIRE
536648,10002,RED WOOLLY HOTTIE MUG,1,02/12/2020 10:00,1.62,,United Kingdom
538198,10019,HAND WARMER OWL DESIGN,3,02/01/2020 09:00,6.06,,United Kingdom
536910,10015,TRAVEL SEWING KIT,17,01/02/2020 04:00,2.51,17512.0,United Kingdom
537255,10007,REGENCY CAKESTAND 3 TIER,4,01/26/2020 22:00,0.93,13988.0,EIRE
536399,10013,SPACEBOY LUNCH BOX,10,12/18/2019 15:00,3.5,13061.0,EIRE
536610,10016,VINTAGE SNAKES AND LADDERS,1,11/03/2019 22:00,3.12,16243.0,Germany
536754,10004,VINTAGE UNION JACK BUNTING,1,12/15/2019 02:00,6.43,15203.0,United Kingdom
536461,10012,ROUND SNACK BOXES SET OF 4,17,01/24/2020 11:00,5.65,15049.0,Belgium
537726,10005,SET OF 3 CAKE TINS,4,01/17/2020 16:00,2.21,14950.0,EIRE
538137,10014,STRAWBERRY CERAMIC TRINKET BOX,4,02/27/2020 20:00,1.53,13211.0,Spain
538212,10011,RECIPE BOX PANTRY DESIGN,1,02/28/2020 17:00,2.46,17446.0,United Kingdom
536863,10014,STRAWBERRY CERAMIC TRINKET BOX,4,11/30/2019 03:00,3.54,12353.0,Germany
537843,10012,ROUND SNACK BOXES SET OF 4,1,11/02/2019 03:00,3.99,15216.0,United Kingdom
537310,10012,ROUND SNACK BOXES SET OF 4,13,12/03/2019 22:00,3.32,,United Kingdom
536450,10001,WOODEN PICTURE FRAME,62,02/14/2020 04:00,2.25,16158.0,United Kingdom
536535,10017,WOODEN FRAME ANTIQUE WHITE,7,02/06/2020 15:00,6.66,15607.0,United Kingdom
537392,10003,GLASS JAR CANDLE,2,11/12/2019 20:00,1.25,,United Kingdom
537159,10007,REGENCY CAKESTAND 3 TIER,1,11/20/2019 06:00,29.35,15521.0,United Kingdom
536380,10010,LUNCH BAG WOODLAND,1,01/07/2020 15:00,5.28,13694.0,United Kingdom
538108,10016,VINTAGE SNAKES AND LADDERS,19,01/19/2020 07:00,0.8,13124.0,Spain
537734,10012,ROUND SNACK BOXES SET OF 4,1,02/26/2020 22:00,2.96,,United Kingdom
537307,10003,GLASS JAR CANDLE,3,01/30/2020 15:00,5.33,15991.0,Spain
538215,10005,SET OF 3 CAKE TINS,8,11/26/2019 10:00,1.73,16230.0,France
538185,10003,GLASS JAR CANDLE,18,11/05/2019 11:00,0.55,18280.0,United Kingdom
538191,10011,RECIPE BOX PANTRY DESIGN,3,01/16/2020 01:00,0.87,17717.0,Germany
536850,10014,STRAWBERRY CERAMIC TRINKET BOX,3,01/06/2020 11:00,4.23,15820.0,United Kingdom
538016,10014,STRAWBERRY CERAMIC TRINKET BOX,4,02/19/2020 15:00,0.43,17053.0,Belgium
537311,10015,TRAVEL SEWING KIT,2,01/09/2020 03:00,0.58,,United Kingdom
537726,10014,STRAWBERRY CERAMIC TRINKET BOX,2,12/31/2019 04:00,4.21,13759.0,United Kingdom
537976,10018,ALARM CLOCK BAKELIKE RED,6,12/07/2019 10:00,1.97,16045.0,United Kingdom
536671,10018,ALARM CLOCK BAKELIKE RED,5,11/11/2019 08:00,1.23,,United Kingdom
537205,10005,SET OF 3 CAKE TINS,34,02/14/2020 04:00,1.5,17572.0,United Kingdom
536606,10006,PACK OF 72 RETRO SPOT CAKE CASES,6,02/08/2020 03:00,0.57,,Germany
536889,10001,WOODEN PICTURE FRAME,13,11/20/2019 12:00,3.99,17966.0,United Kingdom
537140,10005,SET OF 3 CAKE TINS,1,01/24/2020 11:00,1.1,13519.0,United Kingdom
537969,10010,LUNCH BAG WOODLAND,7,12/14/2019 17:00,1.44,12589.0,Spain
537982,10013,SPACEBOY LUNCH BOX,2,12/23/2019 11:00,3.48,14741.0,United Kingdom
537096,10017,WOODEN FRAME ANTIQUE WHITE,6,02/10/2020 21:00,1.9,,United Kingdom
536982,10011,RECIPE BOX PANTRY DESIGN,8,02/10/2020 01:00,1.22,,France
537360,10019,HAND WARMER OWL DESIGN,4,11/23/2019 21:00,0.34,13033.0,France
538074,10011,RECIPE BOX PANTRY DESIGN,45,12/07/2019 22:00,3.55,15522.0,United Kingdom
538195,10017,WOODEN FRAME ANTIQUE WHITE,17,02/07/2020 14:00,2.66,,United Kingdom
536790,10016,VINTAGE SNAKES AND LADDERS,13,02/19/2020 01:00,1.47,13004.0,United Kingdom
536714,10009,PARTY BUNTING,9,11/10/2019 11:00,0.87,12616.0,United Kingdom
537690,10017,WOODEN FRAME ANTIQUE WHITE,24,02/09/2020 01:00,2.49,15634.0,United Kingdom
536930,10017,WOODEN FRAME ANTIQUE WHITE,1,12/29/2019 17:00,3.98,17708.0,United Kingdom
536739,10006,PACK OF 72 RETRO SPOT CAKE CASES,16,01/10/2020 20:00,2.71,12442.0,United Kingdom
536423,10004,VINTAGE UNION JACK BUNTING,2,11/10/2019 01:00,12.66,12468.0,United Kingdom
537121,10002,RED WOOLLY HOTTIE MUG,2,01/21/2020 16:00,4.98,17844.0,United Kingdom
537099,10018,ALARM CLOCK BAKELIKE RED,7,01/21/2020 09:00,2.21,15925.0,United Kingdom
537420,10008,JUMBO BAG RED RETROSPOT,14,01/19/2020 13:00,5.15,16513.0,United Kingdom
536740,10011,RECIPE BOX PANTRY DESIGN,1,02/03/2020 21:00,2.58,,Spain
537704,10005,SET OF 3 CAKE TINS,2,02/22/2020 13:00,2.57,14201.0,United Kingdom
537640,10007,REGENCY CAKESTAND 3 TIER,4,02/11/2020 00:00,8.99,,United Kingdom
537231,10008,JUMBO BAG RED RETROSPOT,3,01/29/2020 09:00,1.0,13617.0,EIRE
536704,10011,RECIPE BOX PANTRY DESIGN,10,02/26/2020 19:00,2.52,14971.0,United Kingdom
537315,10003,GLASS JAR CANDLE,126,01/20/2020 23:00,8.08,,United Kingdom
537630,10015,TRAVEL SEWING KIT,6,01/20/2020 16:00,3.35,16795.0,United Kingdom
537063,10007,REGENCY CAKESTAND 3 TIER,2,01/05/2020 01:00,1.7,17509.0,United Kingdom
536859,10004,VINTAGE UNION JACK BUNTING,1,02/01/2020 07:00,0.45,15296.0,United Kingdom
537314,10000,WHITE HANGING HEART T-LIGHT HOLDER,3,11/09/2019 13:00,0.25,17024.0,EIRE
537031,10002,RED WOOLLY HOTTIE MUG,2,12/31/2019 17:00,19.61,,United Kingdom
537115,10005,SET OF 3 CAKE TINS,6,12/22/2019 01:00,3.35,16014.0,Switzerland
537019,10014,STRAWBERRY CERAMIC TRINKET BOX,6,02/18/2020 13:00,1.37,16684.0,United Kingdom
536933,10017,WOODEN FRAME ANTIQUE WHITE,3,11/09/2019 17:00,3.49,17246.0,United Kingdom
537708,10019,HAND WARMER OWL DESIGN,30,01/17/2020 06:00,0.95,17846.0,United Kingdom
537227,10005,SET OF 3 CAKE TINS,2,11/23/2019 03:00,1.77,12972.0,United Kingdom
537239,10012,ROUND SNACK BOXES SET OF 4,4,02/15/2020 01:00,0.96,17062.0,EIRE
537589,10005,SET OF 3 CAKE TINS,8,02/11/2020 06:00,0.6,,United Kingdom
537042,10002,RED WOOLLY HOTTIE MUG,10,11/29/2019 06:00,0.3,16722.0,United Kingdom
536554,10010,LUNCH BAG WOODLAND,15,02/13/2020 15:00,0.5,12433.0,United Kingdom
537963,10012,ROUND SNACK BOXES SET OF 4,6,12/30/2019 15:00,6.83,15243.0,United Kingdom
536469,10015,TRAVEL SEWING KIT,12,02/25/2020 13:00,0.92,18054.0,United Kingdom
537437,10002,RED WOOLLY HOTTIE MUG,2,01/27/2020 14:00,4.2,17694.0,United Kingdom
536863,10014,STRAWBERRY CERAMIC TRINKET BOX,10,11/05/2019 03:00,6.4,13717.0,United Kingdom
536765,10006,PACK OF 72 RETRO SPOT CAKE CASES,10,11/25/2019 08:00,2.5,15235.0,United Kingdom
536443,10005,SET OF 3 CAKE TINS,18,12/19/2019 10:00,1.82,17478.0,France
538052,10000,WHITE HANGING HEART T-LIGHT HOLDER,1,11/26/2019 08:00,2.81,17872.0,United Kingdom
537169,10004,VINTAGE UNION JACK BUNTING,2,11/16/2019 21:00,1.62,,United Kingdom
537007,10009,PARTY BUNTING,9,02/26/2020 09:00,8.2,17116.0,Germany
537754,10003,GLASS JAR CANDLE,1,02/13/2020 07:00,16.06,17305.0,United Kingdom
536438,10006,PACK OF 72 RETRO SPOT CAKE CASES,7,12/23/2019 04:00,10.48,13238.0,Switzerland
537423,10010,LUNCH BAG WOODLAND,12,11/26/2019 19:00,0.29,,United Kingdom
537292,10001,WOODEN PICTURE FRAME,2,11/22/2019 19:00,1.59,12625.0,United Kingdom
537402,10017,WOODEN FRAME ANTIQUE WHITE,3,02/18/2020 22:00,2.47,13209.0,United Kingdom
536597,10006,PACK OF 72 RETRO SPOT CAKE CASES,1,12/10/2019 18:00,3.91,16747.0,United Kingdom
538151,10015,TRAVEL SEWING KIT,2,11/02/2019 12:00,0.44,14660.0,EIRE
536812,10012,ROUND SNACK BOXES SET OF 4,2,12/18/2019 16:00,0.43,,United Kingdom
537637,10015,TRAVEL SEWING KIT,2,12/25/2019 12:00,9.09,12879.0,Belgium
537765,10005,SET OF 3 CAKE TINS,2,01/14/2020 19:00,1.41,15923.0,United Kingdom
537009,10003,GLASS JAR CANDLE,3,12/11/2019 15:00,0.56,16772.0,United Kingdom
536610,10002,RED WOOLLY HOTTIE MUG,3,02/19/2020 19:00,0.82,18145.0,EIRE
536921,10004,VINTAGE UNION JACK BUNTING,26,01/17/2020 06:00,3.63,14242.0,United Kingdom
537878,10010,LUNCH BAG WOODLAND,3,02/27/2020 10:00,1.08,15586.0,United Kingdom
538064,10012,ROUND SNACK BOXES SET OF 4,6,12/15/2019 01:00,3.13,15216.0,France
538121,10015,TRAVEL SEWING KIT,2,01/18/2020 05:00,0.92,14412.0,Spain
536789,10019,HAND WARMER OWL DESIGN,2,12/14/2019 20:00,0.43,16147.0,United Kingdom
537502,10016,VINTAGE SNAKES AND LADDERS,1,01/24/2020 00:00,10.22,,United Kingdom
536648,10007,REGENCY CAKESTAND 3 TIER,1,01/29/2020 12:00,3.66,17294.0,France
537696,10009,PARTY BUNTING,1,12/09/2019 15:00,1.76,12514.0,United Kingdom
537144,10019,HAND WARMER OWL DESIGN,5,02/21/2020 13:00,1.46,13664.0,United Kingdom
537702,10014,STRAWBERRY CERAMIC TRINKET BOX,12,02/11/2020 21:00,10.64,15787.0,Germany
537649,10008,JUMBO BAG RED RETROSPOT,1,02/16/2020 09:00,4.44,15754.0,Germany
538226,10016,VINTAGE SNAKES AND LADDERS,2,11/27/2019 03:00,7.74,17707.0,United Kingdom
537281,10002,RED WOOLLY HOTTIE MUG,1,01/26/2020 04:00,1.37,16355.0,United Kingdom
537005,10013,SPACEBOY LUNCH BOX,3,11/13/2019 18:00,2.59,12371.0,Germany
537352,10018,ALARM CLOCK BAKELIKE RED,12,11/13/2019 15:00,3.68,15251.0,Switzerland
536670,10010,LUNCH BAG WOODLAND,3,02/25/2020 19:00,1.42,17367.0,France
536574,10012,ROUND SNACK BOXES SET OF 4,4,11/19/2019 08:00,2.24,17533.0,United Kingdom
537338,10001,WOODEN PICTURE FRAME,17,02/12/2020 17:00,1.37,17110.0,United Kingdom
537912,10012,ROUND SNACK BOXES SET OF 4,6,12/22/2019 17:00,3.67,15182.0,Germany
537364,10005,SET OF 3 CAKE TINS,2,12/07/2019 10:00,0.66,12976.0,United Kingdom
537831,10019,HAND WARMER OWL DESIGN,5,11/09/2019 19:00,4.36,,United Kingdom
536698,10006,PACK OF 72 RETRO SPOT CAKE CASES,2,01/21/2020 01:00,3.36,17377.0,United Kingdom
537207,10006,PACK OF 72 RETRO SPOT CAKE CASES,6,01/26/2020 14:00,2.01,14369.0,Germany
537514,10007,REGENCY CAKESTAND 3 TIER,7,12/27/2019 01:00,3.86,16882.0,United Kingdom
537016,10013,SPACEBOY LUNCH BOX,1,02/06/2020 05:00,1.71,12560.0,United Kingdom
536391,10019,HAND WARMER OWL DESIGN,5,12/09/2019 18:00,1.26,15263.0,United Kingdom
536502,10006,PACK OF 72 RETRO SPOT CAKE CASES,4,01/06/2020 05:00,4.24,17992.0,Switzerland
538104,10004,VINTAGE UNION JACK BUNTING,7,12/05/2019 10:00,4.42,13802.0,United Kingdom
537499,10015,TRAVEL SEWING KIT,9,01/09/2020 21:00,1.48,,United Kingdom
536861,10010,LUNCH BAG WOODLAND,7,11/17/2019 07:00,1.36,14057.0,United Kingdom
536850,10009,PARTY BUNTING,3,12/28/2019 03:00,2.05,12720.0,United Kingdom
536439,10019,HAND WARMER OWL DESIGN,10,01/05/2020 22:00,1.42,15983.0,Germany
538136,10009,PARTY BUNTING,2,01/06/2020 19:00,11.3,13485.0,Australia
536567,10012,ROUND SNACK BOXES SET OF 4,1,12/24/2019 14:00,3.38,13809.0,France
537788,10019,HAND WARMER OWL DESIGN,1,01/17/2020 06:00,2.5,15837.0,United Kingdom
536815,10004,VINTAGE UNION JACK BUNTING,4,01/01/2020 11:00,0.97,14278.0,United Kingdom
536994,10018,ALARM CLOCK BAKELIKE RED,2,12/05/2019 00:00,5.15,16210.0,United Kingdom
536878,10019,HAND WARMER OWL DESIGN,6,11/26/2019 20:00,1.33,17876.0,United Kingdom
537910,10009,PARTY BUNTING,1,01/17/2020 18:00,1.28,17878.0,United Kingdom
536426,10006,PACK OF 72 RETRO SPOT CAKE CASES,2,02/21/2020 16:00,5.33,16678.0,United Kingdom
537025,10003,GLASS JAR CANDLE,6,01/30/2020 09:00,3.62,18101.0,United Kingdom
536888,10000,WHITE HANGING HEART T-LIGHT HOLDER,1,01/16/2020 15:00,0.25,16719.0,United Kingdom
536876,10019,HAND WARMER OWL DESIGN,6,02/19/2020 14:00,2.1,12749.0,United Kingdom
536726,10008,JUMBO BAG RED RETROSPOT,2,02/16/2020 23:00,2.79,18025.0,France
538075,10013,SPACEBOY LUNCH BOX,4,12/31/2019 19:00,1.75,,United Kingdom
537074,10004,VINTAGE UNION JACK BUNTING,7,11/14/2019 02:00,2.89,12380.0,France
537149,10006,PACK OF 72 RETRO SPOT CAKE CASES,11,01/16/2020 03:00,0.4,16032.0,United Kingdom
537087,10016,VINTAGE SNAKES AND LADDERS,4,01/14/2020 18:00,0.25,13798.0,Spain
538202,10013,SPACEBOY LUNCH BOX,2,12/04/2019 07:00,0.93,15520.0,United Kingdom
537000,10004,VINTAGE UNION JACK BUNTING,3,02/10/2020 23:00,3.26,16255.0,United Kingdom
537005,10000,WHITE HANGING HEART T-LIGHT HOLDER,8,02/13/2020 10:00,0.25,12511.0,Germany
536979,10016,VINTAGE SNAKES AND LADDERS,1,12/10/2019 17:00,1.06,14949.0,Germany
536978,10001,WOODEN PICTURE FRAME,3,12/28/2019 05:00,0.36,12675.0,Germany
536533,10000,WHITE HANGING HEART T-LIGHT HOLDER,3,11/24/2019 10:00,1.93,13016.0,Spain
537498,10006,PACK OF 72 RETRO SPOT CAKE CASES,4,11/22/2019 09:00,17.42,,Switzerland
536412,10018,ALARM CLOCK BAKELIKE RED,1,12/02/2019 19:00,1.98,16987.0,United Kingdom
536788,10012,ROUND SNACK BOXES SET OF 4,1,12/14/2019 21:00,2.21,14800.0,United Kingdom
536743,10000,WHITE HANGING HEART T-LIGHT HOLDER,7,12/03/2019 18:00,5.69,12625.0,United Kingdom
536911,10018,ALARM CLOCK BAKELIKE RED,11,11/19/2019 04:00,2.51,,United Kingdom
537783,10018,ALARM CLOCK BAKELIKE RED,1,12/24/2019 16:00,1.98,15577.0,United Kingdom
537489,10013,SPACEBOY LUNCH BOX,6,01/14/2020 20:00,6.21,,United Kingdom
538222,10001,WOODEN PICTURE FRAME,12,12/10/2019 03:00,3.94,15687.0,United Kingdom
537023,10000,WHITE HANGING HEART T-LIGHT HOLDER,7,01/04/2020 01:00,3.28,13823.0,United Kingdom
538105,10017,WOODEN FRAME ANTIQUE WHITE,3,12/03/2019 13:00,2.14,,United Kingdom
536449,10016,VINTAGE SNAKES AND LADDERS,2,01/24/2020 11:00,1.74,17975.0,United Kingdom
537310,10016,VINTAGE SNAKES AND LADDERS,4,01/17/2020 20:00,6.15,14221.0,United Kingdom
537862,10009,PARTY BUNTING,5,02/24/2020 05:00,1.76,16774.0,United Kingdom
537362,10011,RECIPE BOX PANTRY DESIGN,4,11/07/2019 08:00,8.43,12486.0,United Kingdom
538114,10003,GLASS JAR CANDLE,3,02/11/2020 09:00,0.86,14764.0,United Kingdom
536954,10000,WHITE HANGING HEART T-LIGHT HOLDER,1,12/11/2019 20:00,10.32,17627.0,France
536427,10004,VINTAGE UNION JACK BUNTING,6,11/08/2019 22:00,3.94,12789.0,Belgium
537816,10012,ROUND SNACK BOXES SET OF 4,6,01/22/2020 19:00,0.93,17866.0,EIRE
536492,10008,JUMBO BAG RED RETROSPOT,5,11/21/2019 14:00,4.09,12902.0,EIRE
537798,10012,ROUND SNACK BOXES SET OF 4,5,11/22/2019 02:00,1.28,15209.0,Germany
537740,10008,JUMBO BAG RED RETROSPOT,22,02/26/2020 14:00,2.54,13421.0,Netherlands
537948,10011,RECIPE BOX PANTRY DESIGN,2,11/27/2019 12:00,1.51,12468.0,Spain
537262,10019,HAND WARMER OWL DESIGN,15,01/05/2020 16:00,2.15,,United Kingdom
538044,10012,ROUND SNACK BOXES SET OF 4,2,11/25/2019 02:00,6.31,15796.0,United Kingdom
536683,10019,HAND WARMER OWL DESIGN,12,11/15/2019 21:00,4.13,16637.0,United Kingdom
537179,10019,HAND WARMER OWL DESIGN,14,11/01/2019 02:00,0.8,14222.0,EIRE
536593,10012,ROUND SNACK BOXES SET OF 4,3,11/02/2019 22:00,0.85,15271.0,United Kingdom
537802,10019,HAND WARMER OWL DESIGN,21,12/27/2019 20:00,3.22,13430.0,United Kingdom
537704,10004,VINTAGE UNION JACK BUNTING,6,12/23/2019 02:00,3.47,16680.0,United Kingdom
537876,10010,LUNCH BAG WOODLAND,2,11/05/2019 16:00,1.25,13349.0,EIRE
537798,10001,WOODEN PICTURE FRAME,3,12/12/2019 23:00,12.08,17461.0,United Kingdom
536943,10001,WOODEN PICTURE FRAME,13,12/03/2019 18:00,5.55,13410.0,Netherlands
536492,10002,RED WOOLLY HOTTIE MUG,10,01/08/2020 13:00,1.32,16291.0,United Kingdom
538107,10002,RED WOOLLY HOTTIE MUG,1,02/28/2020 10:00,1.19,14311.0,United Kingdom
537289,10008,JUMBO BAG RED RETROSPOT,4,01/23/2020 00:00,1.96,18266.0,United Kingdom
536541,10014,STRAWBERRY CERAMIC TRINKET BOX,5,02/19/2020 05:00,1.76,14013.0,United Kingdom
538103,10019,HAND WARMER OWL DESIGN,2,11/24/2019 01:00,8.64,,United Kingdom
538229,10019,HAND WARMER OWL DESIGN,43,11/26/2019 19:00,6.58,,United Kingdom
537200,10003,GLASS JAR CANDLE,2656,01/30/2020 03:00,2.55,15126.0,United Kingdom
537808,10008,JUMBO BAG RED RETROSPOT,4,12/08/2019 05:00,4.84,15288.0,United Kingdom
536433,10008,JUMBO BAG RED RETROSPOT,13,02/10/2020 21:00,5.6,14447.0,Spain
536539,10001,WOODEN PICTURE FRAME,3,12/26/2019 15:00,2.61,,United Kingdom
536883,10000,WHITE HANGING HEART T-LIGHT HOLDER,11,11/25/2019 02:00,3.68,,United Kingdom
537595,10007,REGENCY CAKESTAND 3 TIER,1,02/10/2020 08:00,4.46,,United Kingdom
536615,10017,WOODEN FRAME ANTIQUE WHITE,3,01/06/2020 01:00,4.01,14264.0,Spain
536429,10007,REGENCY CAKESTAND 3 TIER,12,02/05/2020 08:00,1.13,17549.0,United Kingdom
537618,10007,REGENCY CAKESTAND 3 TIER,19,12/25/2019 06:00,1.25,18161.0,United Kingdom
537809,10019,HAND WARMER OWL DESIGN,2,11/16/2019 03:00,1.84,12671.0,United Kingdom
537751,10007,REGENCY CAKESTAND 3 TIER,2,01/21/2020 18:00,1.21,16696.0,Netherlands
537863,10013,SPACEBOY LUNCH BOX,7,11/15/2019 22:00,0.56,13769.0,Spain
537870,10019,HAND WARMER OWL DESIGN,2,01/19/2020 14:00,4.84,,United Kingdom
537494,10002,RED WOOLLY HOTTIE MUG,3,12/21/2019 00:00,3.48,16038.0,United Kingdom
537338,10010,LUNCH BAG WOODLAND,10,02/04/2020 00:00,0.64,17567.0,United Kingdom
537971,10006,PACK OF 72 RETRO SPOT CAKE CASES,2,02/13/2020 10:00,1.93,16518.0,EIRE
537017,10002,RED WOOLLY HOTTIE MUG,1,12/19/2019 21:00,2.05,,Germany
536548,10000,WHITE HANGING HEART T-LIGHT HOLDER,1,02/14/2020 21:00,2.95,17105.0,United Kingdom
537774,10012,ROUND SNACK BOXES SET OF 4,4,11/14/2019 07:00,0.83,,Belgium
536882,10013,SPACEBOY LUNCH BOX,1,11/13/2019 21:00,0.64,14783.0,United Kingdom
538200,10011,RECIPE BOX PANTRY DESIGN,3,02/28/2020 06:00,4.14,14348.0,Australia
537141,10013,SPACEBOY LUNCH BOX,1,01/08/2020 22:00,0.53,14405.0,United Kingdom
537962,10014,STRAWBERRY CERAMIC TRINKET BOX,21,12/25/2019 02:00,1.95,14476.0,Spain
536444,10001,WOODEN PICTURE FRAME,35,11/19/2019 16:00,1.78,14060.0,EIRE
537601,10000,WHITE HANGING HEART T-LIGHT HOLDER,1,12/05/2019 16:00,2.17,14191.0,United Kingdom
537205,10006,PACK OF 72 RETRO SPOT CAKE CASES,5,01/22/2020 08:00,3.17,15721.0,United Kingdom
537232,10011,RECIPE BOX PANTRY DESIGN,2,02/07/2020 15:00,12.17,13951.0,Germany
536862,10018,ALARM CLOCK BAKELIKE RED,3,02/19/2020 00:00,0.5,,United Kingdom
538185,10019,HAND WARMER OWL DESIGN,25,12/19/2019 22:00,5.91,,Spain
537101,10016,VINTAGE SNAKES AND LADDERS,3,12/25/2019 14:00,0.25,,United Kingdom
537959,10005,SET OF 3 CAKE TINS,3,11/20/2019 14:00,9.91,12979.0,United Kingdom
537162,10011,RECIPE BOX PANTRY DESIGN,2,11/10/2019 23:00,0.32,12446.0,United Kingdom
536455,10002,RED WOOLLY HOTTIE MUG,13,12/23/2019 13:00,28.12,16891.0,United Kingdom
538013,10009,PARTY BUNTING,1,01/09/2020 12:00,1.67,17979.0,United Kingdom
536712,10001,WOODEN PICTURE FRAME,3,11/13/2019 12:00,8.94,16401.0,United Kingdom
536871,10019,HAND WARMER OWL DESIGN,4,12/20/2019 00:00,7.27,12705.0,United Kingdom
537979,10009,PARTY BUNTING,2,01/17/2020 00:00,1.59,15692.0,Switzerland
538040,10014,STRAWBERRY CERAMIC TRINKET BOX,10,02/06/2020 08:00,1.72,,United Kingdom
538083,10002,RED WOOLLY HOTTIE MUG,13,02/21/2020 15:00,1.06,14251.0,United Kingdom
537163,10019,HAND WARMER OWL DESIGN,1,12/11/2019 20:00,5.41,,EIRE
537784,10010,LUNCH BAG WOODLAND,33,12/18/2019 00:00,1.61,17243.0,United Kingdom
536979,10001,WOODEN PICTURE FRAME,1,02/14/2020 00:00,1.08,,United Kingdom
537753,10007,REGENCY CAKESTAND 3 TIER,15,01/23/2020 05:00,4.21,,Spain
537307,10004,VINTAGE UNION JACK BUNTING,5,12/03/2019 20:00,1.0,15780.0,United Kingdom
536462,10001,WOODEN PICTURE FRAME,2,01/22/2020 05:00,1.77,,United Kingdom
537148,10000,WHITE HANGING HEART T-LIGHT HOLDER,3,11/19/2019 21:00,2.74,16271.0,United Kingdom
537241,10014,STRAWBERRY CERAMIC TRINKET BOX,4,12/24/2019 21:00,1.29,15785.0,United Kingdom
536847,10017,WOODEN FRAME ANTIQUE WHITE,5,12/07/2019 18:00,1.5,12922.0,Australia
537067,10013,SPACEBOY LUNCH BOX,2,02/28/2020 03:00,11.42,18265.0,Portugal
537307,10013,SPACEBOY LUNCH BOX,3,11/05/2019 04:00,2.01,,United Kingdom
536458,10000,WHITE HANGING HEART T-LIGHT HOLDER,2,02/11/2020 20:00,1.72,14512.0,United Kingdom
536649,10003,GLASS JAR CANDLE,1,12/04/2019 18:00,2.06,13831.0,United Kingdom
537802,10000,WHITE HANGING HEART T-LIGHT HOLDER,2,11/05/2019 08:00,3.87,18095.0,United Kingdom
537024,10019,HAND WARMER OWL DESIGN,1,01/19/2020 05:00,0.87,,United Kingdom
537505,10014,STRAWBERRY CERAMIC TRINKET BOX,3,01/21/2020 09:00,3.77,14842.0,United Kingdom
537425,10019,HAND WARMER OWL DESIGN,6,11/18/2019 01:00,3.18,13720.0,Spain
537398,10018,ALARM CLOCK BAKELIKE RED,5,11/05/2019 14:00,0.41,,Spain
537140,10004,VINTAGE UNION JACK BUNTING,29,11/14/2019 08:00,14.79,16061.0,United Kingdom
537271,10010,LUNCH BAG WOODLAND,1,12/20/2019 01:00,10.6,17693.0,United Kingdom
537909,10012,ROUND SNACK BOXES SET OF 4,6,11/16/2019 21:00,1.1,15585.0,France
538174,10014,STRAWBERRY CERAMIC TRINKET BOX,4,01/24/2020 09:00,0.8,,United Kingdom
536846,10013,SPACEBOY LUNCH BOX,9,11/10/2019 07:00,3.09,13196.0,France
537620,10009,PARTY BUNTING,8,02/03/2020 16:00,0.59,15929.0,Portugal
538183,10000,WHITE HANGING HEART T-LIGHT HOLDER,3,02/13/2020 23:00,9.62,14502.0,United Kingdom
536379,10018,ALARM CLOCK BAKELIKE RED,5,01/26/2020 01:00,1.54,,France
537836,10013,SPACEBOY LUNCH BOX,2,02/22/2020 07:00,12.45,16987.0,United Kingdom
537296,10016,VINTAGE SNAKES AND LADDERS,7,02/21/2020 17:00,1.08,14400.0,United Kingdom
538179,10004,VINTAGE UNION JACK BUNTING,1,11/06/2019 14:00,2.2,,United Kingdom
537449,10002,RED WOOLLY HOTTIE MUG,9,12/12/2019 01:00,8.73,18052.0,United Kingdom
537936,10018,ALARM CLOCK BAKELIKE RED,4,01/31/2020 05:00,1.78,18066.0,United Kingdom
536676,10016,VINTAGE SNAKES AND LADDERS,2,12/11/2019 18:00,3.23,15284.0,United Kingdom
536631,10016,VINTAGE SNAKES AND LADDERS,3,01/28/2020 11:00,7.34,14101.0,United Kingdom
538102,10008,JUMBO BAG RED RETROSPOT,3,02/01/2020 22:00,1.41,,United Kingdom
537352,10018,ALARM CLOCK BAKELIKE RED,15,02/28/2020 16:00,0.7,,United Kingdom
537411,10004,VINTAGE UNION JACK BUNTING,103,12/10/2019 14:00,0.57,15974.0,United Kingdom
536683,10015,TRAVEL SEWING KIT,14,12/12/2019 18:00,4.41,16022.0,United Kingdom
536790,10009,PARTY BUNTING,2,11/03/2019 21:00,3.63,16907.0,Switzerland
537899,10003,GLASS JAR CANDLE,8,12/05/2019 06:00,7.11,15142.0,Germany
536933,10014,STRAWBERRY CERAMIC TRINKET BOX,8,12/04/2019 16:00,1.87,16405.0,Portugal
537460,10007,REGENCY CAKESTAND 3 TIER,2,12/25/2019 09:00,0.59,,United Kingdom
536958,10003,GLASS JAR CANDLE,1,12/21/2019 13:00,0.25,,France
536858,10014,STRAWBERRY CERAMIC TRINKET BOX,4,02/11/2020 19:00,43.29,16763.0,United Kingdom
536676,10015,TRAVEL SEWING KIT,9,02/01/2020 21:00,4.17,12559.0,United Kingdom
538107,10006,PACK OF 72 RETRO SPOT CAKE CASES,1,01/27/2020 11:00,2.82,16023.0,United Kingdom
538127,10019,HAND WARMER OWL DESIGN,2,11/01/2019 15:00,3.25,18140.0,United Kingdom
536580,10014,STRAWBERRY CERAMIC TRINKET BOX,7,12/27/2019 14:00,0.59,15672.0,United Kingdom
537027,10000,WHITE HANGING HEART T-LIGHT HOLDER,4,01/27/2020 13:00,1.11,15493.0,United Kingdom
537422,10006,PACK OF 72 RETRO SPOT CAKE CASES,17,11/30/2019 08:00,14.06,,United Kingdom
537083,10019,HAND WARMER OWL DESIGN,1,12/21/2019 23:00,4.75,15672.0,Portugal
537716,10003,GLASS JAR CANDLE,43,01/27/2020 06:00,1.15,,Netherlands
536852,10019,HAND WARMER OWL DESIGN,1,02/04/2020 09:00,0.72,18251.0,United Kingdom
536475,10010,LUNCH BAG WOODLAND,1,02/11/2020 13:00,1.47,,United Kingdom
536996,10013,SPACEBOY LUNCH BOX,4,12/22/2019 14:00,1.79,17183.0,Germany
537485,10013,SPACEBOY LUNCH BOX,1,12/19/2019 00:00,19.09,13294.0,United Kingdom
536703,10010,LUNCH BAG WOODLAND,4,12/16/2019 22:00,2.04,13572.0,United Kingdom
537894,10010,LUNCH BAG WOODLAND,4,01/20/2020 06:00,0.75,15950.0,EIRE
536387,10011,RECIPE BOX PANTRY DESIGN,3,12/21/2019 08:00,2.32,,United Kingdom
536491,10012,ROUND SNACK BOXES SET OF 4,2,12/19/2019 01:00,3.2,,United Kingdom
537319,10014,STRAWBERRY CERAMIC TRINKET BOX,6,11/21/2019 04:00,0.68,,France
537325,10008,JUMBO BAG RED RETROSPOT,3,12/28/2019 10:00,3.68,,United Kingdom
536917,10008,JUMBO BAG RED RETROSPOT,12,11/29/2019 11:00,8.24,13861.0,France
536849,10015,TRAVEL SEWING KIT,3,01/03/2020 00:00,2.83,,United Kingdom
536495,10015,TRAVEL SEWING KIT,2,02/15/2020 16:00,1.11,,France
537607,10012,ROUND SNACK BOXES SET OF 4,1,02/02/2020 02:00,1.45,13843.0,United Kingdom
537075,10009,PARTY BUNTING,3,12/28/2019 09:00,0.47,17776.0,United Kingdom
536587,10011,RECIPE BOX PANTRY DESIGN,1,02/26/2020 08:00,2.15,15683.0,Germany
537114,10011,RECIPE BOX PANTRY DESIGN,1,02/26/2020 16:00,3.36,16338.0,United Kingdom
538121,10008,JUMBO BAG RED RETROSPOT,7,12/24/2019 08:00,1.0,16799.0,France
536854,10003,GLASS JAR CANDLE,1,01/31/2020 15:00,17.11,14776.0,United Kingdom
538042,10010,LUNCH BAG WOODLAND,17,12/12/2019 02:00,5.43,16715.0,United Kingdom
536850,10008,JUMBO BAG RED RETROSPOT,5,02/14/2020 11:00,0.41,18071.0,France
536713,10001,WOODEN PICTURE FRAME,4,12/15/2019 20:00,0.42,16652.0,United Kingdom
536853,10019,HAND WARMER OWL DESIGN,1,12/02/2019 00:00,0.92,,United Kingdom
536971,10013,SPACEBOY LUNCH BOX,9,11/17/2019 01:00,11.86,16973.0,France
536591,10002,RED WOOLLY HOTTIE MUG,4,02/10/2020 03:00,5.99,13748.0,United Kingdom
537466,10004,VINTAGE UNION JACK BUNTING,2,12/06/2019 15:00,12.47,12777.0,United Kingdom
536990,10011,RECIPE BOX PANTRY DESIGN,5,02/06/2020 15:00,2.48,14984.0,United Kingdom
537711,10017,WOODEN FRAME ANTIQUE WHITE,1,11/11/2019 09:00,1.99,15373.0,Portugal
537285,10009,PARTY BUNTING,1,12/31/2019 03:00,0.71,15137.0,Switzerland
537194,10016,VINTAGE SNAKES AND LADDERS,1,12/22/2019 08:00,3.49,13901.0,France
537248,10002,RED WOOLLY HOTTIE MUG,6,12/23/2019 16:00,2.02,13967.0,United Kingdom
536658,10010,LUNCH BAG WOODLAND,4,11/21/2019 02:00,1.95,17819.0,United Kingdom
537701,10016,VINTAGE SNAKES AND LADDERS,12,11/09/2019 20:00,12.4,14078.0,France
536560,10016,VINTAGE SNAKES AND LADDERS,2,12/12/2019 13:00,2.17,,United Kingdom
537717,10004,VINTAGE UNION JACK BUNTING,7,12/27/2019 10:00,9.31,13876.0,Netherlands
538239,10013,SPACEBOY LUNCH BOX,4,02/04/2020 06:00,0.5,12984.0,United Kingdom
537797,10000,WHITE HANGING HEART T-LIGHT HOLDER,2,12/26/2019 12:00,36.17,,Germany
537218,10002,RED WOOLLY HOTTIE MUG,6,11/30/2019 12:00,1.69,13791.0,United Kingdom
536954,10018,ALARM CLOCK BAKELIKE RED,4,12/02/2019 12:00,4.99,17344.0,France
538000,10014,STRAWBERRY CERAMIC TRINKET BOX,2,01/13/2020 10:00,5.85,,United Kingdom
536847,10004,VINTAGE UNION JACK BUNTING,4,12/23/2019 07:00,1.5,16475.0,France
537269,10019,HAND WARMER OWL DESIGN,4,02/17/2020 04:00,5.58,18066.0,United Kingdom
537810,10019,HAND WARMER OWL DESIGN,3,12/23/2019 18:00,5.88,12631.0,United Kingdom
538094,10000,WHITE HANGING HEART T-LIGHT HOLDER,3,01/08/2020 01:00,1.21,12997.0,United Kingdom
538091,10000,WHITE HANGING HEART T-LIGHT HOLDER,1,11/08/2019 16:00,1.22,,United Kingdom
536529,10004,VINTAGE UNION JACK BUNTING,4,11/24/2019 06:00,2.57,15720.0,Germany
538049,10015,TRAVEL SEWING KIT,2,02/11/2020 01:00,2.19,,United Kingdom
536578,10011,RECIPE BOX PANTRY DESIGN,1,12/12/2019 09:00,9.91,14373.0,United Kingdom
537460,10010,LUNCH BAG WOODLAND,3,12/21/2019 12:00,4.97,17258.0,United Kingdom
538108,10008,JUMBO BAG RED RETROSPOT,8,01/10/2020 20:00,2.29,16185.0,Germany
537592,10009,PARTY BUNTING,5,11/07/2019 22:00,4.51,13877.0,United Kingdom
538141,10012,ROUND SNACK BOXES SET OF 4,2,12/31/2019 19:00,0.32,,United Kingdom
537010,10001,WOODEN PICTURE FRAME,2,12/12/2019 13:00,1.33,12369.0,United Kingdom
536955,10011,RECIPE BOX PANTRY DESIGN,8,11/18/2019 20:00,3.28,,France
536976,10004,VINTAGE UNION JACK BUNTING,1,12/21/2019 05:00,7.5,,Spain
537030,10015,TRAVEL SEWING KIT,9,12/24/2019 15:00,3.0,17014.0,Germany
537645,10003,GLASS JAR CANDLE,1,11/23/2019 08:00,10.57,16713.0,France
537213,10001,WOODEN PICTURE FRAME,1,01/05/2020 04:00,5.86,12888.0,France
537747,10008,JUMBO BAG RED RETROSPOT,2,01/29/2020 13:00,1.51,17731.0,EIRE
537145,10008,JUMBO BAG RED RETROSPOT,36,12/03/2019 02:00,2.14,17206.0,United Kingdom
536941,10010,LUNCH BAG WOODLAND,22,02/25/2020 00:00,3.7,14929.0,United Kingdom
536721,10017,WOODEN FRAME ANTIQUE WHITE,8,01/13/2020 12:00,1.57,13605.0,Switzerland
537398,10013,SPACEBOY LUNCH BOX,6,02/01/2020 19:00,11.37,14842.0,United Kingdom
538049,10007,REGENCY CAKESTAND 3 TIER,1,11/09/2019 10:00,0.81,,United Kingdom
537975,10014,STRAWBERRY CERAMIC TRINKET BOX,5,02/01/2020 03:00,3.37,,Germany
536839,10010,LUNCH BAG WOODLAND,2,12/11/2019 09:00,5.13,14409.0,France
537260,10004,VINTAGE UNION JACK BUNTING,2,01/25/2020 05:00,1.8,12949.0,United Kingdom
537687,10000,WHITE HANGING HEART T-LIGHT HOLDER,5,02/05/2020 13:00,1.44,15968.0,United Kingdom
537513,10000,WHITE HANGING HEART T-LIGHT HOLDER,3,12/01/2019 01:00,2.28,16535.0,Belgium
536490,10004,VINTAGE UNION JACK BUNTING,10,12/02/2019 02:00,5.54,13934.0,United Kingdom
537473,10016,VINTAGE SNAKES AND LADDERS,1,11/08/2019 03:00,1.49,,United Kingdom
536437,10009,PARTY BUNTING,4,01/12/2020 15:00,0.84,15726.0,United Kingdom
536583,10009,PARTY BUNTING,2,02/01/2020 21:00,7.77,15324.0,United Kingdom
537590,10007,REGENCY CAKESTAND 3 TIER,3,12/20/2019 05:00,3.67,12394.0,United Kingdom
536557,10005,SET OF 3 CAKE TINS,5,11/20/2019 07:00,6.74,,United Kingdom
537000,10014,STRAWBERRY CERAMIC TRINKET BOX,1,12/08/2019 23:00,5.26,14570.0,United Kingdom
537468,10000,WHITE HANGING HEART T-LIGHT HOLDER,5,12/19/2019 08:00,21.76,17299.0,Australia
537593,10012,ROUND SNACK BOXES SET OF 4,3,02/18/2020 23:00,7.5,17255.0,United Kingdom
537200,10018,ALARM CLOCK BAKELIKE RED,2,11/15/2019 21:00,1.19,,United Kingdom
536541,10017,WOODEN FRAME ANTIQUE WHITE,3,12/12/2019 04:00,3.94,15096.0,United Kingdom
537863,10007,REGENCY CAKESTAND 3 TIER,3,01/16/2020 14:00,1.41,14288.0,Australia
538145,10017,WOODEN FRAME ANTIQUE WHITE,2,11/29/2019 09:00,1.56,15312.0,Portugal
538031,10004,VINTAGE UNION JACK BUNTING,4,02/15/2020 04:00,0.6,17049.0,United Kingdom
537768,10004,VINTAGE UNION JACK BUNTING,3,02/18/2020 03:00,1.85,,United Kingdom
537119,10006,PACK OF 72 RETRO SPOT CAKE CASES,2,12/16/2019 15:00,4.24,15917.0,United Kingdom
538008,10000,WHITE HANGING HEART T-LIGHT HOLDER,20,01/29/2020 13:00,2.3,14925.0,United Kingdom
537280,10005,SET OF 3 CAKE TINS,6,01/30/2020 17:00,0.82,,France
536620,10017,WOODEN FRAME ANTIQUE WHITE,3,01/21/2020 20:00,0.54,17497.0,France
537959,10015,TRAVEL SEWING KIT,5,11/23/2019 09:00,20.32,,EIRE
536965,10006,PACK OF 72 RETRO SPOT CAKE CASES,1,11/06/2019 22:00,3.4,,United Kingdom
538125,10006,PACK OF 72 RETRO SPOT CAKE CASES,3,12/12/2019 16:00,1.08,17336.0,Germany
537055,10006,PACK OF 72 RETRO SPOT CAKE CASES,3,11/16/2019 18:00,3.9,,Germany
537995,10002,RED WOOLLY HOTTIE MUG,1,12/06/2019 02:00,21.96,17078.0,France
537372,10003,GLASS JAR CANDLE,6,01/16/2020 15:00,4.57,17555.0,United Kingdom
537241,10019,HAND WARMER OWL DESIGN,2,01/10/2020 16:00,0.25,13923.0,Germany
536921,10013,SPACEBOY LUNCH BOX,3,11/26/2019 03:00,34.89,14847.0,United Kingdom
537931,10013,SPACEBOY LUNCH BOX,2,11/03/2019 03:00,0.39,13827.0,United Kingdom
536478,10005,SET OF 3 CAKE TINS,78,11/28/2019 02:00,2.0,14519.0,United Kingdom
537244,10017,WOODEN FRAME ANTIQUE WHITE,2,12/25/2019 14:00,0.79,16703.0,United Kingdom
537056,10003,GLASS JAR CANDLE,1,02/02/2020 12:00,1.17,16365.0,France
537383,10019,HAND WARMER OWL DESIGN,1,12/14/2019 19:00,3.27,12364.0,United Kingdom
536842,10010,LUNCH BAG WOODLAND,9,12/05/2019 07:00,0.31,16833.0,Germany
537611,10006,PACK OF 72 RETRO SPOT CAKE CASES,15,01/06/2020 04:00,2.25,,United Kingdom
537088,10015,TRAVEL SEWING KIT,2,11/09/2019 14:00,7.75,13450.0,Germany
536717,10008,JUMBO BAG RED RETROSPOT,15,11/28/2019 01:00,1.06,15575.0,France
536734,10005,SET OF 3 CAKE TINS,9,11/05/2019 08:00,0.61,13778.0,United Kingdom
537670,10013,SPACEBOY LUNCH BOX,3,01/03/2020 02:00,2.14,18067.0,United Kingdom
536856,10014,STRAWBERRY CERAMIC TRINKET BOX,3,12/24/2019 04:00,1.75,13214.0,France
536941,10012,ROUND SNACK BOXES SET OF 4,5,01/09/2020 22:00,1.36,13246.0,United Kingdom
537540,10009,PARTY BUNTING,10,01/14/2020 01:00,0.75,16865.0,United Kingdom
536983,10006,PACK OF 72 RETRO SPOT CAKE CASES,6,12/18/2019 10:00,4.13,14048.0,United Kingdom
537092,10008,JUMBO BAG RED RETROSPOT,2,02/13/2020 07:00,4.46,16590.0,United Kingdom
536823,10017,WOODEN FRAME ANTIQUE WHITE,3,02/19/2020 05:00,0.85,16394.0,United Kingdom
537012,10007,REGENCY CAKESTAND 3 TIER,29,11/14/2019 07:00,0.97,13469.0,United Kingdom
537663,10019,HAND WARMER OWL DESIGN,5,02/19/2020 10:00,2.82,15791.0,United Kingdom
537366,10002,RED WOOLLY HOTTIE MUG,10,11/24/2019 14:00,0.94,15535.0,France
538235,10003,GLASS JAR CANDLE,7,11/30/2019 19:00,2.94,12908.0,United Kingdom
537812,10006,PACK OF 72 RETRO SPOT CAKE CASES,5,01/03/2020 14:00,10.68,16886.0,Portugal
536396,10000,WHITE HANGING HEART T-LIGHT HOLDER,5,11/04/2019 12:00,2.32,17439.0,United Kingdom
537075,10017,WOODEN FRAME ANTIQUE WHITE,10,12/14/2019 16:00,0.73,,United Kingdom
536908,10006,PACK OF 72 RETRO SPOT CAKE CASES,8,11/24/2019 08:00,3.64,12868.0,United Kingdom
537466,10002,RED WOOLLY HOTTIE MUG,5,12/28/2019 22:00,2.06,13406.0,France
536863,10012,ROUND SNACK BOXES SET OF 4,2,02/06/2020 19:00,2.12,,United Kingdom
538176,10019,HAND WARMER OWL DESIGN,6,02/19/2020 22:00,3.96,14154.0,United Kingdom
536926,10019,HAND WARMER OWL DESIGN,4,11/26/2019 11:00,4.91,,United Kingdom
537343,10002,RED WOOLLY HOTTIE MUG,3,01/05/2020 09:00,2.55,,United Kingdom
536595,10015,TRAVEL SEWING KIT,59,12/27/2019 22:00,2.31,13638.0,United Kingdom
538070,10007,REGENCY CAKESTAND 3 TIER,1,12/20/2019 19:00,19.37,16058.0,United Kingdom
538074,10016,VINTAGE SNAKES AND LADDERS,11,01/15/2020 22:00,8.17,13567.0,Australia
537853,10012,ROUND SNACK BOXES SET OF 4,2,02/27/2020 18:00,5.66,13156.0,Germany
537024,10014,STRAWBERRY CERAMIC TRINKET BOX,5,12/19/2019 15:00,2.8,,France
536475,10016,VINTAGE SNAKES AND LADDERS,53,11/08/2019 19:00,0.9,13495.0,United Kingdom
537698,10017,WOODEN FRAME ANTIQUE WHITE,2,02/18/2020 22:00,7.59,13488.0,United Kingdom
537169,10002,RED WOOLLY HOTTIE MUG,2,02/20/2020 21:00,2.84,16982.0,United Kingdom
538221,10014,STRAWBERRY CERAMIC TRINKET BOX,4,12/09/2019 16:00,1.38,15487.0,EIRE
537674,10002,RED WOOLLY HOTTIE MUG,2,12/31/2019 05:00,1.93,15566.0,Spain
537374,10018,ALARM CLOCK BAKELIKE RED,10,02/12/2020 13:00,0.94,13198.0,United Kingdom
538215,10012,ROUND SNACK BOXES SET OF 4,2,12/31/2019 11:00,7.08,13298.0,United Kingdom
537865,10003,GLASS JAR CANDLE,8,12/28/2019 18:00,4.87,14667.0,United Kingdom
537224,10005,SET OF 3 CAKE TINS,1,02/19/2020 16:00,2.95,,Germany
536400,10017,WOODEN FRAME ANTIQUE WHITE,1,02/08/2020 11:00,2.36,,United Kingdom
536538,10012,ROUND SNACK BOXES SET OF 4,3,12/31/2019 21:00,1.25,13145.0,United Kingdom
537196,10004,VINTAGE UNION JACK BUNTING,1,11/20/2019 09:00,0.29,17683.0,United Kingdom
537418,10016,VINTAGE SNAKES AND LADDERS,19,12/23/2019 15:00,0.6,14500.0,United Kingdom
536421,10014,STRAWBERRY CERAMIC TRINKET BOX,1,01/21/2020 04:00,1.17,17195.0,United Kingdom
536602,10001,WOODEN PICTURE FRAME,1,12/03/2019 17:00,1.01,14723.0,France
537685,10005,SET OF 3 CAKE TINS,6,01/04/2020 11:00,3.28,15151.0,United Kingdom
537774,10016,VINTAGE SNAKES AND LADDERS,2,01/19/2020 02:00,5.54,13012.0,United Kingdom
536420,10007,REGENCY CAKESTAND 3 TIER,1,11/11/2019 04:00,2.16,16366.0,EIRE
537316,10000,WHITE HANGING HEART T-LIGHT HOLDER,31,01/08/2020 09:00,10.06,12701.0,United Kingdom
536516,10012,ROUND SNACK BOXES SET OF 4,1,01/28/2020 12:00,1.12,16789.0,United Kingdom
537721,10017,WOODEN FRAME ANTIQUE WHITE,3,11/26/2019 17:00,2.15,,United Kingdom
537928,10011,RECIPE BOX PANTRY DESIGN,3,01/05/2020 19:00,2.34,14494.0,United Kingdom
537995,10019,HAND WARMER OWL DESIGN,8,01/25/2020 03:00,7.33,,Belgium
537486,10002,RED WOOLLY HOTTIE MUG,6,11/06/2019 07:00,2.73,16497.0,EIRE
537544,10013,SPACEBOY LUNCH BOX,2,01/17/2020 07:00,2.81,,United Kingdom
538102,10012,ROUND SNACK BOXES SET OF 4,3,12/02/2019 04:00,0.47,13551.0,United Kingdom
537513,10019,HAND WARMER OWL DESIGN,3,12/18/2019 16:00,1.0,16155.0,Portugal
537201,10010,LUNCH BAG WOODLAND,9,01/17/2020 18:00,7.36,16514.0,Germany
537779,10016,VINTAGE SNAKES AND LADDERS,1,11/01/2019 12:00,0.31,12902.0,Germany
537472,10002,RED WOOLLY HOTTIE MUG,31,11/03/2019 00:00,9.42,16413.0,United Kingdom
537944,10000,WHITE HANGING HEART T-LIGHT HOLDER,2,12/24/2019 14:00,4.05,,United Kingdom
537348,10014,STRAWBERRY CERAMIC TRINKET BOX,4,02/23/2020 00:00,1.16,12891.0,United Kingdom
537994,10000,WHITE HANGING HEART T-LIGHT HOLDER,1,11/01/2019 17:00,1.07,17571.0,United Kingdom
536449,10017,WOODEN FRAME ANTIQUE WHITE,1,02/03/2020 16:00,16.38,15513.0,United Kingdom
536433,10000,WHITE HANGING HEART T-LIGHT HOLDER,2,11/10/2019 00:00,10.09,,United Kingdom
536550,10013,SPACEBOY LUNCH BOX,2,12/29/2019 16:00,2.18,,United Kingdom
537407,10009,PARTY BUNTING,3,12/22/2019 16:00,2.81,15988.0,United Kingdom
537694,10012,ROUND SNACK BOXES SET OF 4,2,12/27/2019 04:00,1.29,15046.0,EIRE
536770,10012,ROUND SNACK BOXES SET OF 4,8,11/10/2019 20:00,2.81,,United Kingdom
536657,10008,JUMBO BAG RED RETROSPOT,2,01/30/2020 10:00,1.25,16981.0,United Kingdom
537978,10009,PARTY BUNTING,2,12/04/2019 02:00,2.27,13828.0,United Kingdom
537772,10010,LUNCH BAG WOODLAND,3,02/01/2020 13:00,15.03,12702.0,Spain
537580,10013,SPACEBOY LUNCH BOX,11,01/18/2020 16:00,2.24,15312.0,United Kingdom
537280,10014,STRAWBERRY CERAMIC TRINKET BOX,5,01/06/2020 04:00,0.86,16764.0,Portugal
537152,10008,JUMBO BAG RED RETROSPOT,4,12/08/2019 01:00,0.63,13140.0,Switzerland
536403,10007,REGENCY CAKESTAND 3 TIER,1,01/18/2020 07:00,2.79,18195.0,United Kingdom
536717,10000,WHITE HANGING HEART T-LIGHT HOLDER,1,02/28/2020 18:00,1.15,16339.0,United Kingdom
538046,10015,TRAVEL SEWING KIT,1,02/19/2020 19:00,3.15,17895.0,United Kingdom
537000,10004,VINTAGE UNION JACK BUNTING,15,02/18/2020 23:00,0.49,15138.0,United Kingdom
537686,10008,JUMBO BAG RED RETROSPOT,7,11/27/2019 08:00,4.9,13077.0,Belgium
537684,10019,HAND WARMER OWL DESIGN,2,01/10/2020 06:00,0.85,13401.0,United Kingdom
536945,10015,TRAVEL SEWING KIT,2,12/18/2019 18:00,2.58,15320.0,United Kingdom
536748,10006,PACK OF 72 RETRO SPOT CAKE CASES,2,02/25/2020 01:00,1.75,15841.0,United Kingdom
537661,10009,PARTY BUNTING,2,02/23/2020 01:00,13.71,,United Kingdom
536540,10006,PACK OF 72 RETRO SPOT CAKE CASES,6,02/13/2020 04:00,2.92,17071.0,United Kingdom
537292,10012,ROUND SNACK BOXES SET OF 4,3,11/20/2019 12:00,17.21,16877.0,Netherlands
538030,10003,GLASS JAR CANDLE,32,12/09/2019 06:00,4.31,15844.0,France
537698,10019,HAND WARMER OWL DESIGN,14,01/25/2020 09:00,10.23,12453.0,United Kingdom
537797,10019,HAND WARMER OWL DESIGN,15,01/29/2020 23:00,2.0,15492.0,United Kingdom
536521,10005,SET OF 3 CAKE TINS,8,12/13/2019 01:00,3.47,17214.0,United Kingdom
536739,10004,VINTAGE UNION JACK BUNTING,3,11/17/2019 10:00,8.32,17382.0,United Kingdom
536880,10010,LUNCH BAG WOODLAND,7,11/17/2019 10:00,6.08,17303.0,United Kingdom
536913,10012,ROUND SNACK BOXES SET OF 4,3,01/22/2020 04:00,4.18,12409.0,EIRE
536728,10012,ROUND SNACK BOXES SET OF 4,21,12/25/2019 12:00,1.77,14932.0,United Kingdom
538187,10000,WHITE HANGING HEART T-LIGHT HOLDER,6,12/29/2019 22:00,2.1,16010.0,United Kingdom
536674,10014,STRAWBERRY CERAMIC TRINKET BOX,5,02/06/2020 21:00,7.67,13816.0,United Kingdom
537692,10001,WOODEN PICTURE FRAME,5,11/03/2019 00:00,9.45,14779.0,EIRE
537465,10006,PACK OF 72 RETRO SPOT CAKE CASES,23,01/30/2020 13:00,1.36,12924.0,United Kingdom
537509,10014,STRAWBERRY CERAMIC TRINKET BOX,1,12/03/2019 22:00,1.17,13495.0,United Kingdom
536767,10017,WOODEN FRAME ANTIQUE WHITE,25,02/20/2020 18:00,1.0,,United Kingdom
536941,10012,ROUND SNACK BOXES SET OF 4,3,02/23/2020 16:00,5.64,18165.0,Spain
537502,10003,GLASS JAR CANDLE,1,12/31/2019 06:00,0.97,17453.0,Spain
536925,10013,SPACEBOY LUNCH BOX,2,12/08/2019 21:00,5.57,14745.0,Belgium
537666,10000,WHITE HANGING HEART T-LIGHT HOLDER,1,11/28/2019 23:00,4.24,12371.0,United Kingdom
536439,10004,VINTAGE UNION JACK BUNTING,8,11/22/2019 18:00,1.43,14337.0,France
536501,10002,RED WOOLLY HOTTIE MUG,1,02/28/2020 22:00,11.75,,France
537730,10019,HAND WARMER OWL DESIGN,5,11/23/2019 12:00,0.57,13350.0,United Kingdom
537521,10007,REGENCY CAKESTAND 3 TIER,13,12/24/2019 14:00,12.93,16277.0,United Kingdom
536445,10011,RECIPE BOX PANTRY DESIGN,2,12/28/2019 12:00,3.38,18273.0,United Kingdom
538050,10015,TRAVEL SEWING KIT,3,01/21/2020 12:00,0.31,17359.0,United Kingdom
536374,10019,HAND WARMER OWL DESIGN,1,02/10/2020 03:00,12.08,17431.0,EIRE
538156,10019,HAND WARMER OWL DESIGN,3,01/06/2020 23:00,6.5,17282.0,Portugal
537732,10003,GLASS JAR CANDLE,53,01/30/2020 23:00,1.6,12761.0,United Kingdom
538217,10007,REGENCY CAKESTAND 3 TIER,9,01/08/2020 00:00,0.94,15622.0,United Kingdom
538144,10008,JUMBO BAG RED RETROSPOT,3,12/23/2019 10:00,0.51,15707.0,United Kingdom
536952,10015,TRAVEL SEWING KIT,2,11/19/2019 22:00,27.53,12945.0,United Kingdom
537783,10006,PACK OF 72 RETRO SPOT CAKE CASES,4,11/26/2019 01:00,0.98,13221.0,United Kingdom
536760,10004,VINTAGE UNION JACK BUNTING,5,12/22/2019 21:00,0.7,15703.0,United Kingdom
537249,10015,TRAVEL SEWING KIT,3,11/06/2019 12:00,3.22,,United Kingdom
536815,10009,PARTY BUNTING,7,12/08/2019 23:00,0.48,,United Kingdom
537276,10014,STRAWBERRY CERAMIC TRINKET BOX,2,12/26/2019 12:00,0.92,15221.0,United Kingdom
538000,10007,REGENCY CAKESTAND 3 TIER,2,12/27/2019 17:00,6.65,12792.0,United Kingdom
537182,10009,PARTY BUNTING,6,02/06/2020 19:00,3.91,13001.0,United Kingdom
536538,10000,WHITE HANGING HEART T-LIGHT HOLDER,1,02/25/2020 03:00,1.67,15793.0,United Kingdom
536973,10000,WHITE HANGING HEART T-LIGHT HOLDER,8,01/27/2020 14:00,2.51,15655.0,United Kingdom
537839,10000,WHITE HANGING HEART T-LIGHT HOLDER,4,11/10/2019 13:00,1.58,,United Kingdom
537343,10003,GLASS JAR CANDLE,1,12/20/2019 01:00,2.31,17756.0,United Kingdom
537415,10006,PACK OF 72 RETRO SPOT CAKE CASES,5,01/27/2020 14:00,1.15,13474.0,United Kingdom
537173,10001,WOODEN PICTURE FRAME,1,01/11/2020 09:00,1.38,14373.0,United Kingdom
536913,10003,GLASS JAR CANDLE,8,12/25/2019 22:00,1.34,17430.0,Germany
537486,10016,VINTAGE SNAKES AND LADDERS,3,12/23/2019 08:00,1.19,,United Kingdom
537552,10017,WOODEN FRAME ANTIQUE WHITE,26,12/19/2019 17:00,6.99,,United Kingdom
538048,10005,SET OF 3 CAKE TINS,12,01/09/2020 12:00,5.31,17961.0,Belgium
537523,10018,ALARM CLOCK BAKELIKE RED,1,11/22/2019 11:00,0.97,12939.0,United Kingdom
538230,10002,RED WOOLLY HOTTIE MUG,1,01/02/2020 02:00,0.74,13188.0,United Kingdom
537914,10000,WHITE HANGING HEART T-LIGHT HOLDER,2,11/25/2019 17:00,2.1,,United Kingdom
536512,10007,REGENCY CAKESTAND 3 TIER,1,01/21/2020 17:00,21.23,15168.0,United Kingdom
537100,10005,SET OF 3 CAKE TINS,25,02/12/2020 19:00,0.88,,Germany
537086,10001,WOODEN PICTURE FRAME,4,12/31/2019 22:00,2.09,,France
536370,10016,VINTAGE SNAKES AND LADDERS,10,12/17/2019 12:00,2.69,,United Kingdom
536703,10019,HAND WARMER OWL DESIGN,3,02/21/2020 21:00,2.21,13754.0,United Kingdom
537794,10005,SET OF 3 CAKE TINS,3,01/19/2020 04:00,1.56,,France
537025,10006,PACK OF 72 RETRO SPOT CAKE CASES,4,12/22/2019 09:00,7.81,13400.0,United Kingdom
536642,10014,STRAWBERRY CERAMIC TRINKET BOX,12,11/04/2019 10:00,3.87,13218.0,United Kingdom
536904,10018,ALARM CLOCK BAKELIKE RED,6,11/02/2019 21:00,5.73,13018.0,United Kingdom
536880,10005,SET OF 3 CAKE TINS,1,11/27/2019 14:00,4.43,17649.0,United Kingdom
536692,10013,SPACEBOY LUNCH BOX,21,11/29/2019 08:00,6.01,12761.0,United Kingdom
536554,10000,WHITE HANGING HEART T-LIGHT HOLDER,3,01/26/2020 14:00,11.99,15414.0,Switzerland
537797,10011,RECIPE BOX PANTRY DESIGN,3,12/31/2019 02:00,9.31,15364.0,United Kingdom
537910,10019,HAND WARMER OWL DESIGN,1,02/29/2020 00:00,25.15,,United Kingdom
537295,10009,PARTY BUNTING,8,01/04/2020 21:00,8.31,17348.0,United Kingdom
537518,10012,ROUND SNACK BOXES SET OF 4,4,02/17/2020 09:00,1.26,15320.0,United Kingdom
538088,10013,SPACEBOY LUNCH BOX,4,01/06/2020 07:00,5.74,13099.0,Netherlands
537944,10012,ROUND SNACK BOXES SET OF 4,3,12/13/2019 23:00,5.0,13110.0,Germany
536426,10013,SPACEBOY LUNCH BOX,2,01/25/2020 18:00,16.78,16508.0,United Kingdom
538151,10017,WOODEN FRAME ANTIQUE WHITE,3,12/24/2019 22:00,0.94,16027.0,United Kingdom
536490,10000,WHITE HANGING HEART T-LIGHT HOLDER,6,12/03/2019 23:00,4.3,14797.0,United Kingdom
536414,10017,WOODEN FRAME ANTIQUE WHITE,8,12/27/2019 19:00,1.24,14753.0,United Kingdom
537121,10018,ALARM CLOCK BAKELIKE RED,3,01/19/2020 19:00,4.11,12555.0,United Kingdom
537763,10018,ALARM CLOCK BAKELIKE RED,10,12/16/2019 01:00,1.98,12535.0,United Kingdom
536515,10007,REGENCY CAKESTAND 3 TIER,4,01/24/2020 12:00,3.97,15530.0,United Kingdom
536914,10011,RECIPE BOX PANTRY DESIGN,2,02/26/2020 17:00,0.6,14506.0,France
536857,10007,REGENCY CAKESTAND 3 TIER,5,12/20/2019 08:00,5.44,13843.0,United Kingdom
537110,10016,VINTAGE SNAKES AND LADDERS,1,12/06/2019 10:00,3.02,14598.0,EIRE
538213,10008,JUMBO BAG RED RETROSPOT,5,12/19/2019 06:00,2.86,15941.0,Spain
536986,10006,PACK OF 72 RETRO SPOT CAKE CASES,1,02/09/2020 15:00,17.29,14087.0,United Kingdom
536756,10013,SPACEBOY LUNCH BOX,1,11/22/2019 11:00,1.68,14421.0,France
536594,10000,WHITE HANGING HEART T-LIGHT HOLDER,1,02/25/2020 21:00,3.46,14026.0,United Kingdom
536736,10007,REGENCY CAKESTAND 3 TIER,3,12/20/2019 16:00,2.72,16305.0,Germany
536614,10004,VINTAGE UNION JACK BUNTING,20,02/10/2020 00:00,3.0,,United Kingdom
537440,10007,REGENCY CAKESTAND 3 TIER,4,02/03/2020 10:00,22.69,17802.0,United Kingdom
537153,10008,JUMBO BAG RED RETROSPOT,8,02/03/2020 01:00,2.62,15640.0,United Kingdom
537298,10001,WOODEN PICTURE FRAME,43,02/18/2020 02:00,1.39,,United Kingdom
537925,10017,WOODEN FRAME ANTIQUE WHITE,6,11/23/2019 04:00,15.97,16857.0,United Kingdom
537453,10008,JUMBO BAG RED RETROSPOT,2,01/11/2020 06:00,1.81,,United Kingdom
536655,10007,REGENCY CAKESTAND 3 TIER,2,11/12/2019 21:00,0.49,12691.0,United Kingdom
537071,10002,RED WOOLLY HOTTIE MUG,4,12/06/2019 22:00,1.17,13559.0,United Kingdom
536951,10019,HAND WARMER OWL DESIGN,2,11/05/2019 20:00,0.71,13201.0,United Kingdom
537915,10017,WOODEN FRAME ANTIQUE WHITE,2,01/21/2020 21:00,0.41,12765.0,United Kingdom
536940,10009,PARTY BUNTING,11,01/12/2020 22:00,1.71,,United Kingdom
536624,10006,PACK OF 72 RETRO SPOT CAKE CASES,11,01/28/2020 20:00,2.29,13490.0,United Kingdom
537745,10009,PARTY BUNTING,1,11/22/2019 03:00,8.01,,Germany
537168,10019,HAND WARMER OWL DESIGN,2,12/10/2019 21:00,4.62,17187.0,United Kingdom
536544,10004,VINTAGE UNION JACK BUNTING,3,01/21/2020 04:00,4.41,15980.0,France
537658,10013,SPACEBOY LUNCH BOX,7,02/08/2020 05:00,1.01,16371.0,United Kingdom
536759,10018,ALARM CLOCK BAKELIKE RED,13,02/15/2020 07:00,5.96,12926.0,Belgium
537992,10015,TRAVEL SEWING KIT,60,11/09/2019 20:00,9.89,18113.0,United Kingdom
537925,10017,WOODEN FRAME ANTIQUE WHITE,3,12/19/2019 07:00,3.65,12837.0,Netherlands
537057,10018,ALARM CLOCK BAKELIKE RED,3,11/02/2019 06:00,3.75,16563.0,United Kingdom
537406,10001,WOODEN PICTURE FRAME,7,02/07/2020 06:00,0.69,16144.0,United Kingdom
537429,10004,VINTAGE UNION JACK BUNTING,2,11/15/2019 18:00,7.06,14797.0,United Kingdom
537590,10002,RED WOOLLY HOTTIE MUG,4,02/07/2020 16:00,14.6,,United Kingdom
536494,10011,RECIPE BOX PANTRY DESIGN,3,11/19/2019 17:00,3.4,,United Kingdom
536974,10008,JUMBO BAG RED RETROSPOT,1,11/02/2019 20:00,1.36,12763.0,United Kingdom
536684,10000,WHITE HANGING HEART T-LIGHT HOLDER,5,02/14/2020 12:00,2.09,18038.0,United Kingdom
537672,10011,RECIPE BOX PANTRY DESIGN,3,12/23/2019 16:00,1.62,13778.0,United Kingdom
536494,10002,RED WOOLLY HOTTIE MUG,14,12/22/2019 00:00,1.72,,United Kingdom
537334,10008,JUMBO BAG RED RETROSPOT,4,01/17/2020 15:00,4.7,17222.0,France
537729,10007,REGENCY CAKESTAND 3 TIER,1,12/04/2019 00:00,3.25,15652.0,United Kingdom
538143,10017,WOODEN FRAME ANTIQUE WHITE,3,01/22/2020 22:00,6.71,17474.0,EIRE
536905,10013,SPACEBOY LUNCH BOX,1,12/22/2019 12:00,3.56,17251.0,France
536379,10012,ROUND SNACK BOXES SET OF 4,1,12/03/2019 17:00,1.04,15450.0,United Kingdom
537722,10016,VINTAGE SNAKES AND LADDERS,8,12/18/2019 09:00,1.49,13409.0,United Kingdom
536367,10003,GLASS JAR CANDLE,3,11/01/2019 17:00,1.4,,Switzerland
536489,10005,SET OF 3 CAKE TINS,10,12/07/2019 04:00,2.04,17694.0,United Kingdom
538222,10015,TRAVEL SEWING KIT,1,01/10/2020 23:00,14.8,13550.0,United Kingdom
537982,10014,STRAWBERRY CERAMIC TRINKET BOX,3,11/17/2019 13:00,17.37,18284.0,United Kingdom
537691,10000,WHITE HANGING HEART T-LIGHT HOLDER,3,11/15/2019 05:00,5.68,13425.0,Switzerland
537931,10004,VINTAGE UNION JACK BUNTING,11,01/18/2020 17:00,2.77,16297.0,United Kingdom
536506,10004,VINTAGE UNION JACK BUNTING,8,12/22/2019 09:00,0.63,,United Kingdom
536531,10000,WHITE HANGING HEART T-LIGHT HOLDER,8,11/17/2019 09:00,3.06,13509.0,United Kingdom
536929,10013,SPACEBOY LUNCH BOX,19,01/29/2020 18:00,1.12,15151.0,United Kingdom
536409,10001,WOODEN PICTURE FRAME,3,02/02/2020 01:00,12.56,13204.0,United Kingdom
538030,10016,VINTAGE SNAKES AND LADDERS,15,11/05/2019 04:00,0.49,14513.0,United Kingdom
536470,10011,RECIPE BOX PANTRY DESIGN,1,11/25/2019 05:00,3.61,,United Kingdom
537385,10015,TRAVEL SEWING KIT,1,12/15/2019 10:00,1.03,12668.0,United Kingdom
537965,10009,PARTY BUNTING,9,01/27/2020 19:00,2.44,17522.0,France
537743,10019,HAND WARMER OWL DESIGN,1,11/09/2019 21:00,4.79,16371.0,United Kingdom
536805,10005,SET OF 3 CAKE TINS,7,02/05/2020 16:00,6.83,16793.0,EIRE
537246,10011,RECIPE BOX PANTRY DESIGN,4,12/09/2019 08:00,2.31,14022.0,United Kingdom
537393,10000,WHITE HANGING HEART T-LIGHT HOLDER,12,11/16/2019 01:00,5.27,17984.0,United Kingdom
537804,10016,VINTAGE SNAKES AND LADDERS,4,02/12/2020 15:00,1.27,13851.0,United Kingdom
537164,10011,RECIPE BOX PANTRY DESIGN,4,11/11/2019 09:00,3.14,15336.0,United Kingdom
536899,10003,GLASS JAR CANDLE,7,11/16/2019 13:00,6.7,12564.0,France
537856,10016,VINTAGE SNAKES AND LADDERS,2,02/22/2020 23:00,3.43,,Switzerland
538027,10019,HAND WARMER OWL DESIGN,2258,01/02/2020 08:00,1.45,16531.0,Germany
537281,10001,WOODEN PICTURE FRAME,7,12/26/2019 14:00,1.86,,United Kingdom
536417,10016,VINTAGE SNAKES AND LADDERS,4,01/22/2020 12:00,6.79,16279.0,United Kingdom
537303,10014,STRAWBERRY CERAMIC TRINKET BOX,3,01/15/2020 15:00,0.83,13432.0,Australia
538032,10007,REGENCY CAKESTAND 3 TIER,4,01/13/2020 15:00,0.96,14986.0,Australia
538219,10012,ROUND SNACK BOXES SET OF 4,20,11/03/2019 19:00,4.49,,France
537116,10015,TRAVEL SEWING KIT,3,01/06/2020 05:00,1.59,,United Kingdom
536646,10009,PARTY BUNTING,3,12/04/2019 10:00,0.58,14321.0,United Kingdom
537437,10013,SPACEBOY LUNCH BOX,1,02/05/2020 22:00,9.5,12422.0,United Kingdom
537922,10000,WHITE HANGING HEART T-LIGHT HOLDER,4,12/31/2019 16:00,0.82,14915.0,United Kingdom
538136,10018,ALARM CLOCK BAKELIKE RED,8,11/15/2019 20:00,2.01,17850.0,Switzerland
536462,10018,ALARM CLOCK BAKELIKE RED,9,02/15/2020 09:00,1.32,17088.0,United Kingdom
536909,10004,VINTAGE UNION JACK BUNTING,5,12/05/2019 03:00,1.83,,EIRE
537260,10009,PARTY BUNTING,11,12/03/2019 14:00,1.02,12663.0,France
536549,10004,VINTAGE UNION JACK BUNTING,8,02/21/2020 09:00,5.02,16842.0,United Kingdom
538026,10007,REGENCY CAKESTAND 3 TIER,12,02/02/2020 01:00,2.75,16628.0,United Kingdom
536575,10005,SET OF 3 CAKE TINS,11,02/12/2020 04:00,6.58,15656.0,United Kingdom
537612,10017,WOODEN FRAME ANTIQUE WHITE,19,01/19/2020 11:00,1.34,12870.0,United Kingdom
538087,10013,SPACEBOY LUNCH BOX,3,02/18/2020 07:00,20.76,14009.0,United Kingdom
537649,10016,VINTAGE SNAKES AND LADDERS,1,11/14/2019 20:00,0.37,17381.0,United Kingdom
537796,10015,TRAVEL SEWING KIT,8,01/12/2020 00:00,0.5,,United Kingdom
536858,10014,STRAWBERRY CERAMIC TRINKET BOX,9,12/06/2019 05:00,14.2,13545.0,EIRE
537916,10003,GLASS JAR CANDLE,19,12/18/2019 19:00,3.95,15032.0,Germany
537149,10016,VINTAGE SNAKES AND LADDERS,15,11/29/2019 13:00,3.46,16712.0,Germany
536479,10015,TRAVEL SEWING KIT,28,11/25/2019 14:00,3.79,17266.0,United Kingdom
537052,10002,RED WOOLLY HOTTIE MUG,8,12/24/2019 02:00,4.35,15862.0,United Kingdom
537020,10001,WOODEN PICTURE FRAME,5,02/19/2020 05:00,3.32,,United Kingdom
537342,10015,TRAVEL SEWING KIT,1,01/16/2020 06:00,0.94,14636.0,United Kingdom
536861,10007,REGENCY CAKESTAND 3 TIER,6,12/12/2019 22:00,5.57,12605.0,United Kingdom
537231,10006,PACK OF 72 RETRO SPOT CAKE CASES,2,12/23/2019 00:00,4.76,,United Kingdom
537167,10007,REGENCY CAKESTAND 3 TIER,5,01/03/2020 14:00,10.26,13621.0,Belgium
536977,10017,WOODEN FRAME ANTIQUE WHITE,4,11/30/2019 08:00,14.36,12687.0,France
537670,10007,REGENCY CAKESTAND 3 TIER,6,01/02/2020 13:00,3.42,16772.0,United Kingdom
536937,10007,REGENCY CAKESTAND 3 TIER,4,01/23/2020 12:00,0.72,14445.0,Germany
537800,10007,REGENCY CAKESTAND 3 TIER,10,11/30/2019 04:00,14.48,15373.0,United Kingdom
536835,10001,WOODEN PICTURE FRAME,1,01/10/2020 03:00,0.89,13537.0,United Kingdom
537986,10000,WHITE HANGING HEART T-LIGHT HOLDER,5,01/25/2020 00:00,3.45,15858.0,United Kingdom
537049,10008,JUMBO BAG RED RETROSPOT,13,01/02/2020 08:00,1.9,13153.0,France
536441,10000,WHITE HANGING HEART T-LIGHT HOLDER,26,12/06/2019 01:00,1.6,16372.0,Australia
536646,10015,TRAVEL SEWING KIT,8,01/06/2020 13:00,5.28,16733.0,United Kingdom
537876,10008,JUMBO BAG RED RETROSPOT,22,02/04/2020 05:00,3.14,,Germany
538000,10010,LUNCH BAG WOODLAND,5,11/27/2019 15:00,4.11,13608.0,United Kingdom
536762,10006,PACK OF 72 RETRO SPOT CAKE CASES,4,01/08/2020 23:00,1.09,,United Kingdom
537493,10015,TRAVEL SEWING KIT,7,01/21/2020 16:00,2.07,13671.0,Spain
537441,10008,JUMBO BAG RED RETROSPOT,4,12/09/2019 14:00,1.14,,United Kingdom
536615,10000,WHITE HANGING HEART T-LIGHT HOLDER,2,12/17/2019 12:00,2.02,,United Kingdom
537212,10009,PARTY BUNTING,2,02/15/2020 16:00,2.18,18088.0,United Kingdom
537665,10003,GLASS JAR CANDLE,1,12/14/2019 15:00,15.55,15094.0,France
538178,10011,RECIPE BOX PANTRY DESIGN,7,01/11/2020 19:00,1.9,13906.0,Portugal
537954,10011,RECIPE BOX PANTRY DESIGN,4,11/18/2019 23:00,0.29,15397.0,United Kingdom
536548,10009,PARTY BUNTING,3,02/20/2020 03:00,9.93,14415.0,France
536810,10007,REGENCY CAKESTAND 3 TIER,2,01/11/2020 15:00,3.85,16294.0,United Kingdom
537183,10011,RECIPE BOX PANTRY DESIGN,7,01/31/2020 06:00,2.16,14953.0,United Kingdom
536647,10013,SPACEBOY LUNCH BOX,9,01/12/2020 08:00,1.59,15842.0,United Kingdom
537435,10017,WOODEN FRAME ANTIQUE WHITE,1,12/13/2019 16:00,0.95,,United Kingdom
536381,10019,HAND WARMER OWL DESIGN,1,12/11/2019 20:00,17.08,,United Kingdom
536577,10001,WOODEN PICTURE FRAME,11,01/24/2020 04:00,2.59,,United Kingdom
536453,10013,SPACEBOY LUNCH BOX,1,02/12/2020 05:00,0.43,14686.0,United Kingdom
536919,10001,WOODEN PICTURE FRAME,7,11/16/2019 07:00,3.41,18071.0,United Kingdom
537794,10008,JUMBO BAG RED RETROSPOT,20,02/10/2020 11:00,8.22,13925.0,Germany
536697,10014,STRAWBERRY CERAMIC TRINKET BOX,20,02/08/2020 15:00,2.88,17130.0,EIRE
538215,10010,LUNCH BAG WOODLAND,8,11/14/2019 02:00,1.0,16563.0,United Kingdom
536870,10016,VINTAGE SNAKES AND LADDERS,8,11/13/2019 23:00,0.91,15482.0,United Kingdom
536449,10018,ALARM CLOCK BAKELIKE RED,39,01/23/2020 10:00,0.98,14232.0,United Kingdom
536994,10019,HAND WARMER OWL DESIGN,1,02/10/2020 04:00,11.26,,France
537767,10013,SPACEBOY LUNCH BOX,3,12/18/2019 06:00,2.29,17393.0,United Kingdom
536564,10013,SPACEBOY LUNCH BOX,9,01/16/2020 21:00,0.46,,United Kingdom
536499,10016,VINTAGE SNAKES AND LADDERS,3,02/29/2020 00:00,3.61,15828.0,United Kingdom
537957,10004,VINTAGE UNION JACK BUNTING,14,12/09/2019 17:00,2.83,16889.0,United Kingdom
537475,10006,PACK OF 72 RETRO SPOT CAKE CASES,4,11/28/2019 00:00,1.57,16112.0,United Kingdom
537008,10006,PACK OF 72 RETRO SPOT CAKE CASES,5,02/28/2020 00:00,0.89,13202.0,United Kingdom
537782,10014,STRAWBERRY CERAMIC TRINKET BOX,3,12/04/2019 16:00,0.85,15368.0,United Kingdom
537948,10007,REGENCY CAKESTAND 3 TIER,2,12/27/2019 17:00,7.29,13433.0,France
537038,10002,RED WOOLLY HOTTIE MUG,2,12/24/2019 01:00,3.15,17862.0,United Kingdom
537417,10015,TRAVEL SEWING KIT,5,01/02/2020 19:00,3.97,14435.0,EIRE
536385,10014,STRAWBERRY CERAMIC TRINKET BOX,2,12/03/2019 06:00,3.14,14850.0,United Kingdom
536938,10011,RECIPE BOX PANTRY DESIGN,11,01/21/2020 12:00,3.41,17440.0,United Kingdom
537480,10017,WOODEN FRAME ANTIQUE WHITE,8,01/23/2020 01:00,1.54,14882.0,United Kingdom
536734,10015,TRAVEL SEWING KIT,12,11/25/2019 01:00,2.0,,United Kingdom
538223,10018,ALARM CLOCK BAKELIKE RED,1,12/28/2019 17:00,7.88,17651.0,United Kingdom
538185,10005,SET OF 3 CAKE TINS,1,11/07/2019 21:00,10.12,16195.0,EIRE
536848,10002,RED WOOLLY HOTTIE MUG,4,11/27/2019 12:00,0.72,15939.0,United Kingdom
537108,10006,PACK OF 72 RETRO SPOT CAKE CASES,74,02/27/2020 12:00,2.0,12795.0,United Kingdom
536720,10016,VINTAGE SNAKES AND LADDERS,14,12/31/2019 18:00,5.69,15014.0,Spain
537309,10018,ALARM CLOCK BAKELIKE RED,2,01/14/2020 18:00,16.15,,United Kingdom
536597,10002,RED WOOLLY HOTTIE MUG,6,02/15/2020 16:00,14.61,13903.0,United Kingdom
537098,10017,WOODEN FRAME ANTIQUE WHITE,8,01/25/2020 16:00,1.11,15699.0,United Kingdom
537406,10009,PARTY BUNTING,1,02/04/2020 02:00,8.8,13801.0,Belgium
537512,10016,VINTAGE SNAKES AND LADDERS,16,01/25/2020 11:00,2.61,15143.0,United Kingdom
537483,10013,SPACEBOY LUNCH BOX,3,12/30/2019 21:00,6.99,17107.0,United Kingdom
536780,10001,WOODEN PICTURE FRAME,4,01/15/2020 22:00,5.41,16714.0,United Kingdom
537850,10009,PARTY BUNTING,4,12/05/2019 15:00,0.69,,Germany
537662,10001,WOODEN PICTURE FRAME,13,02/15/2020 21:00,4.26,13578.0,United Kingdom
537777,10006,PACK OF 72 RETRO SPOT CAKE CASES,2,11/22/2019 14:00,6.72,,Germany
537242,10015,TRAVEL SEWING KIT,1,02/15/2020 03:00,2.41,14398.0,Spain
538038,10013,SPACEBOY LUNCH BOX,6,02/14/2020 10:00,1.92,12461.0,United Kingdom
537095,10014,STRAWBERRY CERAMIC TRINKET BOX,1,11/18/2019 01:00,0.51,13107.0,United Kingdom
537875,10013,SPACEBOY LUNCH BOX,3,01/25/2020 05:00,4.87,,United Kingdom
536746,10000,WHITE HANGING HEART T-LIGHT HOLDER,13,02/27/2020 19:00,3.03,17429.0,United Kingdom
536828,10011,RECIPE BOX PANTRY DESIGN,7,01/08/2020 16:00,0.98,15671.0,United Kingdom
537352,10009,PARTY BUNTING,12,12/11/2019 20:00,1.78,16947.0,United Kingdom
537407,10010,LUNCH BAG WOODLAND,8,02/14/2020 13:00,2.87,15251.0,Germany
537764,10004,VINTAGE UNION JACK BUNTING,45,01/01/2020 12:00,1.41,,United Kingdom
536922,10014,STRAWBERRY CERAMIC TRINKET BOX,2,11/15/2019 14:00,2.47,17799.0,United Kingdom
538001,10012,ROUND SNACK BOXES SET OF 4,6,11/30/2019 22:00,0.43,12813.0,France
536983,10008,JUMBO BAG RED RETROSPOT,3,01/21/2020 22:00,9.48,,United Kingdom
537366,10001,WOODEN PICTURE FRAME,11,12/25/2019 15:00,2.5,13053.0,Switzerland
538112,10001,WOODEN PICTURE FRAME,4,11/27/2019 00:00,0.82,17069.0,United Kingdom
537376,10007,,23,02/04/2020 22:00,0.25,,United Kingdom
537643,10010,LUNCH BAG WOODLAND,2,11/15/2019 11:00,6.88,16634.0,United Kingdom
538068,10019,HAND WARMER OWL DESIGN,17,11/27/2019 07:00,4.3,15963.0,United Kingdom
538192,10014,STRAWBERRY CERAMIC TRINKET BOX,7,12/26/2019 21:00,3.04,15180.0,Netherlands
537301,10009,PARTY BUNTING,4,11/05/2019 17:00,5.83,12485.0,United Kingdom
537146,10005,SET OF 3 CAKE TINS,7,12/17/2019 12:00,5.82,,United Kingdom
536734,10003,GLASS JAR CANDLE,5,02/18/2020 05:00,2.99,17657.0,United Kingdom
537372,10002,RED WOOLLY HOTTIE MUG,6,02/21/2020 23:00,1.91,18083.0,United Kingdom
538086,10001,WOODEN PICTURE FRAME,3,02/13/2020 16:00,1.62,,United Kingdom
537278,10018,ALARM CLOCK BAKELIKE RED,2,12/09/2019 21:00,3.75,13537.0,United Kingdom
537018,10000,WHITE HANGING HEART T-LIGHT HOLDER,3,11/08/2019 18:00,9.94,16231.0,United Kingdom
536566,10017,WOODEN FRAME ANTIQUE WHITE,1,02/06/2020 19:00,2.22,12450.0,United Kingdom
537095,10011,RECIPE BOX PANTRY DESIGN,9,12/15/2019 19:00,10.77,12704.0,Germany
536808,10012,ROUND SNACK BOXES SET OF 4,1,01/29/2020 21:00,3.57,17226.0,Germany
538196,10019,HAND WARMER OWL DESIGN,3,11/15/2019 07:00,3.6,,United Kingdom
537354,10015,TRAVEL SEWING KIT,8,01/20/2020 04:00,27.25,,Belgium
536621,10002,RED WOOLLY HOTTIE MUG,9,01/10/2020 09:00,12.84,15362.0,United Kingdom
536491,10019,HAND WARMER OWL DESIGN,1,02/19/2020 11:00,13.18,15580.0,United Kingdom
537960,10003,GLASS JAR CANDLE,4,11/13/2019 05:00,1.11,13168.0,Spain
538111,10011,RECIPE BOX PANTRY DESIGN,6,12/19/2019 23:00,22.03,13667.0,United Kingdom
537795,10012,ROUND SNACK BOXES SET OF 4,4,02/27/2020 20:00,2.27,14119.0,United Kingdom
536597,10004,VINTAGE UNION JACK BUNTING,16,12/17/2019 18:00,1.96,17347.0,United Kingdom
536549,10012,ROUND SNACK BOXES SET OF 4,2,01/18/2020 23:00,0.28,14948.0,United Kingdom
536736,10012,ROUND SNACK BOXES SET OF 4,1,11/20/2019 07:00,3.41,16630.0,United Kingdom
537773,10019,HAND WARMER OWL DESIGN,9,01/27/2020 10:00,0.83,,United Kingdom
537799,10018,ALARM CLOCK BAKELIKE RED,2,12/04/2019 02:00,3.7,18009.0,United Kingdom
537935,10007,REGENCY CAKESTAND 3 TIER,1,01/08/2020 16:00,0.77,17594.0,United Kingdom
536546,10013,SPACEBOY LUNCH BOX,3,02/14/2020 14:00,14.85,15169.0,Portugal
536652,10016,VINTAGE SNAKES AND LADDERS,14,01/19/2020 08:00,4.27,13686.0,United Kingdom
538053,10000,WHITE HANGING HEART T-LIGHT HOLDER,1,12/27/2019 22:00,24.04,18147.0,United Kingdom
538106,10013,SPACEBOY LUNCH BOX,42,11/23/2019 19:00,0.88,17147.0,United Kingdom
537725,10018,ALARM CLOCK BAKELIKE RED,2,12/11/2019 23:00,11.58,,United Kingdom
536563,10002,RED WOOLLY HOTTIE MUG,4,02/10/2020 22:00,0.41,,United Kingdom
536493,10015,TRAVEL SEWING KIT,1,11/26/2019 22:00,3.03,16037.0,United Kingdom
536469,10001,WOODEN PICTURE FRAME,4,01/18/2020 18:00,1.31,,United Kingdom
537662,10008,JUMBO BAG RED RETROSPOT,4,12/29/2019 05:00,1.57,16350.0,United Kingdom
537951,10016,VINTAGE SNAKES AND LADDERS,1,12/09/2019 12:00,1.47,17291.0,France
537549,10019,HAND WARMER OWL DESIGN,68,01/26/2020 00:00,0.99,15255.0,United Kingdom
536856,10014,STRAWBERRY CERAMIC TRINKET BOX,2,12/14/2019 11:00,0.7,,United Kingdom
537785,10014,STRAWBERRY CERAMIC TRINKET BOX,2,12/05/2019 09:00,1.58,15689.0,United Kingdom
536475,10005,SET OF 3 CAKE TINS,11,01/03/2020 12:00,2.76,17447.0,United Kingdom
537917,10016,VINTAGE SNAKES AND LADDERS,25,01/30/2020 22:00,7.88,,United Kingdom
538037,10013,SPACEBOY LUNCH BOX,13,02/12/2020 17:00,3.3,18045.0,Spain
537711,10018,ALARM CLOCK BAKELIKE RED,1,01/15/2020 14:00,7.9,,United Kingdom
538013,10012,ROUND SNACK BOXES SET OF 4,5,01/19/2020 11:00,0.56,16410.0,United Kingdom
537464,10000,WHITE HANGING HEART T-LIGHT HOLDER,1,02/03/2020 12:00,1.6,16516.0,United Kingdom
537243,10010,LUNCH BAG WOODLAND,10,12/03/2019 07:00,5.01,13427.0,United Kingdom
536969,10015,TRAVEL SEWING KIT,1,12/01/2019 02:00,3.47,12577.0,Germany
538093,10015,TRAVEL SEWING KIT,2,12/29/2019 02:00,1.04,17982.0,United Kingdom
537672,10007,REGENCY CAKESTAND 3 TIER,4,01/15/2020 17:00,6.26,,United Kingdom
536722,10003,GLASS JAR CANDLE,6,01/17/2020 13:00,1.45,16096.0,United Kingdom
538159,10017,WOODEN FRAME ANTIQUE WHITE,3,11/19/2019 10:00,1.13,14150.0,United Kingdom
536476,10016,VINTAGE SNAKES AND LADDERS,19,02/02/2020 16:00,4.0,12988.0,Belgium
537466,10017,WOODEN FRAME ANTIQUE WHITE,8,12/14/2019 16:00,2.47,13960.0,Switzerland
536722,10013,SPACEBOY LUNCH BOX,8,02/14/2020 07:00,1.46,15600.0,United Kingdom
537610,10016,VINTAGE SNAKES AND LADDERS,1,01/26/2020 22:00,1.41,16466.0,United Kingdom
537138,10008,JUMBO BAG RED RETROSPOT,22,02/26/2020 23:00,0.84,14241.0,United Kingdom
537184,10015,TRAVEL SEWING KIT,2,01/15/2020 19:00,1.66,13622.0,United Kingdom
537624,10009,PARTY BUNTING,23,01/03/2020 07:00,7.39,13828.0,United Kingdom
537782,10015,TRAVEL SEWING KIT,31,11/23/2019 13:00,3.14,18059.0,Belgium
537077,10002,RED WOOLLY HOTTIE MUG,7,12/18/2019 20:00,6.41,16091.0,United Kingdom
538235,10005,SET OF 3 CAKE TINS,11,02/12/2020 00:00,4.12,18231.0,United Kingdom
537299,10004,VINTAGE UNION JACK BUNTING,1,12/16/2019 20:00,6627.97,12383.0,United Kingdom
536665,10008,JUMBO BAG RED RETROSPOT,3,11/07/2019 09:00,0.47,15067.0,Germany
536376,10016,VINTAGE SNAKES AND LADDERS,12,11/30/2019 10:00,0.97,15063.0,Netherlands
536744,10002,RED WOOLLY HOTTIE MUG,10,01/11/2020 10:00,1.26,14730.0,United Kingdom
537660,10014,STRAWBERRY CERAMIC TRINKET BOX,1,01/15/2020 12:00,1.16,14672.0,United Kingdom
537376,10016,VINTAGE SNAKES AND LADDERS,3,02/27/2020 02:00,6.56,12815.0,EIRE
536998,10013,SPACEBOY LUNCH BOX,1,02/21/2020 02:00,6.49,,United Kingdom
537267,10012,ROUND SNACK BOXES SET OF 4,6,01/03/2020 19:00,22.46,16969.0,United Kingdom
537936,10002,RED WOOLLY HOTTIE MUG,1,01/06/2020 13:00,1.15,14963.0,United Kingdom
537436,10012,ROUND SNACK BOXES SET OF 4,13,02/05/2020 02:00,12.15,,United Kingdom
536473,10004,VINTAGE UNION JACK BUNTING,13,11/06/2019 20:00,12.08,14410.0,United Kingdom
536457,10004,VINTAGE UNION JACK BUNTING,3,01/11/2020 10:00,1.95,17889.0,Switzerland
537268,10017,WOODEN FRAME ANTIQUE WHITE,7,12/27/2019 21:00,3.95,,Portugal
537123,10012,ROUND SNACK BOXES SET OF 4,3,02/03/2020 00:00,8.51,,United Kingdom
537959,10019,HAND WARMER OWL DESIGN,5,02/05/2020 01:00,2.32,13305.0,United Kingdom
537458,10009,PARTY BUNTING,1,01/18/2020 16:00,2.15,13073.0,United Kingdom
537784,10007,REGENCY CAKESTAND 3 TIER,8,01/18/2020 21:00,1.31,,United Kingdom
537462,10019,HAND WARMER OWL DESIGN,1,01/22/2020 23:00,0.25,,United Kingdom
537012,10012,ROUND SNACK BOXES SET OF 4,1,01/09/2020 15:00,2.64,18175.0,United Kingdom
537597,10017,WOODEN FRAME ANTIQUE WHITE,4,11/28/2019 08:00,1.21,,United Kingdom
537530,10000,WHITE HANGING HEART T-LIGHT HOLDER,3,12/05/2019 03:00,0.84,13535.0,United Kingdom
537715,10010,LUNCH BAG WOODLAND,5,01/29/2020 01:00,3.75,,United Kingdom
536719,10016,VINTAGE SNAKES AND LADDERS,2,01/14/2020 05:00,0.58,,Germany
537567,10016,VINTAGE SNAKES AND LADDERS,27,11/29/2019 13:00,5.51,13412.0,United Kingdom
536900,10014,STRAWBERRY CERAMIC TRINKET BOX,5,02/14/2020 09:00,3.99,12871.0,Switzerland
537846,10003,GLASS JAR CANDLE,5,02/26/2020 17:00,1.65,16644.0,United Kingdom
537862,10010,LUNCH BAG WOODLAND,5,01/15/2020 03:00,2.31,16164.0,United Kingdom
537536,10002,RED WOOLLY HOTTIE MUG,11,11/28/2019 08:00,0.75,13335.0,Belgium
538140,10016,VINTAGE SNAKES AND LADDERS,7,02/21/2020 15:00,5.21,,United Kingdom
537372,10012,ROUND SNACK BOXES SET OF 4,6,11/29/2019 09:00,2.97,17605.0,France
536412,10003,GLASS JAR CANDLE,8,12/22/2019 21:00,3.2,17206.0,France
537501,10014,STRAWBERRY CERAMIC TRINKET BOX,1,02/12/2020 01:00,4.06,15043.0,Belgium
537823,10014,STRAWBERRY CERAMIC TRINKET BOX,1,01/02/2020 12:00,1.29,12686.0,United Kingdom
536554,10001,WOODEN PICTURE FRAME,4,11/30/2019 04:00,0.54,16117.0,United Kingdom
536561,10001,WOODEN PICTURE FRAME,3,11/10/2019 14:00,6.41,15412.0,United Kingdom
536877,10004,VINTAGE UNION JACK BUNTING,7,12/14/2019 07:00,4.9,17822.0,United Kingdom
537947,10001,WOODEN PICTURE FRAME,4,01/20/2020 16:00,1.44,15633.0,France
537353,10010,LUNCH BAG WOODLAND,7,01/25/2020 18:00,3.7,16730.0,United Kingdom
538195,10017,WOODEN FRAME ANTIQUE WHITE,1,11/27/2019 18:00,8.65,15485.0,United Kingdom
538001,10001,WOODEN PICTURE FRAME,4,11/20/2019 01:00,7.68,15559.0,United Kingdom
537405,10012,ROUND SNACK BOXES SET OF 4,1,01/24/2020 04:00,1.4,14231.0,Netherlands
537638,10008,JUMBO BAG RED RETROSPOT,6,11/20/2019 02:00,0.56,14738.0,United Kingdom
536985,10016,VINTAGE SNAKES AND LADDERS,1,11/08/2019 17:00,0.66,14104.0,United Kingdom
536534,10009,PARTY BUNTING,6,12/29/2019 09:00,1.8,,EIRE
537112,10013,SPACEBOY LUNCH BOX,1,01/08/2020 12:00,10.62,17999.0,United Kingdom
537475,10018,ALARM CLOCK BAKELIKE RED,3,11/30/2019 06:00,1.19,14375.0,United Kingdom
536706,10002,RED WOOLLY HOTTIE MUG,10,11/26/2019 08:00,1.35,15098.0,France
536780,10006,PACK OF 72 RETRO SPOT CAKE CASES,5,11/29/2019 06:00,1.33,17967.0,United Kingdom
536393,10005,SET OF 3 CAKE TINS,1,12/12/2019 03:00,1.45,13244.0,Netherlands
537741,10003,GLASS JAR CANDLE,2,11/02/2019 02:00,2.43,13848.0,United Kingdom
538051,10012,ROUND SNACK BOXES SET OF 4,1,11/02/2019 09:00,0.68,15275.0,United Kingdom
537916,10000,WHITE HANGING HEART T-LIGHT HOLDER,1,12/15/2019 11:00,7.27,14777.0,United Kingdom
537077,10007,REGENCY CAKESTAND 3 TIER,5,11/03/2019 09:00,2.13,14372.0,United Kingdom
537477,10002,RED WOOLLY HOTTIE MUG,7,12/09/2019 04:00,29.35,16969.0,United Kingdom
538166,10012,ROUND SNACK BOXES SET OF 4,6,01/09/2020 17:00,0.76,,United Kingdom
537473,10015,TRAVEL SEWING KIT,7,11/04/2019 17:00,12.06,14510.0,United Kingdom
536919,10009,PARTY BUNTING,4,01/14/2020 03:00,9.89,15191.0,Germany
536999,10008,JUMBO BAG RED RETROSPOT,3,01/14/2020 13:00,1.63,17613.0,Spain
537728,10008,JUMBO BAG RED RETROSPOT,1,01/08/2020 19:00,1.66,18191.0,United Kingdom
537201,10003,GLASS JAR CANDLE,3,01/15/2020 05:00,0.98,,United Kingdom
537934,10007,REGENCY CAKESTAND 3 TIER,1,02/06/2020 03:00,0.99,12584.0,United Kingdom
537985,10018,ALARM CLOCK BAKELIKE RED,2,11/09/2019 11:00,2.46,12532.0,United Kingdom
536432,10000,WHITE HANGING HEART T-LIGHT HOLDER,4,11/21/2019 06:00,2.51,14992.0,United Kingdom
537721,10015,TRAVEL SEWING KIT,4,12/09/2019 01:00,0.5,,Germany
537058,10003,GLASS JAR CANDLE,87,01/22/2020 14:00,24.37,12650.0,United Kingdom
537339,10002,RED WOOLLY HOTTIE MUG,1,02/13/2020 18:00,1.9,15365.0,Netherlands
536861,10005,SET OF 3 CAKE TINS,4,02/19/2020 06:00,2.63,14720.0,United Kingdom
537055,10005,SET OF 3 CAKE TINS,1,01/09/2020 21:00,1.31,17889.0,France
536984,10006,PACK OF 72 RETRO SPOT CAKE CASES,3,12/20/2019 05:00,1.88,15931.0,United Kingdom
536459,10016,VINTAGE SNAKES AND LADDERS,3,12/20/2019 10:00,1.72,14859.0,United Kingdom
537832,10018,ALARM CLOCK BAKELIKE RED,9,11/08/2019 04:00,2.45,15831.0,United Kingdom
536633,10013,SPACEBOY LUNCH BOX,3,12/26/2019 19:00,2.42,13151.0,United Kingdom
537069,10002,RED WOOLLY HOTTIE MUG,3,01/01/2020 13:00,5.5,15168.0,United Kingdom
536726,10018,ALARM CLOCK BAKELIKE RED,3,11/26/2019 00:00,3.09,,United Kingdom
536666,10016,VINTAGE SNAKES AND LADDERS,1,02/01/2020 04:00,4.97,,Belgium
537065,10001,WOODEN PICTURE FRAME,2,02/06/2020 11:00,2.44,14682.0,France
538087,10007,REGENCY CAKESTAND 3 TIER,3,12/07/2019 06:00,3.1,16142.0,United Kingdom
538135,10015,TRAVEL SEWING KIT,4,02/18/2020 17:00,1.93,,Portugal
537080,10001,WOODEN PICTURE FRAME,7,11/13/2019 20:00,6.71,,United Kingdom
537312,10001,WOODEN PICTURE FRAME,3,02/18/2020 07:00,3.4,,United Kingdom
538213,10012,ROUND SNACK BOXES SET OF 4,3,02/01/2020 04:00,2.1,,United Kingdom
536805,10006,PACK OF 72 RETRO SPOT CAKE CASES,1,11/27/2019 21:00,2.04,15615.0,United Kingdom
538136,10008,JUMBO BAG RED RETROSPOT,7,01/18/2020 01:00,2.21,,Spain
536563,10015,TRAVEL SEWING KIT,2,12/08/2019 07:00,2.54,17740.0,United Kingdom
536788,10010,LUNCH BAG WOODLAND,9,02/05/2020 00:00,2.32,16549.0,Spain
536999,10014,STRAWBERRY CERAMIC TRINKET BOX,15,11/20/2019 06:00,1.41,14863.0,United Kingdom
536434,10002,RED WOOLLY HOTTIE MUG,3,11/30/2019 09:00,5.29,15514.0,Switzerland
537894,10000,WHITE HANGING HEART T-LIGHT HOLDER,1,12/07/2019 21:00,5.63,,United Kingdom
537968,10005,SET OF 3 CAKE TINS,4,11/24/2019 23:00,14.64,17133.0,United Kingdom
537083,10004,VINTAGE UNION JACK BUNTING,6,12/10/2019 22:00,1.34,13705.0,United Kingdom
537933,10006,PACK OF 72 RETRO SPOT CAKE CASES,3,01/12/2020 08:00,4.79,,Netherlands
537813,10015,TRAVEL SEWING KIT,2,01/15/2020 23:00,0.36,17106.0,United Kingdom
537867,10003,GLASS JAR CANDLE,7,01/06/2020 11:00,5.64,12869.0,Portugal
537870,10002,RED WOOLLY HOTTIE MUG,7,11/23/2019 18:00,0.57,13948.0,United Kingdom
537440,10004,VINTAGE UNION JACK BUNTING,3,11/25/2019 07:00,0.92,13746.0,United Kingdom
536572,10006,PACK OF 72 RETRO SPOT CAKE CASES,1,02/19/2020 08:00,3.43,15790.0,United Kingdom
538096,10003,GLASS JAR CANDLE,6,12/01/2019 04:00,1.32,,United Kingdom
537506,10003,GLASS JAR CANDLE,2,11/13/2019 09:00,1.15,,United Kingdom
538054,10011,RECIPE BOX PANTRY DESIGN,5,12/25/2019 11:00,1.51,13469.0,United Kingdom
538163,10002,RED WOOLLY HOTTIE MUG,5,11/01/2019 19:00,5.1,12746.0,United Kingdom
536715,10003,GLASS JAR CANDLE,1,12/12/2019 03:00,0.97,15075.0,United Kingdom
537119,10016,VINTAGE SNAKES AND LADDERS,4,02/11/2020 15:00,2.33,14245.0,United Kingdom
536725,10000,WHITE HANGING HEART T-LIGHT HOLDER,7,12/03/2019 02:00,1.68,15343.0,United Kingdom
536460,10001,WOODEN PICTURE FRAME,8,01/24/2020 11:00,5.58,,United Kingdom
538177,10001,WOODEN PICTURE FRAME,5,12/29/2019 19:00,5.74,14047.0,EIRE
538096,10010,LUNCH BAG WOODLAND,1,12/13/2019 15:00,0.39,17649.0,United Kingdom
538112,10013,SPACEBOY LUNCH BOX,15,01/19/2020 09:00,6.99,,United Kingdom
538021,10013,SPACEBOY LUNCH BOX,6,01/11/2020 11:00,1.34,13927.0,Portugal
537581,10013,SPACEBOY LUNCH BOX,1,12/09/2019 04:00,3.12,,United Kingdom
537344,10001,WOODEN PICTURE FRAME,2,11/27/2019 20:00,0.96,,United Kingdom
538224,10006,PACK OF 72 RETRO SPOT CAKE CASES,5,02/19/2020 01:00,3.56,16391.0,Netherlands
537400,10012,ROUND SNACK BOXES SET OF 4,8,11/21/2019 05:00,31.54,15271.0,United Kingdom
537569,10013,SPACEBOY LUNCH BOX,2,02/24/2020 04:00,2.79,16501.0,Germany
536762,10006,PACK OF 72 RETRO SPOT CAKE CASES,9,12/27/2019 13:00,1.55,,United Kingdom
537765,10016,VINTAGE SNAKES AND LADDERS,1,02/28/2020 15:00,1.95,14889.0,United Kingdom
537901,10016,VINTAGE SNAKES AND LADDERS,1,12/13/2019 09:00,0.57,14670.0,United Kingdom
537637,10015,TRAVEL SEWING KIT,1,01/07/2020 21:00,10.47,16628.0,United Kingdom
537299,10015,TRAVEL SEWING KIT,2,01/13/2020 20:00,3.36,13435.0,United Kingdom
